Product Name,Price,Original Price,Rating,Brand,Ratings Count,Processor,Reviews Count,RAM (GB),Storage (GB),Discount (%),Screen Size (cm),Battery (mAh)
"vivo T5x 5G (Cyber Green, 128 GB)",22999,28999,4.4,vivo,5072,Dimensity 7400-Turbo,344,6.0,128.0,20.0,17.17,7200.0
"Ai+ Pulse 2 (Blue, 64 GB)",8999,10999,4.3,Ai,1512,T7250,98,4.0,64.0,18.0,17.13,6000.0
"IQOO Z11x 5G (Prismatic Green, 128 GB)",21645,28999,4.4,IQOO,384,,31,6.0,128.0,25.0,17.02,7200.0
"Ai+ Pulse 2 (Green, 64 GB)",8999,10999,4.3,Ai,1512,T7250,98,4.0,64.0,18.0,17.13,6000.0
"IQOO Z11x 5G (Titan Black, 128 GB)",21972,28999,4.4,IQOO,384,,31,6.0,128.0,24.0,17.02,7200.0
Kechaoda A27,899,1499,4.0,Kechaoda,16828,NA,888,,,40.0,1.68,800.0
HOTLINE TIGER,599,999,3.5,HOTLINE,54,,1,,,40.0,4.5,2500.0
"Nokia 105 Classic Single Sim Keypad Phone, Without Charger",1042,1349,4.0,Nokia,14423,SC6531E,591,,,22.0,4.5,800.0
"Ai+ Pulse 1 (Blue, 64 GB)",7999,1499,4.2,Ai,42010,T615,2778,4.0,64.0,20.0,17.13,5000.0
"Ai+ Pulse 2 (Purple, 64 GB)",8999,10999,4.3,Ai,1512,T7250,98,4.0,64.0,18.0,17.13,6000.0
"MOTOROLA g06 power (Pantone tapestry, 64 GB)",9999,1499,4.2,MOTOROLA,15153,Helio G81,894,4.0,64.0,20.0,17.48,7000.0
Jmax MINI,777,1499,3.7,Jmax,262,,8,,,48.0,2.54,800.0
"REDMI A5 (Pondicherry Blue, 64 GB)",8999,1499,4.1,REDMI,8118,T7250,390,3.0,64.0,20.0,17.48,5200.0
"IQOO Z10 5G (Glacier Silver / Silver, 128 GB)",24575,25999,4.4,IQOO,6592,,333,8.0,128.0,5.0,17.02,7300.0
"IQOO Z11x 5G (Prismatic Green, 128 GB)",22897,30999,4.3,IQOO,573,,51,8.0,128.0,26.0,17.02,7200.0
"REDMI A5 (Jaisalmer Gold, 64 GB)",8999,1499,4.1,REDMI,8118,T7250,390,3.0,64.0,20.0,17.48,5200.0
"IQOO Z11x 5G (Titan Black, 256 GB)",26688,33999,4.3,IQOO,573,,51,8.0,256.0,21.0,17.02,7200.0
"realme P4 Lite (Beach Gold, 128 GB)",12999,13999,4.2,realme,1759,T7250,79,4.0,128.0,7.0,17.14,6300.0
"MOTOROLA g35 5G (Leaf Green, 128 GB)",12499,1499,4.2,MOTOROLA,133905,T760,8228,4.0,128.0,20.0,17.07,5000.0
Kechaoda K115,999,1499,4.1,Kechaoda,44068,,2724,,,33.0,3.66,850.0
Kechaoda K115,997,1499,4.1,Kechaoda,44068,NA,2724,,,33.0,3.66,850.0
"Ai+ Pulse 2 (Pink, 128 GB)",9999,11999,3.9,Ai,1566,T7250,117,6.0,128.0,16.0,17.13,6000.0
"realme P4 Lite 5G (Mosaic Green, 64 GB)",13499,19999,4.2,realme,1715,Dimensity 6300,111,4.0,64.0,32.0,17.27,7000.0
"realme P4 Lite 5G (Mosaic Green, 64 GB)",13499,19999,4.2,realme,1715,Dimensity 6300,111,4.0,64.0,32.0,17.27,7000.0
Kechaoda A26,899,1499,4.0,Kechaoda,30888,NA,1653,,,40.0,1.68,800.0
"realme P4 Power 5G (TransSilver, 128 GB)",27999,32999,4.5,realme,3759,Dimensity 7400 Ultra,340,8.0,128.0,15.0,17.27,10001.0
"vivo T5x 5G (Cyber Green, 128 GB)",22999,28999,4.4,vivo,5072,Dimensity 7400-Turbo,344,6.0,128.0,20.0,17.17,7200.0
HOTLINE ROYAL,499,999,3.6,HOTLINE,2029,,85,,,50.0,4.57,1000.0
"IQOO Z11x 5G (Titan Black, 128 GB)",23712,30990,4.3,IQOO,573,,51,8.0,128.0,23.0,17.02,7200.0
Kechaoda K28,1269,1499,4.0,Kechaoda,5445,,392,,,15.0,6.1,1700.0
"REDMI A5 (Just Black, 64 GB)",8999,1499,4.1,REDMI,8118,T7250,390,3.0,64.0,20.0,17.48,5200.0
GFive A5-C,549,999,3.6,GFive,88,NA,4,,,45.0,4.57,1000.0
"realme P4x 5G (Matte Silver, 256 GB)",20999,1499,4.3,realme,4383,Dimensity 7400 Ultra,325,8.0,256.0,20.0,17.07,7000.0
HOTLINE H310,499,999,3.5,HOTLINE,7816,,497,,,50.0,4.57,1000.0
itel it5262,1427,1599,4.0,itel,2889,,151,,,10.0,6.1,2000.0
"MOTOROLA g06 power (Pantone Tendril, 64 GB)",9999,1499,4.2,MOTOROLA,15153,Helio G81,894,4.0,64.0,20.0,17.48,7000.0
"REDMI Note 15 SE 5G (Crimson Reserve, 128 GB)",19999,24999,4.2,REDMI,838,Snapdragon 6 Gen 3,95,6.0,128.0,20.0,17.2,5800.0
HOTLINE TIGER,599,999,3.5,HOTLINE,54,,1,,,40.0,4.5,2500.0
"Nokia 106 Single Sim Keypad Phone with Built-in UPI App, MP3 Player",1314,1699,3.9,Nokia,8684,SC6531E,463,,,22.0,17.02,1000.0
"Ai+ Pulse 1 (Green, 128 GB)",9999,1499,4.0,Ai,8675,T615,531,6.0,128.0,20.0,17.13,5000.0
"realme P4 5G (Steel Grey, 128 GB)",20999,1499,4.4,realme,20693,Mediatek Dimensity 7400,1377,6.0,128.0,20.0,17.2,7000.0
Kechaoda A27,899,2049,4.0,Kechaoda,16828,,888,,,56.0,4.27,800.0
HOTLINE H310,499,999,3.5,HOTLINE,7816,,497,,,50.0,4.57,1000.0
HOTLINE H310,499,999,3.5,HOTLINE,7816,,497,,,50.0,4.57,100.0
HOTLINE CLASSIC H17,500,999,3.8,HOTLINE,368,,15,,,49.0,4.57,1000.0
Micromax X778,1362,1999,3.9,Micromax,5429,,420,,,31.0,6.1,2700.0
"KARBONN K9 Jumbo,Dual Keypad Mobile,2.4 Big LCD,2MP Camera,1800mAh Battery,FM,Vibratore",1498,1890,4.2,KARBONN,1040,,44,,,20.0,6.1,1800.0
"realme Narzo 90x 5G (Maroon Red, 128 GB)",17720,17999,4.4,realme,655,,32,8.0,128.0,1.0,17.27,7000.0
"POCO C71 (Cool Blue, 128 GB)",9999,1499,4.1,POCO,36275,"Unisoc T7250
Max clock speed: 
2 x A75@1.8GHz
6 x A55@1.6GHz",1726,6.0,128.0,20.0,17.48,5200.0
"realme P4 Power 5G (TransSilver, 128 GB)",27999,32999,4.5,realme,3759,Dimensity 7400 Ultra,340,8.0,128.0,15.0,17.27,10001.0
"vivo T5x 5G (Cyber Green, 128 GB)",22999,28999,4.4,vivo,5072,Dimensity 7400-Turbo,344,6.0,128.0,20.0,17.17,7200.0
Kechaoda K115,999,1499,4.1,Kechaoda,44068,NA,2724,,,33.0,3.66,850.0
"POCO M8 (Carbon Black, 128 GB)",17999,21999,4.3,POCO,1049,,99,6.0,128.0,18.0,17.2,5520.0
"MOTOROLA g35 5G (Guava Red, 128 GB)",12499,1499,4.2,MOTOROLA,133905,T760,8228,4.0,128.0,20.0,17.07,5000.0
"MOTOROLA Edge 60 Fusion 5G (PANTONE Amazonite, 128 GB)",22999,24999,4.4,MOTOROLA,115882,Dimensity 7400,6741,8.0,128.0,8.0,16.94,5500.0
Jmax Super 1,599,999,3.8,Jmax,2924,,200,,,40.0,4.57,1100.0
"POCO M8 (Frost Silver, 128 GB)",17999,21999,4.3,POCO,1049,,99,6.0,128.0,18.0,17.2,5520.0
"POCO C75 5G (Aqua Bliss, 64 GB)",10999,1499,4.2,POCO,148975,4s Gen 2 5G,6745,4.0,64.0,20.0,17.48,5160.0
HOTLINE CLASSIC ULTRA,474,999,3.4,HOTLINE,1508,NA,64,,,52.0,4.57,1100.0
"POCO C75 5G (Enchanted Green, 128 GB)",11499,1499,4.2,POCO,148975,4s Gen 2 5G,6745,4.0,128.0,20.0,17.48,5160.0
"MOTOROLA g35 5G (Midnight Black, 128 GB)",12499,1499,4.2,MOTOROLA,133905,T760,8228,4.0,128.0,20.0,17.07,5000.0
Snexian ROCK X,1799,2999,3.7,Snexian,2973,,134,,,40.0,4.57,3000.0
"Nokia 105 Single SIM, Keypad Mobile Phone with Wireless FM Radio",1395,1399,4.0,Nokia,80255,SC6531E,4876,,,20.0,4.5,800.0
"Samsung M06 5G (Sage Green, 128 GB)",12288,15499,4.1,Samsung,1550,,94,4.0,128.0,20.0,17.02,5000.0
"Samsung Galaxy F07 (Green, 64 GB)",10399,11999,4.3,Samsung,5720,Helio G99,340,4.0,64.0,13.0,17.02,5000.0
"MOTOROLA g67 power 5G (Pantone Parachute, 128 GB)",18999,1499,4.3,MOTOROLA,15911,7s Gen 2,997,8.0,128.0,20.0,17.02,7000.0
"IQOO Z10R 5G (Moonstone, 128 GB)",22682,23499,4.4,IQOO,5070,,293,8.0,128.0,3.0,17.2,5700.0
LAVA A1 Josh,1049,1399,4.2,LAVA,23027,Mtk,2139,,,25.0,5.08,1000.0
Nokia All-New 105 Single Sim Keypad Phone with Built-in UPI Payments,1349,1599,3.7,Nokia,109635,SC6531E,6880,,,15.0,4.5,1000.0
Snexian ROCK X,1749,2999,3.7,Snexian,2973,,134,,,41.0,4.57,3000.0
HOTLINE CLASSIC ULTRA,499,999,3.4,HOTLINE,1508,NA,64,,,50.0,4.57,1100.0
"REDMI A4 (Starry Black, 128 GB)",14959,15999,4.2,REDMI,2706,Snapdragon 4s Gen 2 5G,95,6.0,128.0,6.0,17.48,5160.0
Kechaoda K115,999,1499,4.1,Kechaoda,44068,NA,2724,,,33.0,3.66,850.0
"POCO M7 Plus 5G (Chrome Silver, 128 GB)",15499,15999,4.0,POCO,2609,Snapdragon 6s Gen 3 5G,204,4.0,128.0,3.0,17.53,7000.0
LAVA A3 King,1231,1549,4.2,LAVA,30700,,2910,,,20.0,4.5,1750.0
"realme P4 Power 5G (TransSilver, 128 GB)",27999,32999,4.5,realme,3759,Dimensity 7400 Ultra,340,8.0,128.0,15.0,17.27,10001.0
"vivo T5x 5G (Cyber Green, 128 GB)",22999,28999,4.4,vivo,5072,Dimensity 7400-Turbo,344,6.0,128.0,20.0,17.17,7200.0
"Nokia 130 Music Dual Sim with Music Player, Dedicated Music Buttons",1959,2199,3.9,Nokia,25341,6261D,1394,,,10.0,6.1,1450.0
"IQOO Z10 5G (Glacier Silver / Silver, 256 GB)",27261,27999,4.4,IQOO,6592,,333,8.0,256.0,2.0,17.2,7300.0
"realme P4 Lite (Sea Blue, 128 GB)",12999,13999,4.2,realme,1759,T7250,79,4.0,128.0,7.0,17.14,6300.0
"IQOO Z10 5G (Stellar Black / Black, 128 GB)",24459,25999,4.4,IQOO,6592,,333,8.0,128.0,5.0,17.02,7300.0
Kechaoda 888,1799,1999,4.3,Kechaoda,614,,41,,,10.0,4.57,3000.0
Snexian ROCK X,1799,2999,3.7,Snexian,2973,,134,,,40.0,4.57,3000.0
"Ai+ Nova 2 5G (Purple, 128 GB)",12999,14999,4.3,Ai,359,T8200,15,6.0,128.0,13.0,17.13,6000.0
"realme P4 Lite 5G (Mosaic Green, 128 GB)",14499,20999,4.2,realme,1715,Dimensity 6300,111,4.0,128.0,30.0,17.27,7000.0
"Nokia 130 Music Dual Sim with Music Player, Dedicated Music Buttons",1959,2199,3.9,Nokia,25341,6261D,1394,,,10.0,6.1,1450.0
hmd 110 Dual Sim Keypad Phone with Built-in Scan & Pay UPI App,1269,1799,3.9,hmd,899,,59,,,29.0,5.08,1000.0
"Ai+ Pulse 1 (Black, 128 GB)",9999,1499,4.0,Ai,8675,T615,531,6.0,128.0,20.0,17.13,5000.0
"Samsung Galaxy M06 5G (Blazing Black, 64 GB)",11799,12499,4.1,Samsung,547,,36,4.0,64.0,5.0,17.02,5000.0
"realme P4 Lite 5G (Mosaic Green, 128 GB)",16499,22999,4.3,realme,522,Dimensity 6300,42,6.0,128.0,28.0,17.27,7000.0
"realme P4 Lite 5G (Mosaic Blue, 64 GB)",13499,19999,4.2,realme,1715,Dimensity 6300,111,4.0,64.0,32.0,17.27,7000.0
LAVA A1 Josh BOL,1069,1399,4.1,LAVA,24092,,1065,,,23.0,4.5,1000.0
"Ai+ Nova 5G (Purple, 128 GB)",10999,1499,4.1,Ai,26176,T8200,1815,6.0,128.0,20.0,17.13,5000.0
"IQOO Z10R 5G (Aquamarine, 256 GB)",26991,26999,4.3,IQOO,809,,54,12.0,256.0,20.0,17.2,5700.0
"OPPO K14x 5G (Prism Violet, 64 GB)",14999,19999,4.3,OPPO,2305,Dimensity 6300,142,4.0,64.0,25.0,17.14,6500.0
"realme P4 Power 5G (TransSilver, 128 GB)",27999,32999,4.5,realme,3759,Dimensity 7400 Ultra,340,8.0,128.0,15.0,17.27,10001.0
"vivo T5x 5G (Cyber Green, 128 GB)",22999,28999,4.4,vivo,5072,Dimensity 7400-Turbo,344,6.0,128.0,20.0,17.17,7200.0
"OPPO K14x 5G (Icy Blue, 64 GB)",14999,19999,4.3,OPPO,2305,Dimensity 6300,142,4.0,64.0,25.0,17.14,6500.0
HOTLINE TIGER,599,999,3.5,HOTLINE,54,,1,,,40.0,4.5,2500.0
KARBONN BHARAT K1 4G,999,1499,3.7,KARBONN,2287,,132,,,33.0,4.57,1000.0
"Samsung M36 5G (Serene Green / Light Green, 128 GB)",18467,24499,4.1,Samsung,657,,40,8.0,128.0,24.0,17.02,5000.0
LAVA A3 Torch,1339,1649,4.1,LAVA,926,Mtk,53,,,18.0,4.57,1750.0
"Samsung Galaxy M07 (Black, 64 GB)",9628,10999,4.3,Samsung,408,Helio G99,24,4.0,64.0,12.0,17.02,5000.0
Kechaoda K33,998,2200,4.0,Kechaoda,11218,NA,620,,32.0,54.0,3.66,800.0
Jmax Super 2,599,999,3.9,Jmax,2385,,186,,,40.0,4.57,1100.0
"realme P4x 5G (Lake Green, 256 GB)",20999,1499,4.3,realme,4383,Dimensity 7400 Ultra,325,8.0,256.0,20.0,17.07,7000.0
"realme Narzo 90X 5G (Marine Blue, 128 GB)",15722,15999,4.1,realme,74,Dimensity 6300,7,4.0,128.0,1.0,17.27,7000.0
Kechaoda A26,899,1499,4.0,Kechaoda,30888,NA,1653,,,40.0,1.68,800.0
"MOTOROLA g57 power 5G (Pantone Fluidity, 128 GB)",17999,1499,4.4,MOTOROLA,38536,6s Gen 4,2292,8.0,128.0,20.0,17.07,7000.0
Kechaoda K115,999,1499,4.1,Kechaoda,44068,NO,2724,,,33.0,3.66,850.0
G'Five U 339,599,999,3.8,G,148,,5,,,40.0,4.57,3000.0
"POCO M7 5G (Satin Black, 128 GB)",13499,13999,4.3,POCO,18381,4 Gen 2 5G,885,8.0,128.0,3.0,17.48,5160.0
"POCO C81x (Crystal Black, 64 GB)",9999,18999,3.9,POCO,9,T7250,1,3.0,64.0,47.0,17.48,5200.0
"Nokia 110 4G Dual Sim, Camera, FM Radio, MP3 Player, Long-Lasting Battery",2499,3299,3.8,Nokia,3829,T107,202,,,24.0,4.57,1450.0
"Nokia 106 4G Dual Sim Keypad Phone, Built-in UPI Payments App, MP3 Player",2299,2999,3.9,Nokia,5436,Unisoc T107,344,,,23.0,4.5,1450.0
itel it5262,1436,1599,4.0,itel,2889,,151,,,10.0,6.1,2000.0
"POCO M7 Plus 5G (Carbon Black, 128 GB)",16999,1499,4.3,POCO,7922,Snapdragon 6s Gen 3 5G,460,6.0,128.0,20.0,17.53,7000.0
LAVA A2 Smart,1283,1549,4.0,LAVA,1172,Mtk,64,,,17.0,6.1,1200.0
"Tecno Pova 7 Pro 5G (Neon Cyan, 256 GB)",19374,23999,4.4,Tecno,5041,Dimensity 7300 Ultimate,502,8.0,256.0,19.0,17.22,6000.0
"vivo T5x 5G (Cyber Green, 128 GB)",22999,28999,4.4,vivo,5072,Dimensity 7400-Turbo,344,6.0,128.0,20.0,17.17,7200.0
"Samsung Galaxy A07 LTE (Light Violet, 64 GB)",10239,10499,4.3,Samsung,396,Helio G99,23,4.0,64.0,2.0,17.02,5000.0
"OPPO K14 5G (Icy Blue, 128 GB)",19999,25999,4.3,OPPO,491,Dimensity 6300,31,6.0,128.0,23.0,17.14,7000.0
MOTOROLA Moto A100,1049,1499,4.0,MOTOROLA,176,Mtk,14,,,30.0,3.66,800.0
"Ai+ Nova 5G (Blue, 128 GB)",10999,1499,4.1,Ai,26176,T8200,1815,6.0,128.0,20.0,17.13,5000.0
"MOTOROLA Edge 60 Pro (Pantone Sparkling Grape, 256 GB)",29999,36999,4.3,MOTOROLA,49723,Dimensity 8350,3701,8.0,256.0,18.0,17.02,6000.0
itel Ace 3 Shine,899,1249,4.1,itel,1746,Unisoc,75,,,28.0,4.57,1000.0
itel Ace 3 Shine,879,1249,4.1,itel,1746,Unisoc,75,,,29.0,4.57,1000.0
"OPPO K14x 5G (Icy Blue, 128 GB)",18999,19999,4.3,OPPO,1268,Dimensity 6300,67,6.0,128.0,5.0,17.14,6500.0
"Ai+ Pulse 1 (Green, 128 GB)",9999,1499,4.0,Ai,8675,T615,531,6.0,128.0,20.0,17.13,5000.0
"MOTOROLA Edge 60 Pro (Pantone Shadow, 256 GB)",29999,36999,4.3,MOTOROLA,49723,Dimensity 8350,3701,8.0,256.0,18.0,17.02,6000.0
"Apple iPhone 16 (Teal, 128 GB)",62900,69900,4.6,Apple,192398,"A18 Chip, 6 Core",6752,,128.0,10.0,15.49,
"REDMI Note 15 SE 5G (Crimson Reserve, 128 GB)",19999,24999,4.2,REDMI,838,Snapdragon 6 Gen 3,95,6.0,128.0,20.0,17.2,5800.0
"Ai+ Nova 2 5G (Purple, 128 GB)",12999,14999,4.3,Ai,359,T8200,15,6.0,128.0,13.0,17.13,6000.0
"Samsung Galaxy M17 5G (Moonlight Silver, 128 GB)",14633,17999,4.3,Samsung,602,,33,4.0,128.0,18.0,17.02,5000.0
Samsung Guru Music 2 B310ED,1996,2498,3.1,Samsung,32716,,2227,,,20.0,4.57,800.0
"MOTOROLA g57 power 5G (Pantone Regatta, 128 GB)",17999,1499,4.4,MOTOROLA,38536,6s Gen 4,2292,8.0,128.0,20.0,17.07,7000.0
"OPPO K14 5G (Prism Violet, 128 GB)",19999,25999,4.3,OPPO,491,Dimensity 6300,31,6.0,128.0,23.0,17.14,7000.0
"OPPO K14 5G (Icy Blue, 256 GB)",21999,27999,4.3,OPPO,491,Dimensity 6300,31,6.0,256.0,21.0,17.14,7000.0
"Apple iPhone 15 (Blue, 256 GB)",64900,69900,4.6,Apple,245103,"A16 Bionic Chip, 6 Core",9191,,256.0,7.0,15.49,
"OPPO K14x 5G (Prism Violet, 128 GB)",16999,17999,4.3,OPPO,2305,Dimensity 6300,142,4.0,128.0,5.0,17.14,6500.0
"OPPO K14x 5G (Prism Violet, 128 GB)",18999,19999,4.3,OPPO,1268,Dimensity 6300,67,6.0,128.0,5.0,17.14,6500.0
"OPPO K14x 5G (Prism Violet, 64 GB)",14999,19999,4.3,OPPO,2305,Dimensity 6300,142,4.0,64.0,25.0,17.14,6500.0
"OPPO K14x 5G (Icy Blue, 64 GB)",14999,19999,4.3,OPPO,2305,Dimensity 6300,142,4.0,64.0,25.0,17.14,6500.0
"OPPO K14x 5G (Prism Violet, 64 GB)",14999,19999,4.3,OPPO,2305,Dimensity 6300,142,4.0,64.0,25.0,17.14,6500.0
"OPPO K14x 5G (Icy Blue, 64 GB)",14999,19999,4.3,OPPO,2305,Dimensity 6300,142,4.0,64.0,25.0,17.14,6500.0
"realme P4 Power 5G (TransSilver, 128 GB)",27999,32999,4.5,realme,3759,Dimensity 7400 Ultra,340,8.0,128.0,15.0,17.27,10001.0
"vivo T5x 5G (Cyber Green, 128 GB)",22999,28999,4.4,vivo,5072,Dimensity 7400-Turbo,344,6.0,128.0,20.0,17.17,7200.0
"realme Narzo 90x 5G (Flash Blue, 128 GB)",17699,17999,4.4,realme,655,,32,8.0,128.0,1.0,17.27,7000.0
"Ai+ Pulse 2 (Blue, 128 GB)",9999,11999,3.9,Ai,1566,T7250,117,6.0,128.0,16.0,17.13,6000.0
Samsung Guru Music 2 B310ED,1996,2498,3.1,Samsung,32716,,2227,,,20.0,4.57,800.0
"MOTOROLA g57 power 5G (Pantone Regatta, 128 GB)",17999,1499,4.4,MOTOROLA,38536,6s Gen 4,2292,8.0,128.0,20.0,17.07,7000.0
"OPPO K14 5G (Prism Violet, 128 GB)",19999,25999,4.3,OPPO,491,Dimensity 6300,31,6.0,128.0,23.0,17.14,7000.0
"OPPO K14 5G (Icy Blue, 256 GB)",21999,27999,4.3,OPPO,491,Dimensity 6300,31,6.0,256.0,21.0,17.14,7000.0
"MOTOROLA Edge 60 Fusion 5G (PANTONE Mykonos Blue, 256 GB)",26999,27999,4.4,MOTOROLA,44060,Dimensity 7400,2583,12.0,256.0,3.0,16.94,5500.0
"realme Narzo 90x 5G (Flash Blue, 128 GB)",16635,16999,4.3,realme,1779,,103,6.0,128.0,2.0,17.27,7000.0
"Ai+ Pulse 1 (Blue, 64 GB)",7999,1499,4.2,Ai,42010,T615,2778,4.0,64.0,20.0,17.13,5000.0
"OPPO K14 5G (Prism White, 256 GB)",23999,29999,4.3,OPPO,167,Dimensity 6300,19,8.0,256.0,20.0,17.14,7000.0
"REDMI Note 14 SE 5G (Crimson Art, 128 GB)",16999,19999,4.2,REDMI,28841,Dimensity 7025 Ultra,1512,6.0,128.0,15.0,16.94,5110.0
itel Ace 3 Shine,999,1249,4.1,itel,1746,Unisoc,75,,,20.0,4.57,1000.0
"realme P4 Lite (Sea Blue, 64 GB)",10999,12999,4.2,realme,1759,T7250,79,4.0,64.0,15.0,17.14,6300.0
"MOTOROLA G96 5G (Pantone Dresden Blue, 256 GB)",22999,1499,4.4,MOTOROLA,87373,7s Gen 2,4864,8.0,256.0,20.0,16.94,5500.0
GFive SHARK,499,999,3.6,GFive,1283,,94,,,50.0,4.57,1000.0
"Samsung Galaxy M56 5G (Black, 256 GB)",26644,33999,4.4,Samsung,2028,OCTACORE,149,8.0,256.0,21.0,17.02,5000.0
HOTLINE TIGER,599,999,3.5,HOTLINE,54,,1,,,40.0,4.5,2500.0
"OPPO K13 5G with 7000mAh and 80W SUPERVOOC Charger In-The-Box (Icy Purple, 128 GB)",21914,22999,4.4,OPPO,72590,Snapdragon 6 Gen 4,4872,8.0,128.0,4.0,16.94,7000.0
"OPPO K13 5G with 7000mAh and 80W SUPERVOOC Charger In-The-Box (Prism Black, 128 GB)",21914,22999,4.4,OPPO,72590,Snapdragon 6 Gen 4,4872,8.0,128.0,4.0,16.94,7000.0
"REDMI A4 (Starry Black, 128 GB)",14959,15999,4.2,REDMI,2706,Snapdragon 4s Gen 2 5G,95,6.0,128.0,6.0,17.48,5160.0
"OnePlus Nord 6 (Pitch Black, 256 GB)",42057,52999,4.5,OnePlus,649,4 octa-core,83,8.0,256.0,20.0,17.22,9000.0
"Samsung Galaxy F06 5G (Lit Violet, 128 GB)",13999,16999,4.2,Samsung,44942,Dimensity 6300,2871,4.0,128.0,17.0,17.02,5000.0
"realme P4 Power 5G (TransSilver, 128 GB)",27999,32999,4.5,realme,3759,Dimensity 7400 Ultra,340,8.0,128.0,15.0,17.27,10001.0
"vivo T5x 5G (Cyber Green, 128 GB)",22999,28999,4.4,vivo,5072,Dimensity 7400-Turbo,344,6.0,128.0,20.0,17.17,7200.0
"realme Narzo 90 5G (Carbon Black, 128 GB)",19979,19999,4.4,realme,197,,17,8.0,128.0,20.0,16.69,7000.0
"realme Narzo 90x 5G (Nitro Blue, 128 GB)",17889,17999,4.4,realme,655,,32,8.0,128.0,20.0,17.27,7000.0
Nokia All-New 105 Single Sim Keypad Phone with Built-in UPI Payments,1349,1599,3.7,Nokia,109635,SC6531E,6880,,,15.0,4.5,1000.0
"MOTOROLA g67 power 5G (Pantone Curacao Blue, 128 GB)",18999,1499,4.3,MOTOROLA,15911,7s Gen 2,997,8.0,128.0,20.0,17.02,7000.0
"Samsung Galaxy A06 5G (Light Green, 64 GB)",12238,13999,4.2,Samsung,3393,MEDIATEK,218,4.0,64.0,12.0,17.02,5000.0
G'Five U 339,599,999,3.8,G,148,,5,,,40.0,4.57,3000.0
"realme Narzo 90x 5G (Nitro Blue, 128 GB)",16950,16999,4.3,realme,1779,,103,6.0,128.0,20.0,17.27,7000.0
"Apple iPhone 16 (Pink, 128 GB)",62900,69900,4.6,Apple,192398,"A18 Chip, 6 Core",6752,,128.0,10.0,15.49,
HOTLINE H310,499,999,3.5,HOTLINE,7816,,497,,,50.0,4.57,1000.0
"Apple iPhone 16 (White, 128 GB)",62900,69900,4.6,Apple,192398,"A18 Chip, 6 Core",6752,,128.0,10.0,15.49,
"OPPO K13 5G with 7000mAh and 80W SUPERVOOC Charger In-The-Box (Prism Black, 256 GB)",23862,24999,4.4,OPPO,72590,Snapdragon 6 Gen 4,4872,8.0,256.0,4.0,16.94,7000.0
"OPPO K13 5G with 7000mAh and 80W SUPERVOOC Charger In-The-Box (Icy Purple, 256 GB)",23862,24999,4.4,OPPO,72590,Snapdragon 6 Gen 4,4872,8.0,256.0,4.0,16.94,7000.0
"Ai+ Nova 2 5G (Blue, 128 GB)",12999,14999,4.3,Ai,359,T8200,15,6.0,128.0,13.0,17.13,6000.0
"Samsung M36 5G (Orange Haze / Orange, 128 GB)",20499,24499,4.1,Samsung,657,,40,8.0,128.0,16.0,17.02,5000.0
"realme Narzo 90 5G (Victory Gold, 128 GB)",18910,18999,4.4,realme,462,,34,6.0,128.0,20.0,16.69,7000.0
"IQOO Z11x 5G (Prismatic Green, 128 GB)",21645,28999,4.4,IQOO,384,,31,6.0,128.0,25.0,17.02,7200.0
"MOTOROLA Edge 60 Fusion 5G (PANTONE Amazonite, 256 GB)",26999,27999,4.4,MOTOROLA,44060,Dimensity 7400,2583,12.0,256.0,3.0,16.94,5500.0
"vivo T4x 5G (Pronto Purple, 128 GB)",18999,19499,4.4,vivo,138892,Dimensity 7300 5G,7358,8.0,128.0,2.0,17.07,6500.0
"Nokia 2660 Flip 4G Volte Dual SIM keypad Phone, Dual Screen, MP3 Player",4999,5899,4.2,Nokia,2027,,111,46875.0,125.0,15.0,7.11,1450.0
Kechaoda A27,899,1499,4.0,Kechaoda,16828,clock: 400 MHz,888,,,40.0,1.68,800.0
"REDMI 15 5G (Sandy Purple, 128 GB)",17200,19999,4.3,REDMI,2074,,115,6.0,128.0,13.0,17.53,7000.0
"Apple iPhone 16 (White, 128 GB)",62900,69900,4.6,Apple,192398,"A18 Chip, 6 Core",6752,,128.0,10.0,15.49,
"MOTOROLA Edge 60 Pro (Pantone Sparkling Grape, 512 GB)",37999,42999,4.4,MOTOROLA,3129,Dimensity 8350,236,16.0,512.0,11.0,17.02,6000.0
"IQOO Z11x 5G (Prismatic Green, 128 GB)",22897,30999,4.3,IQOO,573,,51,8.0,128.0,26.0,17.02,7200.0
"vivo T5x 5G (Cyber Green, 128 GB)",22999,28999,4.4,vivo,5072,Dimensity 7400-Turbo,344,6.0,128.0,20.0,17.17,7200.0
"IQOO Z10 5G (Glacier Silver / Silver, 128 GB)",24575,25999,4.4,IQOO,6592,,333,8.0,128.0,5.0,17.02,7300.0
"realme Narzo 90 5G (Victory Gold, 128 GB)",18909,18999,4.4,realme,462,,34,6.0,128.0,20.0,16.69,7000.0
"hmd 105 Dual Sim Keypad Phone with Built-in UPI App, Wireless FM Radio",1059,1499,3.8,hmd,5174,SC6531E,375,,,29.0,5.08,1000.0
"Samsung Galaxy A17 5G Charger in the Box (Black, 128 GB)",19499,21999,4.4,Samsung,907,Samsung Exynos 1330,61,6.0,128.0,11.0,17.02,5000.0
"realme P4x 5G (Lake Green, 128 GB)",20499,23499,4.3,realme,4383,Dimensity 7400 Ultra,325,8.0,128.0,12.0,17.07,7000.0
"realme P4x 5G (Matte Silver, 128 GB)",20499,23499,4.3,realme,4383,Dimensity 7400 Ultra,325,8.0,128.0,12.0,17.07,7000.0
Kechaoda A27,899,1499,4.0,Kechaoda,16828,NA,888,,,40.0,1.68,800.0
"IQOO Z11x 5G (Titan Black, 128 GB)",23712,30990,4.3,IQOO,573,,51,8.0,128.0,23.0,17.02,7200.0
"MOTOROLA Edge 70 (PANTONE Lily Pad, 256 GB)",27999,34999,4.4,MOTOROLA,3105,Snapdragon® 7 Gen 4,284,8.0,256.0,20.0,17.02,5000.0
"Samsung M36 5G (Orange, 256 GB)",26732,29999,4.1,Samsung,657,,40,8.0,256.0,10.0,17.02,5000.0
"vivo T4x 5G (Pronto Purple, 128 GB)",16999,17999,4.4,vivo,175309,Dimensity 7300 5G,8808,6.0,128.0,5.0,17.07,6500.0
"IQOO Z10R 5G (Moonstone, 128 GB)",22682,23499,4.4,IQOO,5070,,293,8.0,128.0,3.0,17.2,5700.0
"Samsung Galaxy F70e 5G (Limelight Green, 128 GB)",15499,16999,4.2,Samsung,1046,Dimensity 6300,103,4.0,128.0,8.0,17.12,6000.0
"vivo T4x 5G (Pronto Purple, 256 GB)",20999,1499,4.4,vivo,138892,Dimensity 7300 5G,7358,8.0,256.0,20.0,17.07,6500.0
"REDMI 15 5G (Midnight Black, 128 GB)",17372,20999,4.3,REDMI,2074,,115,6.0,128.0,17.0,17.53,7000.0
"REDMI 15 5G (Frosted White, 128 GB)",17217,19999,4.3,REDMI,2074,,115,6.0,128.0,13.0,17.53,7000.0
"Apple iPhone 17 (Black, 256 GB)",75900,82900,4.6,Apple,9611,"A19 Chip, 6 Core",575,,256.0,8.0,16.0,
"POCO M7 5G (Mint Green, 128 GB)",13499,13999,4.3,POCO,18381,4 Gen 2 5G,885,8.0,128.0,3.0,17.48,5160.0
"Samsung Galaxy S24 Exynos 5G (Amber Yellow, 256 GB)",55999,79999,4.5,Samsung,6845,Exynos 2400,445,8.0,256.0,30.0,15.75,4000.0
"vivo T4x 5G (Marine Blue, 128 GB)",18999,19499,4.4,vivo,138892,Dimensity 7300 5G,7358,8.0,128.0,2.0,17.07,6500.0
MOTOROLA A10V DS Keypad Phone with Voice Feature|800 mAh Battery|Wireless FM Recording,1299,1549,4.0,MOTOROLA,10720,,684,,,16.0,4.57,800.0
HOTLINE CLASSIC H17,500,999,3.8,HOTLINE,368,,15,,,49.0,4.57,1000.0
"realme Narzo 90 5G (Carbon Black, 128 GB)",18944,18999,4.4,realme,462,,34,6.0,128.0,20.0,16.69,7000.0
"Apple iPhone 17 (Black, 256 GB)",75900,82900,4.6,Apple,9611,"A19 Chip, 6 Core",575,,256.0,8.0,16.0,
Jmax Super 1,599,999,3.8,Jmax,2924,,200,,,40.0,4.57,1100.0
"Samsung M36 5G (Serene Green / Light Green, 128 GB)",18467,24499,4.1,Samsung,657,,40,8.0,128.0,24.0,17.02,5000.0
"Apple iPhone 16 Plus (Ultramarine, 128 GB)",77900,79900,4.6,Apple,3979,"A18 Chip, 6 Core",238,,128.0,2.0,17.02,
"MOTOROLA Edge 60 Pro (Pantone Shadow, 512 GB)",37999,42999,4.4,MOTOROLA,3129,Dimensity 8350,236,16.0,512.0,11.0,17.02,6000.0
"Samsung Galaxy S24 Exynos 5G (Amber Yellow, 256 GB)",55999,79999,4.5,Samsung,6845,Exynos 2400,445,8.0,256.0,30.0,15.75,4000.0
"hmd 105 Dual Sim Keypad Phone with Built-in UPI App, Wireless FM Radio",1059,1499,3.8,hmd,5174,SC6531E,375,,,29.0,5.08,1000.0
Kechaoda K28,1249,1499,4.0,Kechaoda,5445,,392,,,16.0,6.1,1700.0
Kechaoda K115,999,1499,4.1,Kechaoda,44068,NA,2724,,,33.0,3.66,850.0
"MOTOROLA edge 70 pro (Marble - PANTONE Lily white (white), 256 GB)",41999,56999,4.4,MOTOROLA,42,Dimensity 8500 Extreme,9,12.0,256.0,26.0,17.27,6500.0
"REDMI 15 5G (Midnight Black, 128 GB)",17372,20999,4.3,REDMI,2074,,115,6.0,128.0,17.0,17.53,7000.0
"IQOO Z11x 5G (Titan Black, 256 GB)",26688,33999,4.3,IQOO,573,,51,8.0,256.0,21.0,17.02,7200.0
"POCO C71 (Desert Gold, 128 GB)",9999,1499,4.1,POCO,36275,"Unisoc T7250
Max clock speed: 
2 x A75@1.8GHz
6 x A55@1.6GHz",1726,6.0,128.0,20.0,17.48,5200.0
"OPPO K14 5G (Prism White, 128 GB)",19999,25999,4.3,OPPO,491,Dimensity 6300,31,6.0,128.0,23.0,17.14,7000.0
"Samsung Galaxy A17 5G Charger in the Box (Blue, 128 GB)",18925,22999,4.4,Samsung,907,Samsung Exynos 1330,61,6.0,128.0,17.0,17.02,5000.0
"MOTOROLA Edge 70 (PANTONE Lily Pad, 256 GB)",27999,34999,4.4,MOTOROLA,3105,Snapdragon® 7 Gen 4,284,8.0,256.0,20.0,17.02,5000.0
"Samsung M36 5G (Orange Haze / Orange, 128 GB)",17873,22999,4.3,Samsung,3205,,190,6.0,128.0,22.0,17.02,5000.0
Kechaoda K115,999,1499,4.1,Kechaoda,44068,NA,2724,,,33.0,3.66,850.0
"realme Narzo 90 5G (Victory Gold, 128 GB)",19979,19999,4.4,realme,197,,17,8.0,128.0,20.0,16.69,7000.0
"realme P4 Power 5G (TransSilver, 128 GB)",27999,32999,4.5,realme,3759,Dimensity 7400 Ultra,340,8.0,128.0,15.0,17.27,10001.0
"vivo T5x 5G (Cyber Green, 128 GB)",22999,28999,4.4,vivo,5072,Dimensity 7400-Turbo,344,6.0,128.0,20.0,17.17,7200.0
Kechaoda K115,999,1499,4.1,Kechaoda,44068,NA,2724,,,33.0,3.66,850.0
Kechaoda K115,999,1499,4.1,Kechaoda,44068,NA,2724,,,33.0,3.66,850.0
Jmax Super 2,599,999,3.9,Jmax,2385,,186,,,40.0,4.57,1100.0
"REDMI Note 15 SE 5G (Carbon Black, 256 GB)",23999,27999,4.3,REDMI,463,Snapdragon 6 Gen 3,57,8.0,256.0,14.0,17.2,5800.0
Kechaoda A26,899,1499,4.0,Kechaoda,30888,NA,1653,,,40.0,1.68,800.0
Kechaoda A26,899,1499,4.0,Kechaoda,30888,,1653,,,40.0,1.68,800.0
"Ai+ Pulse 1 (Blue, 128 GB)",9999,1499,4.0,Ai,8675,T615,531,6.0,128.0,20.0,17.13,5000.0
Jmax MINI,777,1499,3.7,Jmax,262,,8,,,48.0,2.54,800.0
HOTLINE H310,499,999,3.5,HOTLINE,7816,,497,,,50.0,4.57,100.0
Kechaoda K115,997,1499,4.1,Kechaoda,44068,NA,2724,,,33.0,3.66,850.0
MOTOROLA A10V DS Keypad Phone with Voice Feature|800 mAh Battery|Wireless FM Recording,1339,1549,4.0,MOTOROLA,10720,,684,,,13.0,4.57,800.0
"Apple iPhone 16 (Black, 128 GB)",62900,69900,4.6,Apple,192398,"A18 Chip, 6 Core",6752,,128.0,10.0,15.49,
"Samsung Galaxy S24 5G Snapdragon (Onyx Black, 128 GB)",49999,74999,4.6,Samsung,57084,8 Gen 3,3711,8.0,128.0,33.0,15.75,4000.0
"Samsung Galaxy M17e (Blitz Blue, 128 GB)",15400,18999,4.1,Samsung,51,MediaTek Dimensity,0,6.0,128.0,18.0,17.02,6000.0
"REDMI 15A (Amaze Purple, 128 GB)",14499,17999,4.1,REDMI,126,T8300,12,4.0,128.0,19.0,17.53,6300.0
"Nokia 220 4G Dual SIM Keypad Phone, Built-in UPI App, USB Type C",3689,4499,4.0,Nokia,1688,,98,,,18.0,7.11,1450.0
Jio PRIMA2 4G,3390,4199,3.9,Jio,2239,,122,,4.0,19.0,6.1,1800.0
"Ai+ Pulse 1 (Purple, 128 GB)",9999,1499,4.0,Ai,8675,T615,531,6.0,128.0,20.0,17.13,5000.0
"IQOO Z10 5G (Glacier Silver / Silver, 256 GB)",27261,27999,4.4,IQOO,6592,,333,8.0,256.0,2.0,17.2,7300.0
"hmd 105 Dual Sim Keypad Phone with Built-in UPI App, Wireless FM Radio",1059,1499,3.8,hmd,5174,SC6531E,375,,,29.0,5.08,1000.0
Kechaoda A26_rose gold,899,1499,3.9,Kechaoda,704,NA,19,,16.0,40.0,1.68,800.0
"Tecno Pova Slim 5G (Cool Black, 128 GB)",20658,24999,4.3,Tecno,1159,Dimensity 6400 5G,83,8.0,128.0,17.0,17.22,5160.0
"REDMI 15A (Amaze Purple, 128 GB)",14499,17999,4.1,REDMI,126,T8300,12,4.0,128.0,19.0,17.53,6300.0
LAVA Gem 2025,1797,2099,4.1,LAVA,4672,Mtk,297,,32.0,14.0,7.11,2575.0
"vivo T5x 5G (Cyber Green, 128 GB)",22999,28999,4.4,vivo,5072,Dimensity 7400-Turbo,344,6.0,128.0,20.0,17.17,7200.0
"REDMI Note 15 SE 5G (Carbon Black, 256 GB)",23999,27999,4.3,REDMI,463,Snapdragon 6 Gen 3,57,8.0,256.0,14.0,17.2,5800.0
Kechaoda K33,998,2200,4.0,Kechaoda,11218,NA,620,,32.0,54.0,3.66,800.0
Jmax Super 2,599,999,3.9,Jmax,2385,,186,,,40.0,4.57,1100.0
Kechaoda A26,899,1499,4.0,Kechaoda,30888,NA,1653,,,40.0,1.68,800.0
Kechaoda A26,899,1499,4.0,Kechaoda,30888,,1653,,,40.0,1.68,800.0
Jmax MINI,777,1499,3.7,Jmax,262,,8,,,48.0,2.54,800.0
MOTOROLA A10V DS Keypad Phone with Voice Feature|800 mAh Battery|Wireless FM Recording,1339,1549,4.0,MOTOROLA,10720,,684,,,13.0,4.57,800.0
"Samsung Galaxy M17e (Blitz Blue, 128 GB)",15400,18999,4.1,Samsung,51,MediaTek Dimensity,0,6.0,128.0,18.0,17.02,6000.0
"MOTOROLA Signature (PANTONE Carbon, 1 TB)",67499,84999,4.4,MOTOROLA,484,Snapdragon 8 Gen 5,82,16.0,,20.0,17.27,5200.0
"Nokia 220 4G Dual SIM Keypad Phone, Built-in UPI App, USB Type C",3689,4499,4.0,Nokia,1688,,98,,,18.0,7.11,1450.0
Jio PRIMA2 4G,3390,4199,3.9,Jio,2239,,122,,4.0,19.0,6.1,1800.0
"Samsung Galaxy S24 5G Snapdragon (Onyx Black, 256 GB)",55999,79999,4.6,Samsung,57084,8 Gen 3,3711,8.0,256.0,30.0,15.75,4000.0
"IQOO Z10 5G (Glacier Silver / Silver, 256 GB)",27261,27999,4.4,IQOO,6592,,333,8.0,256.0,2.0,17.2,7300.0
"hmd 105 Dual Sim Keypad Phone with Built-in UPI App, Wireless FM Radio",1059,1499,3.8,hmd,5174,SC6531E,375,,,29.0,5.08,1000.0
"REDMI Note 15 SE 5G (Crimson Reserve, 128 GB)",21999,25999,4.3,REDMI,463,Snapdragon 6 Gen 3,57,8.0,128.0,15.0,17.2,5800.0
"Alcatel V3 Ultra 5G (Hyper Blue, 128 GB)",21499,29999,4.1,Alcatel,256,Dimensity 6300,30,8.0,128.0,28.0,17.22,5010.0
"IQOO Z11x 5G (Prismatic Green, 256 GB)",27970,33999,4.3,IQOO,573,,51,8.0,256.0,17.0,17.02,7200.0
"Samsung Galaxy S24 5G Snapdragon (Onyx Black, 128 GB)",49999,74999,4.6,Samsung,57084,8 Gen 3,3711,8.0,128.0,33.0,15.75,4000.0
"Samsung M36 5G (Black, 256 GB)",25924,29999,4.1,Samsung,657,,40,8.0,256.0,13.0,17.02,5000.0
"POCO M7 Plus 5G (Chrome Silver, 128 GB)",16999,1499,4.3,POCO,7922,Snapdragon 6s Gen 3 5G,460,6.0,128.0,20.0,17.53,7000.0
MOTOROLA Moto A300,1496,1999,4.1,MOTOROLA,1281,Mtk,64,,,25.0,5.08,1000.0
"vivo T4x 5G (Marine Blue, 128 GB)",16999,17999,4.4,vivo,175309,Dimensity 7300 5G,8808,6.0,128.0,5.0,17.07,6500.0
"realme P4 5G (Steel Grey, 128 GB)",20999,1499,4.4,realme,20693,Mediatek Dimensity 7400,1377,6.0,128.0,20.0,17.2,7000.0
"vivo T5x 5G (Cyber Green, 128 GB)",22999,28999,4.4,vivo,5072,Dimensity 7400-Turbo,344,6.0,128.0,20.0,17.17,7200.0
"realme P4 5G (Steel Grey, 256 GB)",23999,1499,4.4,realme,16656,Mediatek Dimensity 7400,1127,8.0,256.0,20.0,17.2,7000.0
Kechaoda A27,960,1499,4.0,Kechaoda,16828,speed 400MHZ,888,,,35.0,1.68,800.0
"Nothing Phone (4a) (Blue, 256 GB)",40999,1499,4.5,Nothing,646,Snapdragon 7s Gen 4,61,12.0,256.0,20.0,17.22,5400.0
"Tecno Pova Slim 5G (Cool Black, 128 GB)",20658,24999,4.3,Tecno,1159,Dimensity 6400 5G,83,8.0,128.0,17.0,17.22,5160.0
"REDMI 15A (Ace Black, 64 GB)",13499,16999,4.1,REDMI,126,T8300,12,4.0,64.0,20.0,17.53,6300.0
"realme Narzo 90x 5G (Marine Blue, 128 GB)",17784,17999,4.4,realme,655,,32,8.0,128.0,1.0,17.27,7000.0
"Samsung M36 5G (Light Green, 256 GB)",26690,29999,4.1,Samsung,657,,40,8.0,256.0,11.0,17.02,5000.0
"Samsung Galaxy A17 5G Charger in the Box (Gray, 128 GB)",20999,23499,4.3,Samsung,962,Samsung Exynos 1330,71,8.0,128.0,10.0,17.02,5000.0
LAVA A3 Torch,1339,1649,4.1,LAVA,926,Mtk,53,,,18.0,4.57,1750.0
"Samsung Galaxy A17 5G Charger in the Box (Gray, 128 GB)",19499,21999,4.4,Samsung,907,Samsung Exynos 1330,61,6.0,128.0,11.0,17.02,5000.0
Jmax MINI,777,1499,3.7,Jmax,262,,8,,,48.0,2.54,800.0
"Samsung M36 5G (Velvet Black / Black, 128 GB)",18812,24499,4.1,Samsung,657,,40,8.0,128.0,23.0,17.02,5000.0
"realme Narzo 90x 5G (Marine Blue, 128 GB)",16425,16999,4.3,realme,1779,,103,6.0,128.0,3.0,17.27,7000.0
"MOTOROLA Edge 60 Fusion 5G (PANTONE Zephyr, 128 GB)",22999,24999,4.4,MOTOROLA,115882,Dimensity 7400,6741,8.0,128.0,8.0,16.94,5500.0
"vivo T4 Ultra 5G (Meteor Grey, 256 GB)",35999,40999,4.5,vivo,5887,Dimensity 9300+,599,8.0,256.0,12.0,16.94,5500.0
"realme P4x 5G (Elegant Pink, 128 GB)",20499,23499,4.3,realme,4383,Dimensity 7400 Ultra,325,8.0,128.0,12.0,17.07,7000.0
Kechaoda K33,998,2200,4.0,Kechaoda,11218,NA,620,,32.0,54.0,3.66,800.0
Kechaoda A26_rose gold,899,1499,3.9,Kechaoda,704,NA,19,,16.0,40.0,1.68,800.0
"OPPO K14 5G (Prism Violet, 256 GB)",21999,27999,4.3,OPPO,491,Dimensity 6300,31,6.0,256.0,21.0,17.14,7000.0
"OPPO K14 5G (Prism White, 256 GB)",21999,27999,4.3,OPPO,491,Dimensity 6300,31,6.0,256.0,21.0,17.14,7000.0
"realme Narzo 90x 5G (Aqua Blue, 128 GB)",17472,17999,4.4,realme,655,,32,8.0,128.0,2.0,17.27,7000.0
"IQOO Neo 10 (Inferno Red, 256 GB)",38975,38999,4.5,IQOO,1641,Qualcomm,124,8.0,256.0,20.0,17.22,7000.0
"IQOO Z11x 5G (Prismatic Green, 256 GB)",27970,33999,4.3,IQOO,573,,51,8.0,256.0,17.0,17.02,7200.0
"POCO C75 5G (Silver Stardust, 128 GB)",11499,1499,4.2,POCO,148975,4s Gen 2 5G,6745,4.0,128.0,20.0,17.48,5160.0
"Samsung Galaxy A06 5G (Black, 64 GB)",12199,13999,4.2,Samsung,3393,Dimensity 6300,218,4.0,64.0,12.0,17.02,5000.0
"realme P4 Power 5G (TransSilver, 128 GB)",27999,32999,4.5,realme,3759,Dimensity 7400 Ultra,340,8.0,128.0,15.0,17.27,10001.0
"vivo T5x 5G (Cyber Green, 128 GB)",22999,28999,4.4,vivo,5072,Dimensity 7400-Turbo,344,6.0,128.0,20.0,17.17,7200.0
"Apple iPhone 17 (Mist Blue, 256 GB)",75900,82900,4.6,Apple,9611,"A19 Chip, 6 Core",575,,256.0,8.0,16.0,
"Samsung Galaxy M17 5G (Moonlight Silver, 128 GB)",16535,19499,4.4,Samsung,520,,28,6.0,128.0,15.0,17.02,5000.0
"Samsung Galaxy F70e 5G (Spotlight Blue, 128 GB)",15499,16999,4.2,Samsung,1046,Dimensity 6300,103,4.0,128.0,8.0,17.12,6000.0
"Samsung Galaxy F70e 5G (Limelight Green, 128 GB)",17499,18999,4.3,Samsung,1123,Dimensity 6300,115,6.0,128.0,7.0,17.12,6000.0
"realme P4 Lite (Beach Gold, 128 GB)",12999,13999,4.2,realme,1759,T7250,79,4.0,128.0,7.0,17.14,6300.0
"Samsung Galaxy M17 5G (Sapphire Black, 128 GB)",14682,16499,4.3,Samsung,602,,33,4.0,128.0,11.0,17.02,5000.0
"Samsung Galaxy M17 5G (Sapphire Black, 128 GB)",16498,19499,4.4,Samsung,520,,28,6.0,128.0,15.0,17.02,5000.0
"MOTOROLA Signature (PANTONE Carbon, 256 GB)",57499,74999,4.4,MOTOROLA,320,Snapdragon 8 Gen 5,44,12.0,256.0,23.0,17.27,5200.0
"Google Pixel 10 Pro XL (Moonstone, 256 GB)",124999,1499,4.5,Google,173,Tensor G5,16,16.0,256.0,20.0,17.27,5200.0
"MOTOROLA edge 70 pro (Tailored Fabric - PANTONE Titan (Blue), 256 GB)",38999,51999,3.7,MOTOROLA,16,Dimensity 8500 Extreme,3,8.0,256.0,25.0,17.27,6500.0
itel it5027 Slim Keypad Mobile | 2.4 inch Display| Type C Charging,1119,1649,4.1,itel,1667,,107,,,32.0,6.1,1200.0
"Google Pixel 9A (Iris, 256 GB)",39999,49999,4.4,Google,10005,Tensor G4,737,8.0,256.0,20.0,15.96,5100.0
"Apple iPhone 17 (White, 512 GB)",95900,102900,4.6,Apple,9611,"A19 Chip, 6 Core",575,,512.0,6.0,16.0,
KARBONN BHARAT K1 4G,999,1499,3.7,KARBONN,2287,,132,,,33.0,4.57,1000.0
Snexian Guru 310,649,999,3.3,Snexian,19031,,1271,,,35.0,4.57,800.0
"Ai+ Nova 5G (Blue, 128 GB)",12999,1499,3.9,Ai,6663,T8200,575,8.0,128.0,20.0,17.13,5000.0
"realme Narzo 90X 5G (Marine Blue, 128 GB)",15722,15999,4.1,realme,74,Dimensity 6300,7,4.0,128.0,1.0,17.27,7000.0
"Apple iPhone 17 (Lavender, 256 GB)",75900,82900,4.6,Apple,9611,"A19 Chip, 6 Core",575,,256.0,8.0,16.0,
"realme P4 Power 5G (TransSilver, 128 GB)",27999,32999,4.5,realme,3759,Dimensity 7400 Ultra,340,8.0,128.0,15.0,17.27,10001.0
"vivo T5x 5G (Cyber Green, 128 GB)",22999,28999,4.4,vivo,5072,Dimensity 7400-Turbo,344,6.0,128.0,20.0,17.17,7200.0
"Samsung Galaxy M56 5G (Light Green, 128 GB)",23966,30999,4.4,Samsung,2028,Octacore,149,8.0,128.0,22.0,17.02,5000.0
"REDMI 15 5G (Frosted White, 128 GB)",17216,17999,4.3,REDMI,2074,,115,6.0,128.0,4.0,17.53,7000.0
"realme Gt 7 (Icesense Blue, 512 GB)",41999,52999,4.4,realme,723,Dimensity,68,12.0,512.0,20.0,17.22,7000.0
"REDMI 15 5G (Sandy Purple, 256 GB)",23488,23999,4.3,REDMI,4106,,200,8.0,256.0,2.0,17.53,7000.0
"realme P3 Ultra 5G (Neptune Blue, 128 GB)",24999,31999,4.4,realme,20384,Dimensity 8350 Ultra,1997,8.0,128.0,21.0,17.35,6000.0
"realme P4 5G (Steel Grey, 128 GB)",21999,1499,4.4,realme,16656,Mediatek Dimensity 7400,1127,8.0,128.0,20.0,17.2,7000.0
"Samsung Galaxy F70e 5G (Limelight Green, 128 GB)",15499,16999,4.2,Samsung,1046,Dimensity 6300,103,4.0,128.0,8.0,17.12,6000.0
"realme P4 5G (Forge Red, 128 GB)",21999,1499,4.4,realme,16656,Mediatek Dimensity 7400,1127,8.0,128.0,20.0,17.2,7000.0
"POCO F7 5G (Frost White, 256 GB)",33999,35999,4.4,POCO,22189,8s Gen 4,2177,12.0,256.0,5.0,17.35,7550.0
"Samsung Galaxy A36 5G (Awesome Black, 256 GB)",32399,43999,4.3,Samsung,2100,Qualcomm Snapdragon 6 Gen 3,166,8.0,256.0,26.0,17.02,5000.0
"Apple iPhone 16 Plus (Pink, 128 GB)",77900,79900,4.6,Apple,3979,"A18 Chip, 6 Core",238,,128.0,2.0,17.02,
MOTOROLA Moto A200,1290,1549,3.9,MOTOROLA,1222,NA,97,,,16.0,4.5,800.0
"Ai+ Pulse 1 (Black, 128 GB)",9999,1499,4.0,Ai,8675,T615,531,6.0,128.0,20.0,17.13,5000.0
"Apple iPhone 16 (Black, 256 GB)",72900,79900,4.6,Apple,192398,"A18 Chip, 6 Core",6752,,256.0,8.0,15.49,
"realme P4x 5G (Matte Silver, 256 GB)",20999,1499,4.3,realme,4383,Dimensity 7400 Ultra,325,8.0,256.0,20.0,17.07,7000.0
MOTOROLA Moto A100,1049,1499,4.1,MOTOROLA,215,Mtk,15,,,30.0,3.66,800.0
"MOTOROLA Edge 60 Pro (Pantone Walnut, 256 GB)",29999,36999,4.3,MOTOROLA,49723,Dimensity 8350,3701,8.0,256.0,18.0,17.02,6000.0
"POCO M7 5G (Ocean Blue, 128 GB)",13499,13999,4.3,POCO,18381,4 Gen 2 5G,885,8.0,128.0,3.0,17.48,5160.0
"OnePlus 13s 5G (Black Velvet, 256 GB)",51462,57999,4.6,OnePlus,1750,,132,12.0,256.0,11.0,16.05,5850.0
"REDMI 15 5G (Sandy Purple, 128 GB)",17998,17999,4.3,REDMI,4106,,200,8.0,128.0,20.0,17.53,7000.0
"IQOO Z10 5G (Stellar Black / Black, 128 GB)",24459,25999,4.4,IQOO,6592,,333,8.0,128.0,5.0,17.02,7300.0
"Tecno Spark Go 3 (Ink Black, 64 GB)",9999,11999,4.2,Tecno,62,T7250,0,4.0,64.0,16.0,17.12,5000.0
"vivo T5x 5G (Cyber Green, 128 GB)",22999,28999,4.4,vivo,5072,Dimensity 7400-Turbo,344,6.0,128.0,20.0,17.17,7200.0
"Samsung Galaxy M17 5G (Sapphire Black, 128 GB)",14682,16499,4.3,Samsung,602,,33,4.0,128.0,11.0,17.02,5000.0
"Samsung Galaxy M17 5G (Sapphire Black, 128 GB)",16498,19499,4.4,Samsung,520,,28,6.0,128.0,15.0,17.02,5000.0
"Samsung Galaxy M17 5G (Moonlight Silver, 128 GB)",16535,19499,4.4,Samsung,520,,28,6.0,128.0,15.0,17.02,5000.0
"vivo T5 Pro 5G (Glacier Blue, 256 GB)",33999,61999,4.4,vivo,1043,Snapdragon 7s Gen 4,133,8.0,256.0,45.0,17.35,9020.0
"realme P4 Lite (Beach Gold, 128 GB)",12999,13999,4.2,realme,1759,T7250,79,4.0,128.0,7.0,17.14,6300.0
"POCO M8 (Glacial Blue, 128 GB)",17999,21999,4.3,POCO,1049,,99,6.0,128.0,18.0,17.2,5520.0
"realme P4x 5G (Matte Silver, 256 GB)",20999,1499,4.3,realme,4383,Dimensity 7400 Ultra,325,8.0,256.0,20.0,17.07,7000.0
Snexian Guru 310,649,999,3.3,Snexian,19031,,1271,,,35.0,4.57,800.0
"realme Narzo 90X 5G (Marine Blue, 128 GB)",15722,15999,4.1,realme,74,Dimensity 6300,7,4.0,128.0,1.0,17.27,7000.0
LAVA A3 Torch,1339,1649,4.1,LAVA,926,Mtk,53,,,18.0,4.57,1750.0
"Ai+ Nova 2 Ultra 5G (Black, 128 GB)",18999,25999,3.6,Ai,17,Dimensity 7400,1,6.0,128.0,26.0,17.22,6000.0
"OnePlus 15R 5G (Mint Breeze, 256 GB)",52970,54999,4.6,OnePlus,1193,,80,12.0,256.0,3.0,17.35,7400.0
"vivo T4 Ultra 5G (Meteor Grey, 256 GB)",37999,42999,4.5,vivo,4393,Dimensity 9300+,428,12.0,256.0,11.0,16.94,5500.0
"REDMI 15 5G (Sandy Purple, 256 GB)",23488,23999,4.3,REDMI,4106,,200,8.0,256.0,2.0,17.53,7000.0
"realme P3 Ultra 5G (Neptune Blue, 128 GB)",24999,31999,4.4,realme,20384,Dimensity 8350 Ultra,1997,8.0,128.0,21.0,17.35,6000.0
"MOTOROLA Edge 60 Fusion 5G (PANTONE Mykonos Blue, 128 GB)",22999,24999,4.4,MOTOROLA,115882,Dimensity 7400,6741,8.0,128.0,8.0,16.94,5500.0
"Alcatel V3 Ultra 5G (Champagne Gold, 128 GB)",14999,27999,4.0,Alcatel,217,Dimensity 6300,28,6.0,128.0,46.0,17.22,5010.0
"Alcatel V3 Ultra 5G (Ocean Grey, 128 GB)",14999,27999,4.0,Alcatel,217,Dimensity 6300,28,6.0,128.0,46.0,17.22,5010.0
"Nokia 235 4G Dual SIM Keypad Phone, Scan & Pay UPI, USB Type C,",4139,4999,3.6,Nokia,865,,54,,,17.0,7.11,1450.0
"realme Gt 7 (Icesense Blue, 512 GB)",41999,52999,4.4,realme,723,Dimensity,68,12.0,512.0,20.0,17.22,7000.0
"Samsung Galaxy A17 5G (Gray, 128 GB)",18979,22999,4.4,Samsung,907,Samsung Exynos 1330,61,6.0,128.0,17.0,17.02,5000.0
Motorola Moto A10E,1180,1599,4.0,Motorola,9476,Mtk,629,,,26.0,4.57,800.0
"Samsung Galaxy A06 (Black, 64 GB)",9699,11499,4.1,Samsung,576,Mediatek Helio G85,31,4.0,64.0,15.0,17.02,5000.0
"POCO M7 5G (Ocean Blue, 128 GB)",13499,13999,4.3,POCO,18381,4 Gen 2 5G,885,8.0,128.0,3.0,17.48,5160.0
"POCO F7 5G (Frost White, 256 GB)",33999,35999,4.4,POCO,22189,8s Gen 4,2177,12.0,256.0,5.0,17.35,7550.0
"vivo T5x 5G (Cyber Green, 128 GB)",22999,28999,4.4,vivo,5072,Dimensity 7400-Turbo,344,6.0,128.0,20.0,17.17,7200.0
"Samsung Galaxy A36 5G (Awesome Black, 256 GB)",32399,43999,4.3,Samsung,2100,Qualcomm Snapdragon 6 Gen 3,166,8.0,256.0,26.0,17.02,5000.0
"Apple iPhone 16 Plus (Pink, 128 GB)",77900,79900,4.6,Apple,3979,"A18 Chip, 6 Core",238,,128.0,2.0,17.02,
Motorola Moto A10E,1229,1900,4.0,Motorola,9476,Mtk,629,,,35.0,4.57,800.0
Micromax X778,1362,1999,3.9,Micromax,5429,,420,,,31.0,6.1,2700.0
"Ai+ Pulse 1 (Black, 128 GB)",9999,1499,4.0,Ai,8675,T615,531,6.0,128.0,20.0,17.13,5000.0
"Ai+ Nova 2 Ultra 5G (Green, 128 GB)",18999,25999,3.6,Ai,17,Dimensity 7400,1,6.0,128.0,26.0,17.22,6000.0
"Samsung Galaxy A06 5G (Black, 128 GB)",12888,16999,4.2,Samsung,3393,MEDIATEK,218,4.0,128.0,24.0,17.02,5000.0
"MOTOROLA Edge 60 Pro (Pantone Walnut, 256 GB)",29999,36999,4.3,MOTOROLA,49723,Dimensity 8350,3701,8.0,256.0,18.0,17.02,6000.0
"REDMI 15 5G (Sandy Purple, 128 GB)",17998,17999,4.3,REDMI,4106,,200,8.0,128.0,20.0,17.53,7000.0
"realme P4 Power 5G (TransOrange, 128 GB)",27999,32999,4.5,realme,3759,Dimensity 7400 Ultra,340,8.0,128.0,15.0,17.27,10001.0
"KARBONN Jumbo K9 Keypad Mobile Phone 2.4inch LCD2 MP Camera,1800mAh Battery,FM Vibratore",1297,1890,4.1,KARBONN,490,Not Availble,23,,,31.0,6.1,1800.0
"realme 15 Pro 5G (Velvet Green, 128 GB)",26999,35999,4.3,realme,9165,Snapdragon 7 Gen 4,815,8.0,128.0,25.0,17.27,7000.0
Jmax Super 2,599,999,3.9,Jmax,2385,,186,,,40.0,4.57,1100.0
"Ai+ Pulse 1 (Pink, 128 GB)",9999,1499,4.0,Ai,8675,T615,531,6.0,128.0,20.0,17.13,5000.0
"Apple iPhone 17 Pro (Silver, 256 GB)",119900,134900,4.6,Apple,1152,"A19 Chip, 6 Core",89,,256.0,11.0,16.0,
"realme 15 Pro 5G (Flowing Silver, 256 GB)",30999,39999,4.4,realme,5407,Snapdragon 7 Gen 4,411,12.0,256.0,22.0,17.27,7000.0
"REDMI 15 5G (Frosted White, 128 GB)",17997,17999,4.3,REDMI,4106,,200,8.0,128.0,20.0,17.53,7000.0
"REDMI 15 5G (Midnight Black, 128 GB)",17998,17999,4.3,REDMI,4106,,200,8.0,128.0,20.0,17.53,7000.0
MOTOROLA Moto A200,1290,1549,3.9,MOTOROLA,1222,NA,97,,,16.0,4.5,800.0
"IQOO Z11x 5G (Titan Black, 128 GB)",21972,28999,4.4,IQOO,384,,31,6.0,128.0,24.0,17.02,7200.0
"POCO C81x (Crystal Black, 64 GB)",9999,18999,3.9,POCO,9,T7250,1,3.0,64.0,47.0,17.48,5200.0
"Samsung Galaxy S24 5G Snapdragon (Marble Gray, 128 GB)",49999,74999,4.6,Samsung,57084,8 Gen 3,3711,8.0,128.0,33.0,15.75,4000.0
"realme Gt 7 (Icesense Black, 256 GB)",38999,48999,4.4,realme,723,Dimensity,68,12.0,256.0,20.0,17.22,7000.0
"realme P4 Power 5G (TransSilver, 128 GB)",27999,32999,4.5,realme,3759,Dimensity 7400 Ultra,340,8.0,128.0,15.0,17.27,10001.0
"vivo T5x 5G (Cyber Green, 128 GB)",22999,28999,4.4,vivo,5072,Dimensity 7400-Turbo,344,6.0,128.0,20.0,17.17,7200.0
KARBONN K9,1295,1890,4.1,KARBONN,9562,,737,,,31.0,6.6,1800.0
"REDMI Note 15 5G (Black, 128 GB)",22935,26999,4.3,REDMI,467,,20,8.0,128.0,15.0,17.2,5520.0
"POCO M7 5G (Satin Black, 128 GB)",13499,13999,4.3,POCO,18381,4 Gen 2 5G,885,8.0,128.0,3.0,17.48,5160.0
"MOTOROLA G96 5G (Pantone Dresden Blue, 128 GB)",20999,1499,4.4,MOTOROLA,87373,7s Gen 2,4864,8.0,128.0,20.0,16.94,5500.0
"POCO M7 Plus 5G (Carbon Black, 128 GB)",17999,1499,4.3,POCO,4819,Snapdragon 6s Gen 3 5G,303,8.0,128.0,20.0,17.53,7000.0
"Samsung Galaxy F36 5G (Black, 128 GB)",21999,22999,4.3,Samsung,10639,Samsung Exynos 1380,702,6.0,128.0,4.0,17.02,5000.0
"Samsung Galaxy A06 5G (Black, 128 GB)",15499,1499,4.2,Samsung,3393,Dimensity 6300,218,4.0,128.0,20.0,17.02,5000.0
"realme Narzo 80 Lite 4G (Beach Gold, 64 GB)",11999,1499,4.3,realme,2702,,117,4.0,64.0,20.0,17.12,6300.0
"Tecno Spark Go 3 (Aurora Purple, 64 GB)",9999,11999,4.2,Tecno,62,T7250,0,4.0,64.0,16.0,17.12,5000.0
"realme P3 Ultra 5G (Glowing Lunar White, 128 GB)",24999,31999,4.4,realme,20384,Dimensity 8350 Ultra,1997,8.0,128.0,21.0,17.35,6000.0
"OnePlus 13R 5g (Astral Trail, 256 GB)",41899,44999,4.5,OnePlus,5865,,360,12.0,256.0,6.0,17.22,6000.0
"OnePlus 13R 5G (Nebula Noir, 256 GB)",41767,44999,4.5,OnePlus,5865,,360,12.0,256.0,7.0,17.22,6000.0
LAVA A3 King,1231,1549,4.2,LAVA,30700,,2910,,,20.0,4.5,1750.0
"Apple iPhone 16 Plus (White, 128 GB)",77900,79900,4.6,Apple,3979,"A18 Chip, 6 Core",238,,128.0,2.0,17.02,
"REDMI 15C 5G (Dusk Purple, 128 GB)",17900,31999,4.2,REDMI,213,,10,6.0,128.0,44.0,17.53,6000.0
hmd 110 Dual Sim Keypad Phone with Built-in Scan & Pay UPI App,1269,1799,3.9,hmd,899,,59,,,29.0,5.08,1000.0
KARBONN K1 4G,990,1999,3.7,KARBONN,2061,,99,,,50.0,4.57,1000.0
"Tecno Spark Go 3 (Titanium Grey, 64 GB)",9999,11999,4.2,Tecno,62,T7250,0,4.0,64.0,16.0,17.12,5000.0
TOUCH 18 Rock Z Flip Dual Sim Keypad Mobile with2.4Display Flip Fold Call & SMS Indicator,1797,2899,4.1,TOUCH,103,,9,,,38.0,6.1,1800.0
"Samsung Galaxy S25 FE 5G (White, 256 GB)",50999,65999,4.5,Samsung,383,Exynos 2400,32,8.0,256.0,22.0,17.02,4900.0
"hmd Touch 4G Dual Sim Feature Phone, Cloud Phone Apps, Wi-Fi & Hotspot (Dark Blue, 128 MB)",4279,4999,3.7,hmd,216,,22,,,14.0,8.13,1950.0
"POCO M7 5G (Ocean Blue, 128 GB)",12499,12999,4.1,POCO,77088,4 Gen 2 5G,3683,6.0,128.0,3.0,17.48,5160.0
"REDMI 15C 5G (Moonlight Blue, 128 GB)",16818,16999,4.2,REDMI,213,,10,6.0,128.0,1.0,17.53,6000.0
"vivo T4 Ultra 5G (Phoenix Gold, 512 GB)",39999,44999,4.5,vivo,4393,Dimensity 9300+,428,12.0,512.0,11.0,16.94,5500.0
"realme P4 Power 5G (TransSilver, 128 GB)",27999,32999,4.5,realme,3759,Dimensity 7400 Ultra,340,8.0,128.0,15.0,17.27,10001.0
"vivo T5x 5G (Cyber Green, 128 GB)",22999,28999,4.4,vivo,5072,Dimensity 7400-Turbo,344,6.0,128.0,20.0,17.17,7200.0
"realme GT 7T (IceSense Blue, 256 GB)",33499,42999,4.4,realme,627,Dimensity 8400-MAX,58,12.0,256.0,22.0,17.27,7000.0
"vivo T4 Ultra 5G (Phoenix Gold, 256 GB)",35999,40999,4.5,vivo,5887,Dimensity 9300+,599,8.0,256.0,12.0,16.94,5500.0
"realme GT 7T (Racing Yellow, 256 GB)",33499,42999,4.4,realme,627,Dimensity 8400-MAX,58,12.0,256.0,22.0,17.27,7000.0
"vivo T4 Ultra 5G (Phoenix Gold, 256 GB)",37999,42999,4.5,vivo,4393,Dimensity 9300+,428,12.0,256.0,11.0,16.94,5500.0
hmd 110 Dual Sim Keypad Phone with Built-in Scan & Pay UPI App,1269,1799,3.9,hmd,899,,59,,,29.0,5.08,1000.0
"vivo T4 Ultra 5G (Meteor Grey, 256 GB)",35999,40999,4.5,vivo,5887,Dimensity 9300+,599,8.0,256.0,12.0,16.94,5500.0
"vivo T4 Ultra 5G (Meteor Grey, 512 GB)",39999,44999,4.5,vivo,4393,Dimensity 9300+,428,12.0,512.0,11.0,16.94,5500.0
itel it2165c,969,1369,3.5,itel,21,,1,,,29.0,5.08,1200.0
"vivo T4 Lite 5G Charger in the Box (Titanium Gold, 256 GB)",16999,1499,4.3,vivo,22083,Dimensity 6300 5G,1064,8.0,256.0,20.0,17.12,6000.0
"realme P4 Power 5G (TransSilver, 256 GB)",29999,34999,4.5,realme,3759,Dimensity 7400 Ultra,340,8.0,256.0,14.0,17.27,10001.0
"Samsung Galaxy S25 Ultra 5G (Titanium Gray, 512 GB)",139999,141999,4.6,Samsung,2548,8 Elite for Galaxy,272,12.0,512.0,1.0,17.53,5000.0
"Samsung Galaxy A26 5G (Awesome White, 128 GB)",23998,27999,4.0,Samsung,387,Samsung Exynos 1380,31,8.0,128.0,14.0,17.02,5000.0
GFive A5-C,549,999,3.6,GFive,88,NA,4,,,45.0,4.57,1000.0
UiSmart Ui06,1485,2199,4.0,UiSmart,1449,Feature Phone,128,,,32.0,4.5,1050.0
HOTLINE CLASSIC ULTRA,474,999,3.4,HOTLINE,1508,NA,64,,,52.0,4.57,1100.0
"OPPO K13 Turbo Pro 5G (Purple Phantom, 256 GB)",31999,41999,4.3,OPPO,276,8s Gen 4 Mobile Platform,24,8.0,256.0,23.0,17.27,7000.0
"Infinix GT 30 Pro 5G+ (Blade White, 256 GB)",29999,34999,4.3,Infinix,1230,Dimensity 8350 Ultimate,98,12.0,256.0,14.0,17.22,5500.0
"realme Gt 7 (Icesense Black, 256 GB)",36999,45999,4.4,realme,704,Dimensity,88,8.0,256.0,19.0,17.22,7000.0
"vivo T5x 5G (Cyber Green, 128 GB)",22999,28999,4.4,vivo,5072,Dimensity 7400-Turbo,344,6.0,128.0,20.0,17.17,7200.0
KARBONN K1 4G,999,1899,3.7,KARBONN,2061,,99,,,47.0,4.57,1000.0
"POCO M7 Plus 5G (Aqua Blue, 128 GB)",17999,1499,4.3,POCO,4819,Snapdragon 6s Gen 3 5G,303,8.0,128.0,20.0,17.53,7000.0
"realme P3 Ultra 5G (Glowing Lunar White, 128 GB)",24999,31999,4.4,realme,20384,Dimensity 8350 Ultra,1997,8.0,128.0,21.0,17.35,6000.0
"OnePlus 13R 5g (Astral Trail, 256 GB)",41899,44999,4.5,OnePlus,5865,,360,12.0,256.0,6.0,17.22,6000.0
"OnePlus 13R 5G (Nebula Noir, 256 GB)",41767,44999,4.5,OnePlus,5865,,360,12.0,256.0,7.0,17.22,6000.0
"REDMI Note 15 Pro + 5G (Mirage Blue, 256 GB)",36169,39999,4.4,REDMI,40,,5,8.0,256.0,9.0,17.35,6500.0
"REDMI 15C 5G (Dusk Purple, 128 GB)",17900,31999,4.2,REDMI,213,,10,6.0,128.0,44.0,17.53,6000.0
"POCO M7 5G (Satin Black, 128 GB)",13499,13999,4.3,POCO,18381,4 Gen 2 5G,885,8.0,128.0,3.0,17.48,5160.0
"Samsung Galaxy S25 FE 5G (White, 256 GB)",50999,65999,4.5,Samsung,383,Exynos 2400,32,8.0,256.0,22.0,17.02,4900.0
"Samsung Galaxy S25 FE 5G (White, 128 GB)",44999,59999,4.5,Samsung,383,Exynos 2400,32,8.0,128.0,25.0,17.02,4900.0
"Tecno Spark Go 3 (Titanium Grey, 64 GB)",9999,11999,4.2,Tecno,62,T7250,0,4.0,64.0,16.0,17.12,5000.0
TOUCH 18 Rock Z Flip Dual Sim Keypad Mobile with2.4Display Flip Fold Call & SMS Indicator,1797,2899,4.1,TOUCH,103,,9,,,38.0,6.1,1800.0
"Tecno Spark Go 3 (Aurora Purple, 64 GB)",9999,11999,4.2,Tecno,62,T7250,0,4.0,64.0,16.0,17.12,5000.0
LAVA A3 King,1231,1549,4.2,LAVA,30700,,2910,,,20.0,4.5,1750.0
"Infinix NOTE 60 Pro (Mocha Brown, 256 GB)",34999,44999,4.4,Infinix,301,Snapdragon 7s Gen 4,57,8.0,256.0,22.0,17.22,6500.0
Snexian ROCK X,1749,2999,3.7,Snexian,2973,,134,,,41.0,4.57,3000.0
"IQOO 15 5G (Legend, 256 GB)",68390,76999,4.7,IQOO,232,,18,12.0,256.0,11.0,17.4,7000.0
"realme P4 Power 5G (TransSilver, 256 GB)",29999,34999,4.5,realme,3759,Dimensity 7400 Ultra,340,8.0,256.0,14.0,17.27,10001.0
"REDMI 15C 5G (Moonlight Blue, 128 GB)",16818,16999,4.2,REDMI,213,,10,6.0,128.0,1.0,17.53,6000.0
"OPPO K13 Turbo Pro 5G (Purple Phantom, 256 GB)",31999,41999,4.3,OPPO,276,8s Gen 4 Mobile Platform,24,8.0,256.0,23.0,17.27,7000.0
"Samsung Galaxy A17 5G (Black, 128 GB)",21114,24499,4.3,Samsung,962,Samsung Exynos 1330,71,8.0,128.0,13.0,17.02,5000.0
"MOTOROLA Signature (PANTONE Martini Olive, 512 GB)",62499,79999,4.4,MOTOROLA,484,Snapdragon 8 Gen 5,82,16.0,512.0,21.0,17.27,5200.0
"Nokia 235 4G Dual SIM Keypad Phone, Scan & Pay UPI, USB Type C,",4139,4999,3.6,Nokia,865,,54,,,17.0,7.11,1450.0
"vivo T5x 5G (Cyber Green, 128 GB)",22999,28999,4.4,vivo,5072,Dimensity 7400-Turbo,344,6.0,128.0,20.0,17.17,7200.0
"POCO M7 5G (Ocean Blue, 128 GB)",12499,12999,4.1,POCO,77088,4 Gen 2 5G,3683,6.0,128.0,3.0,17.48,5160.0
"Apple iPhone 16 Plus (White, 128 GB)",77900,79900,4.6,Apple,3979,"A18 Chip, 6 Core",238,,128.0,2.0,17.02,
"MOTOROLA Signature (PANTONE Martini Olive, 512 GB)",62499,79999,4.4,MOTOROLA,484,Snapdragon 8 Gen 5,82,16.0,512.0,21.0,17.27,5200.0
"Samsung Galaxy A17 5G (Black, 128 GB)",21114,24499,4.3,Samsung,962,Samsung Exynos 1330,71,8.0,128.0,13.0,17.02,5000.0
"Nokia 235 4G Dual SIM Keypad Phone, Scan & Pay UPI, USB Type C,",4139,4999,3.6,Nokia,865,,54,,,17.0,7.11,1450.0
"vivo T4 Lite 5G Charger in the Box (Titanium Gold, 256 GB)",16999,1499,4.3,vivo,22083,Dimensity 6300 5G,1064,8.0,256.0,20.0,17.12,6000.0
"Infinix GT 30 Pro 5G+ (Blade White, 256 GB)",29999,34999,4.3,Infinix,1230,Dimensity 8350 Ultimate,98,12.0,256.0,14.0,17.22,5500.0
"realme Gt 7 (Icesense Black, 256 GB)",36999,45999,4.4,realme,704,Dimensity,88,8.0,256.0,19.0,17.22,7000.0
PHILIPS All New E2221 Sleek & Stylish Keypad Mobile,1480,1799,4.0,PHILIPS,73,,3,,,17.0,6.1,2500.0
HOTLINE CLASSIC ULTRA,474,999,3.4,HOTLINE,1508,NA,64,,,52.0,4.57,1100.0
"OPPO Reno14 5G (Pearl White, 256 GB)",44999,1499,4.5,OPPO,3920,Dimensity 8350,359,12.0,256.0,20.0,16.74,6000.0
"OPPO Reno14 5G (Forest Green, 256 GB)",44999,1499,4.5,OPPO,3920,Dimensity 8350,359,12.0,256.0,20.0,16.74,6000.0
"OPPO Reno14 5G (Pearl White, 512 GB)",47999,1499,4.5,OPPO,3920,Dimensity 8350,359,12.0,512.0,20.0,16.74,6000.0
"Samsung Galaxy A17 5G (Blue, 128 GB)",19700,24499,4.3,Samsung,962,Samsung Exynos 1330,71,8.0,128.0,19.0,17.02,5000.0
"Samsung Galaxy S25 FE 5G (Jetblack, 256 GB)",50999,65999,4.5,Samsung,383,Exynos 2400,32,8.0,256.0,22.0,17.02,4900.0
"REDMI Note 15 Pro + 5G (Carbon Black, 256 GB)",37905,40999,4.4,REDMI,40,,5,8.0,256.0,7.0,17.35,6500.0
"Samsung Galaxy A35 5G (Awesome Navy, 128 GB)",30999,33999,4.4,Samsung,77238,Samsung Exynos 1380,4996,8.0,128.0,8.0,16.76,5000.0
"Infinix GT 30 Pro 5G+ (Dark Flare, 256 GB)",29999,34999,4.3,Infinix,1230,Dimensity 8350 Ultimate,98,12.0,256.0,14.0,17.22,5500.0
"Infinix GT 30 Pro 5G+ (Blade White, 256 GB)",27999,31999,4.3,Infinix,2341,Dimensity 8350 Ultimate,179,8.0,256.0,12.0,17.22,5500.0
"Infinix GT 30 Pro 5G+ (Dark Flare, 256 GB)",27999,31999,4.3,Infinix,2341,Dimensity 8350 Ultimate,179,8.0,256.0,12.0,17.22,5500.0
itel Muzik 450,1899,1999,4.0,itel,69,,5,,,5.0,6.1,3000.0
KARBONN K9,1295,1890,4.1,KARBONN,9562,,737,,,31.0,6.6,1800.0
"vivo Y31 5G (Rose Red, 128 GB)",19999,1499,4.4,vivo,519,4 Gen 2,18,4.0,128.0,20.0,16.97,6500.0
"Samsung Galaxy F36 5G (Black, 128 GB)",21999,22999,4.3,Samsung,10639,Samsung Exynos 1380,702,6.0,128.0,4.0,17.02,5000.0
"vivo T5 Pro 5G (Cosmic Black, 256 GB)",33999,61999,4.4,vivo,1043,Snapdragon 7s Gen 4,133,8.0,256.0,45.0,17.35,9020.0
"realme P4 Power 5G (TransSilver, 128 GB)",27999,32999,4.5,realme,3759,Dimensity 7400 Ultra,340,8.0,128.0,15.0,17.27,10001.0
"vivo T5x 5G (Cyber Green, 128 GB)",22999,28999,4.4,vivo,5072,Dimensity 7400-Turbo,344,6.0,128.0,20.0,17.17,7200.0
"realme GT 7T (IceSense Black, 512 GB)",35999,46999,4.4,realme,627,Dimensity 8400-MAX,58,12.0,512.0,23.0,17.27,7000.0
"OPPO Reno14 5G (Pearl White, 512 GB)",47999,1499,4.5,OPPO,3920,Dimensity 8350,359,12.0,512.0,20.0,16.74,6000.0
"OPPO Reno14 5G (Pearl White, 256 GB)",44999,1499,4.5,OPPO,3920,Dimensity 8350,359,12.0,256.0,20.0,16.74,6000.0
Kechaoda K28,1249,1999,4.0,Kechaoda,5445,,392,,,37.0,6.1,1700.0
"vivo Y31 5G (Rose Red, 128 GB)",19999,1499,4.4,vivo,519,4 Gen 2,18,4.0,128.0,20.0,16.97,6500.0
"OPPO K13 Turbo Pro 5G (Purple Phantom, 256 GB)",33999,44999,4.4,OPPO,473,8s Gen 4 Mobile Platform,39,12.0,256.0,24.0,17.27,7000.0
HOTLINE CLASSIC ULTRA,499,999,3.4,HOTLINE,1508,NA,64,,,50.0,4.57,1100.0
"POCO M7 Plus 5G (Chrome Silver, 128 GB)",15499,15999,4.0,POCO,2609,Snapdragon 6s Gen 3 5G,204,4.0,128.0,3.0,17.53,7000.0
"REDMI Note 15 Pro + 5G (Carbon Black, 256 GB)",37905,40999,4.4,REDMI,40,,5,8.0,256.0,7.0,17.35,6500.0
Snexian ROCK X,1749,2999,3.7,Snexian,2973,,134,,,41.0,4.57,3000.0
"Samsung Galaxy M17e (Blitz Blue, 128 GB)",13676,18999,3.9,Samsung,19,MediaTek Dimensity,1,4.0,128.0,28.0,17.02,6000.0
"realme P3 Ultra 5G (Orion Red, 128 GB)",24999,31999,4.4,realme,20384,Dimensity 8350 Ultra,1997,8.0,128.0,21.0,17.35,6000.0
"Infinix GT 30 Pro 5G+ (Dark Flare, 256 GB)",29999,34999,4.3,Infinix,1230,Dimensity 8350 Ultimate,98,12.0,256.0,14.0,17.22,5500.0
"realme P4 Power 5G (TransSilver, 256 GB)",32999,37999,4.4,realme,1047,Dimensity 7400 Ultra,134,12.0,256.0,13.0,17.27,10001.0
"Google Pixel 10a (Lavender, 256 GB)",49999,1499,4.4,Google,709,Tensor G4,78,8.0,256.0,20.0,16.0,5100.0
"Infinix NOTE 60 Pro (Deep Ocean Blue, 128 GB)",31999,39999,4.4,Infinix,301,Snapdragon 7s Gen 4,57,8.0,128.0,20.0,17.22,6500.0
"Infinix NOTE 60 Pro (Mocha Brown, 128 GB)",31999,39999,4.4,Infinix,301,Snapdragon 7s Gen 4,57,8.0,128.0,20.0,17.22,6500.0
"Infinix NOTE 60 Pro (Solar Orange, 128 GB)",31999,39999,4.4,Infinix,301,Snapdragon 7s Gen 4,57,8.0,128.0,20.0,17.22,6500.0
"realme GT 7T (IceSense Blue, 256 GB)",33499,42999,4.4,realme,627,Dimensity 8400-MAX,58,12.0,256.0,22.0,17.27,7000.0
Kechaoda A27,899,1499,4.0,Kechaoda,16828,NA,888,,,40.0,1.68,800.0
Jio JioBharat V4 4G,776,1799,3.8,Jio,6088,,389,,,56.0,4.5,1000.0
"IQOO 15 5G (Legend, 512 GB)",78490,83999,4.5,IQOO,74,,7,16.0,512.0,6.0,17.4,7000.0
"realme P4 Power 5G (TransSilver, 128 GB)",27999,32999,4.5,realme,3759,Dimensity 7400 Ultra,340,8.0,128.0,15.0,17.27,10001.0
"vivo T5x 5G (Cyber Green, 128 GB)",22999,28999,4.4,vivo,5072,Dimensity 7400-Turbo,344,6.0,128.0,20.0,17.17,7200.0
"REDMI Note 15 5G (Black, 256 GB)",25946,28999,4.3,REDMI,467,,20,8.0,256.0,10.0,17.2,5520.0
"Nokia 235 4G Dual SIM Keypad Phone, Scan & Pay UPI, USB Type C,",4139,4999,3.6,Nokia,865,,54,,,17.0,7.11,1450.0
"Ai+ Pulse 2 (Purple, 128 GB)",9999,11999,3.9,Ai,1566,T7250,117,6.0,128.0,16.0,17.13,6000.0
Micromax X1i Smart Plus,979,2099,3.6,Micromax,402,,25,,,53.0,6.1,1750.0
GFive A1-C,549,999,3.7,GFive,742,,38,,,45.0,4.57,1000.0
"POCO M7 Pro 5G (Lunar Dust, 128 GB)",14999,18999,4.3,POCO,38223,Dimensity 7025 Ultra,2853,6.0,128.0,21.0,16.94,5110.0
"OPPO K13 Turbo Pro 5G (Midnight Maverick, 256 GB)",33999,44999,4.4,OPPO,473,8s Gen 4 Mobile Platform,39,12.0,256.0,24.0,17.27,7000.0
Kechaoda 888,1799,1999,4.3,Kechaoda,614,,41,,,10.0,4.57,3000.0
"POCO M7 Plus 5G (Carbon Black, 128 GB)",15499,15999,4.0,POCO,2609,Snapdragon 6s Gen 3 5G,204,4.0,128.0,3.0,17.53,7000.0
"Samsung Galaxy M17e (Vibe Violet, 128 GB)",13649,14990,3.9,Samsung,19,MediaTek Dimensity,1,4.0,128.0,8.0,17.02,6000.0
"realme P3 Ultra 5G (Orion Red, 256 GB)",28999,33999,4.4,realme,20384,Dimensity 8350 Ultra,1997,8.0,256.0,14.0,17.35,6000.0
"realme P3 Ultra 5G (Neptune Blue, 256 GB)",28999,33999,4.4,realme,20384,Dimensity 8350 Ultra,1997,8.0,256.0,14.0,17.35,6000.0
"IQOO Z10 Lite 5G (Titanium Blue, 128 GB)",15885,16999,4.2,IQOO,3039,,130,4.0,128.0,6.0,17.12,6000.0
Snexian ROCK X,1799,2999,3.7,Snexian,2973,,134,,,40.0,4.57,3000.0
"realme P3 Ultra 5G (Glowing Lunar White, 256 GB)",28999,33999,4.4,realme,20384,Dimensity 8350 Ultra,1997,8.0,256.0,14.0,17.35,6000.0
MTR M150,700,1599,4.1,MTR,20,,2,,,56.0,4.5,1100.0
"Infinix NOTE 60 Pro (Deep Ocean Blue, 256 GB)",34999,44999,4.4,Infinix,301,Snapdragon 7s Gen 4,57,8.0,256.0,22.0,17.22,6500.0
"OnePlus 15R 5G (Charcoal Black, 256 GB)",53400,54999,4.6,OnePlus,1193,,80,12.0,256.0,2.0,17.35,7400.0
"realme 15 Pro 5G (Velvet Green, 256 GB)",28999,37999,4.3,realme,9165,Snapdragon 7 Gen 4,815,8.0,256.0,23.0,17.27,7000.0
MTR M150,700,1599,4.1,MTR,20,,2,,,56.0,4.5,1100.0
Jmax LUNA,777,1299,3.8,Jmax,13,,0,,,40.0,1.68,800.0
"OPPO A6 x 4G (Olive Green, 64 GB)",12999,1499,4.0,OPPO,53,685,0,4.0,64.0,20.0,17.14,6500.0
"OPPO A6 x 4G (Ice Blue, 64 GB)",12999,1499,4.0,OPPO,53,685,0,4.0,64.0,20.0,17.14,6500.0
"vivo T5x 5G (Cyber Green, 128 GB)",22999,28999,4.4,vivo,5072,Dimensity 7400-Turbo,344,6.0,128.0,20.0,17.17,7200.0
"Samsung Galaxy A06 5G (Light Green, 64 GB)",12299,16999,4.2,Samsung,3393,Dimensity 6300,218,4.0,64.0,27.0,17.02,5000.0
"POCO M7 Plus 5G (Aqua Blue, 128 GB)",15499,15999,4.0,POCO,2609,Snapdragon 6s Gen 3 5G,204,4.0,128.0,3.0,17.53,7000.0
"realme P4 Power 5G (TransOrange, 256 GB)",29999,34999,4.5,realme,3759,Dimensity 7400 Ultra,340,8.0,256.0,14.0,17.27,10001.0
"OnePlus 13s 5G (Black Velvet, 512 GB)",52683,62999,4.6,OnePlus,1750,,132,12.0,512.0,16.0,16.05,5850.0
LAVA A3 King,1229,1549,4.2,LAVA,30700,,2910,,,20.0,4.5,1750.0
PHILIPS All New E2221 Sleek & Stylish Keypad Mobile,1499,1799,4.0,PHILIPS,73,,3,,,16.0,6.1,2500.0
"OPPO K13 Turbo 5G (White Knight, 128 GB)",27999,33999,4.4,OPPO,7999,Dimensity 8450,568,8.0,128.0,17.0,17.27,7000.0
Kechaoda K28,1249,1999,4.0,Kechaoda,5445,,392,,,37.0,6.1,1700.0
KARBONN 2500mAh Battery|Type C Cable|MemoryCardSupport upto 32GB,1740,1990,3.8,KARBONN,453,NA,34,,,12.0,7.11,2500.0
"POCO M7 Plus 5G (Carbon Black, 128 GB)",15499,15999,4.0,POCO,2609,Snapdragon 6s Gen 3 5G,204,4.0,128.0,3.0,17.53,7000.0
HOTLINE H312,500,999,3.5,HOTLINE,3424,,200,,,49.0,4.57,1000.0
Kechaoda 888_black,1799,1999,4.2,Kechaoda,312,NA,16,,,10.0,4.57,3000.0
"realme GT 7T (IceSense Black, 256 GB)",33499,42999,4.4,realme,627,Dimensity 8400-MAX,58,12.0,256.0,22.0,17.27,7000.0
"MOTOROLA Signature (PANTONE Martini Olive, 1 TB)",67499,84999,4.4,MOTOROLA,484,Snapdragon 8 Gen 5,82,16.0,,20.0,17.27,5200.0
"OPPO Reno15c 5G (Afterglow Pink, 256 GB)",44999,46999,4.4,OPPO,148,6 Gen 1,16,12.0,256.0,4.0,16.69,7000.0
"IQOO 15 5G (Alpha, 512 GB)",78499,83999,4.5,IQOO,74,,7,16.0,512.0,6.0,17.4,7000.0
"MOTOROLA Edge 70 (PANTONE Bronze Green, 256 GB)",27999,34999,4.4,MOTOROLA,3105,Snapdragon® 7 Gen 4,284,8.0,256.0,20.0,17.02,5000.0
"Samsung Galaxy A17 5G (Black, 256 GB)",25480,27499,4.3,Samsung,962,Samsung Exynos 1330,71,8.0,256.0,7.0,17.02,5000.0
"Samsung Galaxy F70e 5G (Spotlight Blue, 128 GB)",15499,16999,4.2,Samsung,1046,Dimensity 6300,103,4.0,128.0,8.0,17.12,6000.0
"realme P4 Power 5G (TransSilver, 128 GB)",27999,32999,4.5,realme,3759,Dimensity 7400 Ultra,340,8.0,128.0,15.0,17.27,10001.0
"vivo T5x 5G (Cyber Green, 128 GB)",22999,28999,4.4,vivo,5072,Dimensity 7400-Turbo,344,6.0,128.0,20.0,17.17,7200.0
"Samsung Galaxy A17 5G (Black, 256 GB)",25480,27499,4.3,Samsung,962,Samsung Exynos 1330,71,8.0,256.0,7.0,17.02,5000.0
"Samsung Galaxy A17 5G (Black, 128 GB)",19999,23499,4.3,Samsung,962,Samsung Exynos 1330,71,8.0,128.0,14.0,17.02,5000.0
"Nothing Phone (4a) Pro (Silver, 256 GB)",50999,55999,4.6,Nothing,771,Snapdragon 7 Gen 4,101,12.0,256.0,8.0,17.35,5400.0
"Samsung Galaxy F70e 5G (Spotlight Blue, 128 GB)",15499,16999,4.2,Samsung,1046,Dimensity 6300,103,4.0,128.0,8.0,17.12,6000.0
"Nothing Phone (4a) Pro (Black, 256 GB)",50999,55999,4.6,Nothing,771,Snapdragon 7 Gen 4,101,12.0,256.0,8.0,17.35,5400.0
"Alcatel V3 Pro 5G (Metallic Grey, 256 GB)",13999,25999,3.8,Alcatel,338,Dimensity 6300,43,8.0,256.0,46.0,16.94,5200.0
"Infinix Hot 12 Pro (Racing Black, 128 GB)",12999,15999,4.0,Infinix,5655,Unisoc T616,443,8.0,128.0,18.0,16.76,5000.0
"Alcatel V3 Pro 5G (Matcha Green, 256 GB)",13999,25999,3.8,Alcatel,338,Dimensity 6300,43,8.0,256.0,46.0,16.94,5200.0
"Samsung Galaxy A36 5G (Awesome Lavender, 128 GB)",29738,35999,4.3,Samsung,2100,Qualcomm Snapdragon 6 Gen 3,166,8.0,128.0,17.0,17.02,5000.0
"MOTOROLA Signature (PANTONE Martini Olive, 256 GB)",57499,74999,4.4,MOTOROLA,320,Snapdragon 8 Gen 5,44,12.0,256.0,23.0,17.27,5200.0
"realme 16 Pro 5G (Pebble Grey, 256 GB)",38999,46999,4.4,realme,1640,Dimensity 7300 Max,137,8.0,256.0,17.0,17.22,7000.0
"IQOO 15 5G (Alpha, 512 GB)",78499,83999,4.5,IQOO,74,,7,16.0,512.0,6.0,17.4,7000.0
"Nokia 3210 4G Dual SIM Keypad Phone, Scan & Pay UPI, USB Type C",4409,5299,3.6,Nokia,1229,,79,,,16.0,6.1,1450.0
"POCO M7 Plus 5G (Aqua Blue, 128 GB)",16999,1499,4.3,POCO,7922,Snapdragon 6s Gen 3 5G,460,6.0,128.0,20.0,17.53,7000.0
"REDMI Note 15 5G (Mist Purple, 128 GB)",22774,26999,4.3,REDMI,467,,20,8.0,128.0,15.0,17.2,5520.0
"Samsung Galaxy Z Flip4 5G (Graphite, 256 GB)",54499,106999,3.9,Samsung,371,Qualcomm Snapdragon 8+ Gen 1,25,8.0,256.0,49.0,17.02,3700.0
"Samsung Galaxy A06 (Gold, 64 GB)",9999,11499,4.1,Samsung,576,Mediatek Helio G85,31,4.0,64.0,13.0,17.02,5000.0
"MOTOROLA Edge 60 Fusion 5G (PANTONE Slipstream, 128 GB)",22999,24999,4.4,MOTOROLA,115882,Dimensity 7400,6741,8.0,128.0,8.0,16.94,5500.0
"POCO C85x Charger in the Box (Elite Black, 64 GB)",11999,20999,4.0,POCO,850,T8300,49,4.0,64.0,42.0,17.53,6300.0
"vivo X200T (Seaside Lilac, 256 GB)",59999,79999,4.6,vivo,1636,Dimensity 9400+,271,12.0,256.0,25.0,16.94,6200.0
"realme Gt 7 (Icesense Black, 512 GB)",41999,52999,4.4,realme,723,Dimensity,68,12.0,512.0,20.0,17.22,7000.0
"Samsung Galaxy F56 5G (Green, 128 GB)",22995,33999,4.4,Samsung,346,Exynos 1480,20,8.0,128.0,32.0,17.02,5000.0
"realme P4 Power 5G (TransSilver, 128 GB)",27999,32999,4.5,realme,3759,Dimensity 7400 Ultra,340,8.0,128.0,15.0,17.27,10001.0
"vivo T5x 5G (Cyber Green, 128 GB)",22999,28999,4.4,vivo,5072,Dimensity 7400-Turbo,344,6.0,128.0,20.0,17.17,7200.0
"Samsung Galaxy A17 5G (Gray, 256 GB)",25440,27499,4.3,Samsung,962,Samsung Exynos 1330,71,8.0,256.0,7.0,17.02,5000.0
"POCO C85x Charger in the Box (Elite Black, 64 GB)",11999,20999,4.0,POCO,850,T8300,49,4.0,64.0,42.0,17.53,6300.0
"vivo X200T (Seaside Lilac, 256 GB)",59999,79999,4.6,vivo,1636,Dimensity 9400+,271,12.0,256.0,25.0,16.94,6200.0
"realme Gt 7 (Icesense Black, 512 GB)",41999,52999,4.4,realme,723,Dimensity,68,12.0,512.0,20.0,17.22,7000.0
"Samsung Galaxy F56 5G (Green, 128 GB)",22995,33999,4.4,Samsung,346,Exynos 1480,20,8.0,128.0,32.0,17.02,5000.0
"Samsung Galaxy S25 Ultra 5G (Titanium Silverblue, 256 GB)",104499,129999,4.6,Samsung,2548,8 Elite for Galaxy,272,12.0,256.0,19.0,17.53,5000.0
Kechaoda A26,980,1599,4.0,Kechaoda,30888,NA,1653,,,38.0,1.68,800.0
"IQOO Z10 Lite 5G (Titanium Blue, 128 GB)",17599,17999,4.3,IQOO,4058,,168,6.0,128.0,2.0,17.12,6000.0
Nokia 105 Dual Sim Keypad Phone with Built-in UPI Payments,1314,1699,3.3,Nokia,7686,,470,,,22.0,4.5,1000.0
Jio JioBharat V4 4G,785,1699,3.8,Jio,2490,,186,,,53.0,4.5,1000.0
"vivo V70 (Lemon Yellow, 256 GB)",49999,50999,4.6,vivo,1060,Snapdragon 7 Gen 4,122,8.0,256.0,1.0,16.74,6500.0
"Samsung Galaxy S25 FE 5G (Navy, 128 GB)",44999,59999,4.5,Samsung,383,Exynos 2400,32,8.0,128.0,25.0,17.02,4900.0
Kechaoda A27,940,1599,4.0,Kechaoda,16828,NA,888,,,41.0,1.68,800.0
"Samsung Galaxy S24 Exynos 5G (Amber Yellow, 128 GB)",49999,74999,4.5,Samsung,6845,Exynos 2400,445,8.0,128.0,33.0,15.75,4000.0
"vivo X200T (Seaside Lilac, 512 GB)",69999,87999,4.6,vivo,1636,Dimensity 9400+,271,12.0,512.0,20.0,16.94,6200.0
Snexian ROCK 7600,999,1999,3.6,Snexian,566,,32,,,50.0,4.57,1000.0
"REDMI 15C 5G (Moonlight Blue, 128 GB)",19990,19999,4.3,REDMI,164,,12,8.0,128.0,20.0,17.53,6000.0
"realme 15 Pro 5G (Silk Purple, 256 GB)",30999,39999,4.4,realme,5407,Snapdragon 7 Gen 4,411,12.0,256.0,22.0,17.27,7000.0
"realme 15 Pro 5G (Silk Purple, 256 GB)",28999,37999,4.3,realme,9165,Snapdragon 7 Gen 4,815,8.0,256.0,23.0,17.27,7000.0
"REDMI A7 Pro 5G (Mist Blue, 128 GB)",13934,16999,3.8,REDMI,50,UNISOC T8300 octa-core,8,4.0,128.0,18.0,17.53,6300.0
"REDMI A7 Pro 5G (Sunset Orange, 64 GB)",12827,15999,3.8,REDMI,50,UNISOC T8300 octa-core,8,4.0,64.0,19.0,17.53,6300.0
"REDMI A7 Pro 5G (Sunset Orange, 128 GB)",13899,16999,3.8,REDMI,50,UNISOC T8300 octa-core,8,4.0,128.0,18.0,17.53,6300.0
"Samsung Galaxy S24 Exynos 5G (Amber Yellow, 128 GB)",49999,74999,4.5,Samsung,6845,Exynos 2400,445,8.0,128.0,33.0,15.75,4000.0
"vivo T5x 5G (Cyber Green, 128 GB)",22999,28999,4.4,vivo,5072,Dimensity 7400-Turbo,344,6.0,128.0,20.0,17.17,7200.0
itel it5330 | 2.8 inch Big Display | 1900 mAh Battery | Kingvoice,1579,1799,4.1,itel,26581,Unisoc,1523,,,12.0,7.11,1900.0
"Samsung Galaxy S25 FE 5G (Navy, 256 GB)",50999,65999,4.5,Samsung,383,Exynos 2400,32,8.0,256.0,22.0,17.02,4900.0
"REDMI Note 15 Pro + 5G (Coffee Mocha, 256 GB)",39995,41999,4.2,REDMI,29,,2,12.0,256.0,4.0,17.35,6500.0
"Motorola Edge 40 Neo (Caneel Bay, 128 GB)",27999,1499,4.3,Motorola,58241,Dimensity 7030,5944,8.0,128.0,20.0,16.64,5000.0
"Samsung Galaxy S25 FE 5G (Jetblack, 128 GB)",44999,59999,4.5,Samsung,383,Exynos 2400,32,8.0,128.0,25.0,17.02,4900.0
"REDMI Note 15 SE 5G (Crimson Reserve, 256 GB)",23999,27999,4.3,REDMI,463,Snapdragon 6 Gen 3,57,8.0,256.0,14.0,17.2,5800.0
"REDMI A7 Pro 5G (Mist Blue, 128 GB)",13934,16999,3.8,REDMI,50,UNISOC T8300 octa-core,8,4.0,128.0,18.0,17.53,6300.0
LAVA Hero Shakti 2026,989,1249,3.9,LAVA,9,Mtk,0,,,20.0,4.57,1000.0
"REDMI A7 Pro 5G (Black, 128 GB)",13938,16999,3.8,REDMI,50,UNISOC T8300 octa-core,8,4.0,128.0,18.0,17.53,6300.0
"REDMI A7 Pro 5G (Sunset Orange, 64 GB)",12827,15999,3.8,REDMI,50,UNISOC T8300 octa-core,8,4.0,64.0,19.0,17.53,6300.0
"OPPO K13 Turbo 5G (Purple Phantom, 128 GB)",27999,33999,4.4,OPPO,7999,Dimensity 8450,568,8.0,128.0,17.0,17.27,7000.0
"OPPO K13 Turbo 5G (Midnight Maverick, 128 GB)",27999,33999,4.4,OPPO,7999,Dimensity 8450,568,8.0,128.0,17.0,17.27,7000.0
"OPPO K13 Turbo 5G (White Knight, 256 GB)",29999,35999,4.4,OPPO,7999,Dimensity 8450,568,8.0,256.0,16.0,17.27,7000.0
"OPPO K13 Turbo 5G (Purple Phantom, 256 GB)",29999,35999,4.4,OPPO,7999,Dimensity 8450,568,8.0,256.0,16.0,17.27,7000.0
Jmax Prime,828,1499,3.7,Jmax,50,,4,,,44.0,6.1,2250.0
MTR M16,5990,5999,5.0,MTR,4,Cortex-A7 quad core,2,3.0,32.0,20.0,10.16,2000.0
"realme P3 Ultra 5G (Orion Red, 256 GB)",35759,35999,4.5,realme,4364,Dimensity 8350 Ultra,390,12.0,256.0,20.0,17.35,6000.0
"REDMI A7 Pro 5G (Black, 64 GB)",12890,15999,3.8,REDMI,50,UNISOC T8300 octa-core,8,4.0,64.0,19.0,17.53,6300.0
"POCO M7 5G (Mint Green, 128 GB)",12499,12999,4.1,POCO,77088,4 Gen 2 5G,3683,6.0,128.0,3.0,17.48,5160.0
"Samsung Galaxy F36 5G (Red, 128 GB)",21999,22999,4.3,Samsung,10639,Samsung Exynos 1380,702,6.0,128.0,4.0,17.02,5000.0
"REDMI Note 14 Pro 5G (Titan Black, 256 GB)",25999,30999,4.4,REDMI,5889,Dimensity 7300 Ultra,395,8.0,256.0,16.0,16.94,5500.0
"OPPO K13 Turbo 5G (Midnight Maverick, 128 GB)",27999,33999,4.4,OPPO,7999,Dimensity 8450,568,8.0,128.0,17.0,17.27,7000.0
"REDMI Note 15 SE 5G (Crimson Reserve, 256 GB)",23999,27999,4.3,REDMI,463,Snapdragon 6 Gen 3,57,8.0,256.0,14.0,17.2,5800.0
"vivo T5x 5G (Cyber Green, 128 GB)",22999,28999,4.4,vivo,5072,Dimensity 7400-Turbo,344,6.0,128.0,20.0,17.17,7200.0
"MOTOROLA Signature (PANTONE Carbon, 512 GB)",62499,79999,4.4,MOTOROLA,484,Snapdragon 8 Gen 5,82,16.0,512.0,21.0,17.27,5200.0
"OPPO Reno15 5G (Twilight Blue, 256 GB)",47999,49999,4.5,OPPO,606,7 Gen 4,67,8.0,256.0,4.0,16.74,6500.0
"REDMI A7 Pro 5G (Black, 64 GB)",12890,15999,3.8,REDMI,50,UNISOC T8300 octa-core,8,4.0,64.0,19.0,17.53,6300.0
"realme P3 Ultra 5G (Orion Red, 256 GB)",35759,35999,4.5,realme,4364,Dimensity 8350 Ultra,390,12.0,256.0,20.0,17.35,6000.0
"Samsung Galaxy A26 5G (White, 128 GB)",21990,27999,4.0,Samsung,387,Samsung Exynos 1380,31,8.0,128.0,21.0,17.02,5000.0
Jmax Prime,828,1499,3.7,Jmax,50,,4,,,44.0,6.1,2250.0
"realme GT 7T (IceSense Black, 256 GB)",30999,39999,4.3,realme,1043,Dimensity 8400-MAX,103,8.0,256.0,22.0,17.27,7000.0
"realme C85 5G (Peacock Green, 128.0 GB)",20999,24999,4.3,realme,181,Dimensity 6300,11,4.0,0.0,16.0,17.27,7000.0
"OPPO K13 Turbo 5G (White Knight, 256 GB)",29999,35999,4.4,OPPO,7999,Dimensity 8450,568,8.0,256.0,16.0,17.27,7000.0
LAVA A2 Smart,1284,1549,4.0,LAVA,1172,Mtk,64,,,17.0,6.1,1200.0
"REDMI A7 Pro 5G (Mist Blue, 64 GB)",12968,15999,3.8,REDMI,50,UNISOC T8300 octa-core,8,4.0,64.0,18.0,17.53,6300.0
"POCO M7 5G (Mint Green, 128 GB)",12499,12999,4.1,POCO,77088,4 Gen 2 5G,3683,6.0,128.0,3.0,17.48,5160.0
"POCO M8 (Frost Silver, 128 GB)",19999,22999,4.3,POCO,1053,,99,8.0,128.0,13.0,17.2,5520.0
"Apple iPhone 17 Pro (Silver, 512 GB)",139900,154900,4.6,Apple,1152,"A19 Chip, 6 Core",89,,512.0,9.0,16.0,
KARBONN Bharat K1 4G KW101 /KW102 Jio Sim Supported,990,1999,3.7,KARBONN,89,,4,,,50.0,4.57,1000.0
"REDMI Note 15 Pro + 5G (Mirage Blue, 512 GB)",42299,44999,4.2,REDMI,29,,2,12.0,512.0,6.0,17.35,6500.0
"Apple iPhone 16 Plus (Black, 128 GB)",77900,79900,4.6,Apple,3979,"A18 Chip, 6 Core",238,,128.0,2.0,17.02,
"OPPO K13 Turbo Pro 5G (Silver Knight, 256 GB)",33999,44999,4.4,OPPO,473,8s Gen 4 Mobile Platform,39,12.0,256.0,24.0,17.27,7000.0
MTR M16,5990,5999,5.0,MTR,4,Cortex-A7 quad core,2,3.0,32.0,20.0,10.16,2000.0
"REDMI Note 15 5G (Glacier Blue, 128 GB)",23468,26999,4.3,REDMI,467,,20,8.0,128.0,13.0,17.2,5520.0
KARBONN Jumbo K9,1289,1890,4.0,KARBONN,16627,,1500,,,31.0,6.6,1800.0
"Samsung Galaxy F36 5G (Black, 256 GB)",27999,29999,4.2,Samsung,5488,Samsung Exynos 1380,405,8.0,256.0,6.0,17.02,5000.0
"OPPO Reno15 5G (Aurora Blue, 256 GB)",50999,54999,4.5,OPPO,316,7 Gen 4,21,12.0,256.0,7.0,16.74,6500.0
"POCO X7 Pro 5G (Obsidian Black, 256 GB)",25999,33999,4.4,POCO,9085,Dimensity D8400 Ultra,852,12.0,256.0,23.0,16.94,6550.0
"realme P4 5G (Engine Blue, 128 GB)",21999,29999,4.4,realme,16656,Mediatek Dimensity 7400,1127,8.0,128.0,26.0,17.2,7000.0
"vivo T5x 5G (Cyber Green, 128 GB)",22999,28999,4.4,vivo,5072,Dimensity 7400-Turbo,344,6.0,128.0,20.0,17.17,7200.0
"Samsung Galaxy A36 5G (Awesome Lavender, 256 GB)",32490,38999,4.3,Samsung,2100,Qualcomm Snapdragon 6 Gen 3,166,8.0,256.0,16.0,17.02,5000.0
G'Five A26I,777,1499,3.8,G,34,,1,,,48.0,1.68,800.0
"OPPO K13 Turbo Pro 5G (Silver Knight, 256 GB)",33999,44999,4.4,OPPO,473,8s Gen 4 Mobile Platform,39,12.0,256.0,24.0,17.27,7000.0
MTR M150,700,1599,4.1,MTR,20,,2,,,56.0,4.5,1100.0
"KARBONN K101i Dual SIM,Keypad Mobile,1.8''LCD,1000mAh Battery,TypeC USB,Memory Up to32GB",894,1190,3.9,KARBONN,293,NA,17,,,24.0,4.57,1000.0
"Xiaomi 14 CIVI (Matcha Green, 256 GB)",39999,54999,4.2,Xiaomi,1870,8s Gen 3 Mobile Platform,221,8.0,256.0,27.0,16.64,4700.0
"OPPO Reno15 5G (Twilight Blue, 512 GB)",55999,59999,4.5,OPPO,316,7 Gen 4,21,12.0,512.0,6.0,16.74,6500.0
"POCO C85x Charger in the Box (Sunset Gold, 64 GB)",11999,20999,4.0,POCO,850,T8300,49,4.0,64.0,42.0,17.53,6300.0
LAVA Hero Shakti 2026,989,1249,3.9,LAVA,9,Mtk,0,,,20.0,4.57,1000.0
"Nokia 2660 Flip 4G Dual SIM keypad Phone, Dual Screen, inbuilt MP3 Player",5899,1499,4.2,Nokia,2107,,134,46875.0,125.0,20.0,7.11,1450.0
"realme C85 5G (Peacock Green, 128.0 GB)",20999,24999,4.3,realme,181,Dimensity 6300,11,4.0,0.0,16.0,17.27,7000.0
"OPPO K13 5G SUPERVOOC (Prism Black, 128 GB)",22980,27999,4.6,OPPO,37,Snapdragon 6 Gen 4,5,8.0,128.0,17.0,16.94,7000.0
"ROCK TOUCH Rock X Flip Dual Sim |Keypad Mobile| with 1.8"" Display Call & SMS Indicator",1861,3299,4.0,ROCK,58,,6,,,43.0,4.57,2000.0
"Snexan Rock X Flip Dual Sim |Keypad Mobile| with 1.8"" Display |Flip|Fold| Call & SMS",2178,2999,4.7,Snexan,3,,0,,,27.0,4.57,1800.0
"Apple iPhone 16 Plus (Black, 128 GB)",77900,79900,4.6,Apple,3979,"A18 Chip, 6 Core",238,,128.0,2.0,17.02,
"Apple iPhone 16 Pro Max (Natural Titanium, 256 GB)",144990,1499,4.7,Apple,16752,"A18 Pro Chip, 6 Core",895,,256.0,20.0,17.53,
"OnePlus 13s 5G (Green Silk, 512 GB)",56295,62999,4.6,OnePlus,1750,,132,12.0,512.0,10.0,16.05,5850.0
"vivo X300 Pro (Elite Black, 512 GB)",109999,119999,4.7,vivo,383,Dimensity 9500,57,16.0,512.0,8.0,43.74,6510.0
KARBONN KX29 DS Keypad Mobile|3000 mAh Battery|0.3MP Rear Camera|Expandable Upto 32 GB,1380,1890,3.7,KARBONN,2727,,172,,,26.0,6.1,2700.0
"vivo T5x 5G (Cyber Green, 128 GB)",22999,28999,4.4,vivo,5072,Dimensity 7400-Turbo,344,6.0,128.0,20.0,17.17,7200.0
"POCO M7 Pro 5G (Olive Twilight, 128 GB)",14999,18999,4.3,POCO,38223,Dimensity 7025 Ultra,2853,6.0,128.0,21.0,16.94,5110.0
"Apple iPhone 17 (Lavender, 256 GB)",75900,82900,4.6,Apple,9611,"A19 Chip, 6 Core",575,,256.0,8.0,16.0,
"Apple iPhone 17 Pro (Silver, 512 GB)",139900,154900,4.6,Apple,1152,"A19 Chip, 6 Core",89,,512.0,9.0,16.0,
"Google Pixel 10 (Indigo, 256 GB)",74999,79999,4.5,Google,1954,Tensor G5,148,12.0,256.0,6.0,16.0,4970.0
KARBONN KX29 DS Keypad Mobile|3000 mAh Battery|0.3MP Rear Camera|Expandable Upto 32 GB,1399,1890,3.7,KARBONN,2727,,172,,,25.0,6.1,2700.0
"vivo V70 FE (Northern Lights Purple, 128 GB)",37999,41999,4.4,vivo,181,Dimensity 7360-Turbo,23,8.0,128.0,9.0,17.35,7000.0
"vivo Y31 5G (Diamond Green, 128 GB)",19999,1499,4.4,vivo,519,4 Gen 2,18,4.0,128.0,20.0,16.97,6500.0
"MOTOROLA Edge 60 Pro (Pantone Sparkling Grape, 256 GB)",33999,40999,4.3,MOTOROLA,14968,Dimensity 8350,1205,12.0,256.0,17.0,17.02,6000.0
G'Five A6-C,689,999,3.8,G,118,UNISOC,6,,,31.0,4.57,1150.0
Kechaoda A26,899,1499,4.0,Kechaoda,30888,NA,1653,,,40.0,1.68,800.0
"realme 16 5G (Air White, 256 GB)",36999,49999,4.4,realme,73,Dimensity 6400 Turbo,9,12.0,256.0,26.0,16.69,7000.0
"Samsung Galaxy F15 5G (Jazzy Green, 128 GB)",14999,16999,4.2,Samsung,35436,MediaTek Dimensity 6100+,2670,6.0,128.0,11.0,16.51,6000.0
"OPPO K13 Turbo 5G (Midnight Maverick, 256 GB)",29999,35999,4.4,OPPO,7999,Dimensity 8450,568,8.0,256.0,16.0,17.27,7000.0
"Samsung Galaxy S25 5G (Navy, 256 GB)",62999,80999,4.6,Samsung,2873,8 Elite for Galaxy,336,12.0,256.0,22.0,15.75,4000.0
LAVA Hero Shakti 2026,989,1249,3.9,LAVA,9,Mtk,0,,,20.0,4.57,1000.0
HOTLINE 106,499,999,3.4,HOTLINE,1229,,63,,,50.0,4.5,1000.0
"realme P4 Pro 5G (Midnight Ivy, 256 GB)",27999,30999,4.4,realme,18129,Snapdragon 7 Gen 4 Mobile,1468,8.0,256.0,9.0,17.27,7000.0
"vivo V70 FE (Monsoon Blue, 256 GB)",44999,47999,4.3,vivo,58,Dimensity 7360-Turbo,5,12.0,256.0,6.0,17.35,7000.0
"vivo V70 (Passion Red, 256 GB)",53999,1499,4.4,vivo,178,Snapdragon 7 Gen 4,18,12.0,256.0,20.0,16.74,6500.0
"Nokia 110 Power Keypad Phone,Dual SIM, Camera, Long Lasting Battery,Phone Talker",1769,2099,4.0,Nokia,119,,17,,,15.0,5.08,1750.0
"Motorola g04s (Satin Blue, 64 GB)",9999,1499,4.2,Motorola,30461,T606,1624,4.0,64.0,20.0,16.76,5000.0
"vivo X300 Pro (Dune Gold, 512 GB)",109999,119999,4.7,vivo,383,Dimensity 9500,57,16.0,512.0,8.0,43.74,6510.0
"realme Narzo 80 Lite 5G (Onyx Black, 128 GB)",13957,13999,4.2,realme,1691,,89,4.0,128.0,20.0,16.94,6000.0
"realme P4 Power 5G (TransSilver, 128 GB)",27999,32999,4.5,realme,3759,Dimensity 7400 Ultra,340,8.0,128.0,15.0,17.27,10001.0
"vivo T5x 5G (Cyber Green, 128 GB)",22999,28999,4.4,vivo,5072,Dimensity 7400-Turbo,344,6.0,128.0,20.0,17.17,7200.0
"realme P4 Pro 5G (Midnight Ivy, 128 GB)",25999,28999,4.4,realme,18129,Snapdragon 7 Gen 4 Mobile,1468,8.0,128.0,10.0,17.27,7000.0
"realme P4 Pro 5G (Midnight Ivy, 256 GB)",27999,30999,4.4,realme,18129,Snapdragon 7 Gen 4 Mobile,1468,8.0,256.0,9.0,17.27,7000.0
"Motorola g04s (Satin Blue, 64 GB)",9999,1499,4.2,Motorola,30461,T606,1624,4.0,64.0,20.0,16.76,5000.0
KARBONN KX29 DS Keypad Mobile|3000 mAh Battery|0.3MP Rear Camera|Expandable Upto 32 GB,1498,1840,3.7,KARBONN,2727,,172,,,18.0,6.1,3000.0
itel Muzik 450,1899,1999,4.0,itel,69,NA,5,,,5.0,6.1,3000.0
"vivo V70 FE (Monsoon Blue, 256 GB)",44999,47999,4.3,vivo,58,Dimensity 7360-Turbo,5,12.0,256.0,6.0,17.35,7000.0
itel it5027 Slim Keypad Mobile | 2.4 inch Display| Type C Charging,1377,1649,4.1,itel,1667,,107,,,16.0,6.1,1200.0
"vivo X300 (Summit Red, 512 GB)",81999,89999,4.7,vivo,1149,Dimensity 9500,148,12.0,512.0,8.0,40.74,6040.0
"vivo X300 (Summit Red, 256 GB)",75999,83999,4.7,vivo,1149,Dimensity 9500,148,12.0,256.0,9.0,40.74,6040.0
"vivo X300 (Elite Black, 512 GB)",81999,89999,4.7,vivo,1149,Dimensity 9500,148,12.0,512.0,8.0,40.74,6040.0
"vivo X300 (Elite Black, 256 GB)",75999,83999,4.7,vivo,1149,Dimensity 9500,148,12.0,256.0,9.0,40.74,6040.0
"Nokia 110 Power Keypad Phone,Dual SIM, Camera, Long Lasting Battery,Phone Talker",1769,2099,4.0,Nokia,119,,17,,,15.0,5.08,1750.0
"REDMI Note 15 Pro + 5G (Mirage Blue, 512 GB)",42299,44999,4.2,REDMI,29,,2,12.0,512.0,6.0,17.35,6500.0
"POCO M8 (Frost Silver, 128 GB)",19999,22999,4.3,POCO,1053,,99,8.0,128.0,13.0,17.2,5520.0
"realme 16 5G (Air Black, 256 GB)",33999,44999,4.0,realme,346,Dimensity 6400 Turbo,44,8.0,256.0,24.0,16.69,7000.0
"vivo X300 Pro (Dune Gold, 512 GB)",109999,119999,4.7,vivo,383,Dimensity 9500,57,16.0,512.0,8.0,43.74,6510.0
Jio JioBharat V4 4G,783,1699,3.8,Jio,6088,mediatek,389,,,53.0,4.5,1000.0
"Samsung Galaxy S24 5G Snapdragon (Marble Gray, 128 GB)",49999,74999,4.6,Samsung,57084,8 Gen 3,3711,8.0,128.0,33.0,15.75,4000.0
"Motorola G32 (Mineral Gray, 64 GB)",16999,1499,4.2,Motorola,46613,Qualcomm Snapdragon 680,3930,4.0,64.0,20.0,16.51,5000.0
"Samsung Galaxy S25 FE 5G (White, 128 GB)",44999,59999,4.5,Samsung,383,Exynos 2400,32,8.0,128.0,25.0,17.02,4900.0
"Motorola G32 (Satin Silver, 64 GB)",16999,1499,4.2,Motorola,46613,Qualcomm Snapdragon 680,3930,4.0,64.0,20.0,16.51,5000.0
"realme P4 Pro 5G (Birch Wood, 128 GB)",25999,28999,4.4,realme,18129,Snapdragon 7 Gen 4 Mobile,1468,8.0,128.0,10.0,17.27,7000.0
"realme 16 5G (Air Black, 256 GB)",36999,49999,4.4,realme,73,Dimensity 6400 Turbo,9,12.0,256.0,26.0,16.69,7000.0
"vivo V70 FE (Monsoon Blue, 256 GB)",40999,44999,4.4,vivo,181,Dimensity 7360-Turbo,23,8.0,256.0,8.0,17.35,7000.0
"realme P4 Power 5G (TransSilver, 128 GB)",27999,32999,4.5,realme,3759,Dimensity 7400 Ultra,340,8.0,128.0,15.0,17.27,10001.0
"vivo T5x 5G (Cyber Green, 128 GB)",22999,28999,4.4,vivo,5072,Dimensity 7400-Turbo,344,6.0,128.0,20.0,17.17,7200.0
"vivo V70 FE (Monsoon Blue, 128 GB)",37999,41999,4.4,vivo,181,Dimensity 7360-Turbo,23,8.0,128.0,9.0,17.35,7000.0
"realme GT 7T (Racing Yellow, 256 GB)",30999,39999,4.3,realme,1043,Dimensity 8400-MAX,103,8.0,256.0,22.0,17.27,7000.0
LAVA A7 Torch+,1589,1899,4.0,LAVA,1759,Mtk,131,,,16.0,6.1,2575.0
"realme GT 7T (IceSense Blue, 256 GB)",30999,39999,4.3,realme,1043,Dimensity 8400-MAX,103,8.0,256.0,22.0,17.27,7000.0
"MOTOROLA Edge 60 Fusion 5G (PANTONE Mykonos Blue, 256 GB)",24999,25999,4.4,MOTOROLA,115882,Dimensity 7400,6741,8.0,256.0,3.0,16.94,5500.0
"REDMI Note 14 Pro 5G (Titan Black, 128 GB)",23999,28999,4.4,REDMI,5889,Dimensity 7300 Ultra,395,8.0,128.0,17.0,16.94,5500.0
"Apple iPhone 17 Pro Max (Silver, 256 GB)",134900,149900,4.8,Apple,709,"A19 Chip, 6 Core",51,,256.0,10.0,17.53,
"REDMI 15C 5G (Dusk Purple, 128 GB)",20316,21999,4.3,REDMI,164,,12,8.0,128.0,7.0,17.53,6000.0
Jio V4 BLUE,775,1699,4.0,Jio,91,NA,12,,,54.0,11.43,1000.0
BlackZone PEPSO,959,1699,4.3,BlackZone,64,,13,,,43.0,2.54,800.0
"vivo V70 FE (Northern Lights Purple, 256 GB)",40999,44999,4.4,vivo,181,Dimensity 7360-Turbo,23,8.0,256.0,8.0,17.35,7000.0
"realme P4x 5G (Matte Silver, 128 GB)",18499,21999,4.4,realme,8941,Dimensity 7400 Ultra,678,6.0,128.0,15.0,17.07,7000.0
"realme P4x 5G (Elegant Pink, 128 GB)",18499,21999,4.4,realme,8941,Dimensity 7400 Ultra,678,6.0,128.0,15.0,17.07,7000.0
"realme P4x 5G (Lake Green, 128 GB)",18499,21999,4.4,realme,8941,Dimensity 7400 Ultra,678,6.0,128.0,15.0,17.07,7000.0
"Samsung Galaxy F56 5G (Violet, 128 GB)",23449,30999,4.4,Samsung,346,Exynos 1480,20,8.0,128.0,24.0,17.02,5000.0
"IQOO 15R 5G (Triumph Silver, 256 GB)",52990,56999,4.6,IQOO,74,,5,12.0,256.0,7.0,16.74,7600.0
"MOTOROLA Edge 60 Fusion 5G (PANTONE Amazonite, 256 GB)",24999,25999,4.4,MOTOROLA,115882,Dimensity 7400,6741,8.0,256.0,3.0,16.94,5500.0
UiSmart Ui06,1485,2199,4.0,UiSmart,1449,Feature Phone,128,,,32.0,4.5,1050.0
HOTLINE CLASSIC PROLITE,480,999,3.4,HOTLINE,74,NA,3,,,51.0,4.57,1100.0
"IQOO 15R 5G (Dark Knight, 256 GB)",49990,53999,4.7,IQOO,87,,12,8.0,256.0,7.0,16.74,7600.0
"vivo V70 FE (Northern Lights Purple, 256 GB)",44999,47999,4.3,vivo,58,Dimensity 7360-Turbo,5,12.0,256.0,6.0,17.35,7000.0
"realme 15T 5G (Suit Titanium, 128 GB)",27999,31999,4.2,realme,6294,MediaTek Dimensity 6400 MAX,441,8.0,128.0,12.0,16.69,7000.0
"realme P4 Power 5G (TransSilver, 128 GB)",27999,32999,4.5,realme,3759,Dimensity 7400 Ultra,340,8.0,128.0,15.0,17.27,10001.0
"vivo T5x 5G (Cyber Green, 128 GB)",22999,28999,4.4,vivo,5072,Dimensity 7400-Turbo,344,6.0,128.0,20.0,17.17,7200.0
"OPPO Reno15 Pro Mini 5G (Crystal Pink, 256 GB)",59999,64999,4.6,OPPO,542,Dimensity 8450,51,12.0,256.0,7.0,16.05,6200.0
"Samsung Galaxy S26 Ultra 5G (Sky Blue, 256 GB)",130999,139999,4.6,Samsung,419,Snapdragon 8 Elite Gen 5,84,12.0,256.0,6.0,17.53,5000.0
Easyfone Royale,5100,5990,4.1,Easyfone,1575,,153,,,14.0,7.11,1150.0
"vivo X300 (Mist Blue, 256 GB)",75999,83999,4.7,vivo,1149,Dimensity 9500,148,12.0,256.0,9.0,40.74,6040.0
Jmax DELUXE 6,599,999,4.0,Jmax,718,,58,,,40.0,4.57,1000.0
"Samsung Galaxy S25 5G (Silver Shadow, 256 GB)",62999,80999,4.6,Samsung,2873,8 Elite,336,12.0,256.0,22.0,15.75,4000.0
itel Ace2 Heera | King Talker | Auto Call Recording | Expendable Storage32GB,990,1099,4.0,itel,409,,19,,,9.0,4.57,1000.0
"realme GT 7T (Racing Yellow, 256 GB)",33499,42999,4.4,realme,627,Dimensity 8400-MAX,58,12.0,256.0,22.0,17.27,7000.0
"Infinix Note 12 (Force Black, 64 GB)",11999,15999,4.2,Infinix,28153,MediaTek Helio G88,2655,4.0,64.0,25.0,17.02,5000.0
"vivo X300 (Summit Red, 512 GB)",85999,93999,4.5,vivo,74,Dimensity 9500,8,16.0,512.0,8.0,40.74,6040.0
"realme C85 5G (Parrot Purple, 128.0 GB)",20999,24999,4.3,realme,181,Dimensity 6300,11,4.0,0.0,16.0,17.27,7000.0
"Samsung Galaxy S26 Ultra 5G (White, 512 GB)",150999,159999,4.6,Samsung,419,Snapdragon 8 Elite Gen 5,84,12.0,512.0,5.0,17.53,5000.0
"REDMI A7 Pro (Black, 64 GB)",11499,15999,3.3,REDMI,24,T7250,2,4.0,64.0,28.0,17.53,6300.0
Jio Bharat v4 black with upi,787,1699,3.8,Jio,365,NA,32,,,53.0,11.43,1000.0
"Samsung Galaxy S25 FE 5G (Jetblack, 512 GB)",62999,77999,4.5,Samsung,383,Exynos 2400,32,8.0,512.0,19.0,17.02,4900.0
"IQOO 15R 5G (Dark Knight, 256 GB)",53999,56999,4.6,IQOO,74,,5,12.0,256.0,5.0,16.74,7600.0
"IQOO 15R 5G (Triumph Silver, 256 GB)",48990,49999,4.7,IQOO,87,,12,8.0,256.0,2.0,16.74,7600.0
"MOTOROLA Signature (PANTONE Martini Olive, 1 TB)",67499,84999,4.4,MOTOROLA,484,Snapdragon 8 Gen 5,82,16.0,,20.0,17.27,5200.0
"OPPO K13 Turbo Pro 5G (Silver Knight, 256 GB)",31999,41999,4.3,OPPO,276,8s Gen 4 Mobile Platform,24,8.0,256.0,23.0,17.27,7000.0
"REDMI Note 14 Pro 5G (Phantom Purple, 128 GB)",23999,28999,4.4,REDMI,5889,Dimensity 7300 Ultra,395,8.0,128.0,17.0,16.94,5500.0
"realme Narzo Power (Titan Blue, 256 GB)",26099,37999,4.1,realme,7,,1,8.0,256.0,31.0,17.27,10001.0
LAVA A1 Tejas,1154,1499,4.0,LAVA,8,Mtk,1,,,23.0,5.08,1000.0
"POCO X7 5G (Glacier Green, 256 GB)",19999,27999,4.3,POCO,28853,Dimensity 7300 Ultra,2310,8.0,256.0,28.0,16.94,5500.0
LAVA A1 Josh,1099,1499,4.2,LAVA,23027,,2139,,,26.0,4.57,800.0
"realme P4 Power 5G (TransSilver, 128 GB)",27999,32999,4.5,realme,3759,Dimensity 7400 Ultra,340,8.0,128.0,15.0,17.27,10001.0
"vivo T5x 5G (Cyber Green, 128 GB)",22999,28999,4.4,vivo,5072,Dimensity 7400-Turbo,344,6.0,128.0,20.0,17.17,7200.0
"POCO C85x Charger in the Box (Emerald Green, 64 GB)",11999,20999,4.0,POCO,850,T8300,49,4.0,64.0,42.0,17.53,6300.0
leysky hotline H312 Amaze Keypad Phone,666,999,4.0,leysky,8,Mediatek,1,,,33.0,1.68,1100.0
"POCO X8 Pro (Iron man edition, 256 GB)",37999,48999,4.4,POCO,315,Dimensity 8500-Ultra,57,12.0,256.0,22.0,16.74,6500.0
"Apple iPhone 16 Plus (Pink, 256 GB)",87900,89900,4.6,Apple,3979,"A18 Chip, 6 Core",238,,256.0,2.0,17.02,
"OPPO Reno15 Pro Mini 5G (Glacier White, 256 GB)",59999,64999,4.6,OPPO,542,Dimensity 8450,51,12.0,256.0,7.0,16.05,6200.0
"vivo X300 (Mist Blue, 512 GB)",85999,93999,4.5,vivo,74,Dimensity 9500,8,16.0,512.0,8.0,40.74,6040.0
"vivo V70 (Lemon Yellow, 256 GB)",53999,1499,4.4,vivo,178,Snapdragon 7 Gen 4,18,12.0,256.0,20.0,16.74,6500.0
"vivo X300 (Mist Blue, 512 GB)",81990,89999,4.7,vivo,1149,Dimensity 9500,148,12.0,512.0,8.0,40.74,6040.0
"Samsung Galaxy A35 5G (Awesome Iceblue, 128 GB)",33999,1499,4.4,Samsung,77238,Samsung Exynos 1380,4996,8.0,128.0,20.0,16.76,5000.0
"vivo X300 (Elite Black, 512 GB)",85999,93999,4.5,vivo,74,Dimensity 9500,8,16.0,512.0,8.0,40.74,6040.0
"realme P4 Pro 5G (Birch Wood, 256 GB)",29999,32999,4.4,realme,4112,Snapdragon 7 Gen 4 Mobile,337,12.0,256.0,9.0,17.27,7000.0
"realme P4 Pro 5G (Dark Oak Wood, 256 GB)",27999,30999,4.4,realme,18129,Snapdragon 7 Gen 4 Mobile,1468,8.0,256.0,9.0,17.27,7000.0
itel King Signal Keypad Mobile | Type C Charging | Auto Call recording | Triple Sim,1390,1899,4.0,itel,101,,9,,,26.0,5.08,1500.0
"LAVA Blaze AMOLED 2 5G (Midnight Black, 128 GB)",15890,16999,4.3,LAVA,147,,22,6.0,128.0,6.0,17.02,5000.0
"REDMI Note 14 Pro 5G (Ivy Green, 256 GB)",25999,30999,4.4,REDMI,5889,Dimensity 7300 Ultra,395,8.0,256.0,16.0,16.94,5500.0
leysky Bold V1 Luxury Magic Voice Keypad Phone,2490,2999,4.3,leysky,21,Mediatek,1,,,16.0,4.57,1000.0
"Samsung Galaxy F17 5G (Violet Pop, 128 GB)",17990,25999,4.3,Samsung,146,Exynos 1330,7,6.0,128.0,30.0,17.02,5000.0
"realme 15x 5G (Maroon Red, 128 GB)",23999,28999,4.3,realme,3541,Dimensity 6300 6nm Octa-core chipset,249,6.0,128.0,17.0,17.27,7000.0
"realme P4 Power 5G (TransSilver, 128 GB)",27999,32999,4.5,realme,3759,Dimensity 7400 Ultra,340,8.0,128.0,15.0,17.27,10001.0
"vivo T5x 5G (Cyber Green, 128 GB)",22999,28999,4.4,vivo,5072,Dimensity 7400-Turbo,344,6.0,128.0,20.0,17.17,7200.0
"POCO M7 5G  - Locked with Airtel Prepaid (Satin Black, 128 GB)",12999,1499,4.1,POCO,77088,4 Gen 2 5G,3683,6.0,128.0,20.0,17.48,5160.0
"POCO C81x (Ice Blue, 64 GB)",9999,18999,3.9,POCO,9,T7250,1,3.0,64.0,47.0,17.48,5200.0
Kechaoda K115,999,1499,4.1,Kechaoda,44068,NA,2724,,32.0,33.0,3.66,850.0
"OnePlus Nord CE5 5G (Nexus Blue, 128 GB)",28999,1499,4.5,OnePlus,11336,,621,8.0,128.0,20.0,17.2,7100.0
"Samsung Galaxy A26 5G (Awesome black, Black, 128 GB)",23600,27999,4.0,Samsung,387,Samsung Exynos 1380,31,8.0,128.0,15.0,17.02,5000.0
"realme Narzo 100 Lite 5G (Frost Silver, 128 GB)",17949,31999,4.4,realme,5072,,344,6.0,128.0,43.0,17.27,7000.0
"LAVA Agni 3 5G (Pristine Glass, 128 GB)",21499,25999,3.8,LAVA,348,,35,8.0,128.0,17.0,17.02,5000.0
"OPPO Reno15 5G (Glacier White, 512 GB)",55999,59999,4.5,OPPO,316,7 Gen 4,21,12.0,512.0,6.0,16.74,6500.0
"OPPO Reno15 5G (Glacier White, 256 GB)",47999,49999,4.5,OPPO,606,7 Gen 4,67,8.0,256.0,4.0,16.74,6500.0
"Samsung Galaxy S26 5G (Black, 512 GB)",99999,107999,4.5,Samsung,156,2600,26,12.0,512.0,7.0,16.0,4300.0
"Samsung Galaxy S26 5G (White, 512 GB)",99999,107999,4.5,Samsung,156,2600,26,12.0,512.0,7.0,16.0,4300.0
"Samsung Galaxy S26 5G (Sky Blue, 512 GB)",99999,107999,4.5,Samsung,156,2600,26,12.0,512.0,7.0,16.0,4300.0
"Google Pixel 10 (Frost, 256 GB)",74999,79999,4.5,Google,1954,Tensor G5,148,12.0,256.0,6.0,16.0,4970.0
"REDMI 15C 5G (Moonlight Blue, 128 GB)",14950,15999,4.0,REDMI,239,,14,4.0,128.0,6.0,17.53,6000.0
Jmax Prime,828,1499,3.7,Jmax,50,,4,,,44.0,6.1,2250.0
"Samsung Galaxy S24 Exynos 5G (Marble Gray, 256 GB)",55999,79999,4.5,Samsung,6845,Exynos 2400,445,8.0,256.0,30.0,15.75,4000.0
Snexian BOLD A26,799,1499,3.4,Snexian,58,,1,,,46.0,1.68,600.0
HOTLINE 106,499,999,3.4,HOTLINE,1229,,63,,,50.0,4.5,1000.0
"realme NARZO 80 Pro 5G (Nitro Orange, 256 GB)",23950,25999,4.4,realme,1171,,65,8.0,256.0,7.0,17.02,6000.0
"Samsung Galaxy S26 5G (Sky Blue, 256 GB)",78200,87999,4.5,Samsung,156,2600,26,12.0,256.0,11.0,16.0,4300.0
"OPPO Reno15 Pro Mini 5G (Cocoa Brown, 512 GB)",64999,69999,4.6,OPPO,542,Dimensity 8450,51,12.0,512.0,7.0,16.05,6200.0
"Samsung Galaxy S26 Ultra 5G (Black, 512 GB)",150999,159999,4.6,Samsung,419,Snapdragon 8 Elite Gen 5,84,12.0,512.0,5.0,17.53,5000.0
"vivo T5x 5G (Cyber Green, 128 GB)",22999,28999,4.4,vivo,5072,Dimensity 7400-Turbo,344,6.0,128.0,20.0,17.17,7200.0
"OPPO F29 PRO 5G (Marble White, 256 GB)",27845,34999,4.4,OPPO,2146,,147,8.0,256.0,20.0,17.02,6000.0
"vivo Y51 Pro 5G (Festive Red, 256 GB)",30999,37999,4.5,vivo,97,,3,8.0,256.0,18.0,17.14,7200.0
"I Kall King Talking, Contact icon and Auto Call Recording",899,1299,3.6,I,23743,,1963,,,30.0,6.1,1000.0
"Coolpad CP12 Neo (Pink, 64 GB)",8999,9999,4.0,Coolpad,20,,2,8.0,64.0,10.0,16.66,5000.0
"IQOO Z11X 5G (‎Titan Black, 128 GB)",23999,29999,4.4,IQOO,384,MediaTek Dimensity 7400-Turbo,31,6.0,128.0,20.0,17.17,7200.0
Gamma M25,1494,2999,4.5,Gamma,15,,9,,,50.0,4.5,1000.0
"POCO M7 Plus 5G (Chrome Silver, 128 GB)",17999,1499,4.3,POCO,4819,Snapdragon 6s Gen 3 5G,303,8.0,128.0,20.0,17.53,7000.0
"REDMI A4 (Starry Black, 64 GB)",12989,12999,4.2,REDMI,15905,,692,4.0,64.0,20.0,17.48,5160.0
"Samsung Galaxy A56 5G (Awesome Light Gray, 256 GB)",52499,52999,4.4,Samsung,605,Samsung Exynos 1580,51,12.0,256.0,20.0,17.02,5000.0
"Infinix Note edge (Stellar Blue, 256 GB)",25999,34999,4.3,Infinix,107,Dimensity 7100,14,8.0,256.0,25.0,17.22,6500.0
"Samsung Galaxy F14 5G (OMG Black, 128 GB)",18490,1499,4.2,Samsung,122770,"Exynos 1330, Octa Core",8904,6.0,128.0,20.0,16.76,6000.0
"Samsung Galaxy S24 5G Snapdragon (Cobalt Violet, 128 GB)",49999,74999,4.6,Samsung,57084,8 Gen 3,3711,8.0,128.0,33.0,15.75,4000.0
"Samsung Galaxy F04 (Opal Green, 64 GB)",11499,1499,4.2,Samsung,109532,Mediatek Helio P35,6121,4.0,64.0,20.0,16.51,5000.0
hmd 150 music DS,2264,2899,4.3,hmd,31,,4,,,21.0,6.1,2500.0
"realme 15 5G (Silk Pink, 256 GB)",31999,1499,4.4,realme,10790,Mediatek Dimensity 7300+ 5G,895,8.0,256.0,20.0,17.27,7000.0
"realme 15 5G (Velvet Green, 128 GB)",29999,1499,4.4,realme,10790,Mediatek Dimensity 7300+ 5G,895,8.0,128.0,20.0,17.27,7000.0
"REDMI Note-14 Pro+ 5G (Titan Black, 128 GB)",28995,34999,4.4,REDMI,697,7s Gen 3,37,8.0,128.0,17.0,16.94,6200.0
"Samsung Galaxy F06 5G (Bahama Blue, 64 GB)",12499,14999,4.2,Samsung,44942,Dimensity 6300,2871,4.0,64.0,16.0,17.02,5000.0
"OPPO A6 5G (Sapphire Blue, 128 GB)",23999,30999,4.3,OPPO,50,Dimensity 6300,3,6.0,128.0,22.0,17.14,7000.0
"OPPO A6 5G (Ice White, 128 GB)",23999,30999,4.3,OPPO,50,Dimensity 6300,3,6.0,128.0,22.0,17.14,7000.0
"OPPO F29 Pro 5G (Marble White, 256 GB)",34999,1499,4.4,OPPO,2146,Dimensity 7300,147,8.0,256.0,20.0,17.02,6000.0
"OPPO A6 Pro 5G (Cappuccino Brown, 256 GB)",29999,34999,4.3,OPPO,108,Dimensity 6300,9,8.0,256.0,14.0,17.14,7000.0
"OnePlus 11 5G (Titan Black, 256 GB)",53032,61999,4.5,OnePlus,1914,,160,16.0,256.0,14.0,17.02,5000.0
"OPPO F33 Pro 5G (Misty Forest, 128 GB)",37999,55999,4.3,OPPO,26,Dimensity 6360 MAX,18,8.0,128.0,32.0,16.69,7000.0
"Samsung Galaxy Z Flip5 (Mint, 256 GB)",99999,102999,4.4,Samsung,847,Snapdragon 8 Gen 2,51,8.0,256.0,2.0,17.02,3700.0
"vivo T5x 5G (Cyber Green, 128 GB)",22999,28999,4.4,vivo,5072,Dimensity 7400-Turbo,344,6.0,128.0,20.0,17.17,7200.0
"realme GT 8 Pro (Diary White, 256 GB)",72999,79999,4.3,realme,59,8 Elite Gen 5,5,12.0,256.0,8.0,17.25,7000.0
"realme Narzo 80 Lite 5G (Crystal Purple, 128 GB)",18990,18999,4.3,realme,8526,,368,6.0,128.0,20.0,16.94,6000.0
"realme Narzo 80 Lite 5G (Onyx Black, 128 GB)",18990,18999,4.3,realme,8526,,368,6.0,128.0,20.0,16.94,6000.0
"OPPO F31 Pro 5G (Space Grey, 128 GB)",27999,31999,4.4,OPPO,919,Dimensity 7300,65,8.0,128.0,12.0,16.69,7000.0
"IQOO Z11X 5G (Prismatic Green, 128 GB)",23976,30999,4.3,IQOO,573,MediaTek Dimensity 7400-Turbo,51,8.0,128.0,22.0,17.17,7200.0
"realme Narzo 80 Pro 5G (Racing Green, 256 GB)",23989,25999,4.4,realme,1171,,65,8.0,256.0,7.0,17.2,6000.0
"REDMI A7 Pro (Sunset Orange, 64 GB)",11499,15999,3.3,REDMI,24,T7250,2,4.0,64.0,28.0,17.53,6300.0
"OPPO A6 5G (Sapphire Blue, 256 GB)",25999,32999,4.3,OPPO,50,Dimensity 6300,3,6.0,256.0,21.0,17.14,7000.0
"Peace MINI 2 (Gold, 32 GB)",4900,4999,3.0,Peace,34,,0,3.0,32.0,1.0,7.49,2000.0
"Samsung Galaxy A07 5G (Light Violet, 128 GB)",15499,18999,3.9,Samsung,25,Dimensity 6300,1,4.0,128.0,18.0,43.51,6000.0
"Motorola G32 (Mineral Gray, 64 GB)",16999,1499,4.2,Motorola,46613,Qualcomm Snapdragon 680,3930,4.0,64.0,20.0,16.51,5000.0
"REDMI Note 15 Pro 5G (Carbon Black, 128 GB)",33990,33999,4.2,REDMI,91,,7,8.0,128.0,20.0,17.35,6580.0
"REDMI Note 15 Pro 5G (Mirage Blue, 128 GB)",33990,33999,4.2,REDMI,91,,7,8.0,128.0,20.0,17.35,6580.0
"REDMI Note-14 Pro+ 5G (Spectre Blue, 512 GB)",38999,39999,4.4,REDMI,533,7s Gen 3,18,12.0,512.0,2.0,16.94,6200.0
Jio F320-B LYF,2999,3499,3.4,Jio,221,qaualcom,10,,,14.0,6.1,1500.0
"OPPO A6 5G (Ice White, 256 GB)",25999,32999,4.3,OPPO,50,Dimensity 6300,3,6.0,256.0,21.0,17.14,7000.0
"MOTOROLA edge 70 pro (Satin-Luxe PANTONE Tea (Green), 256 GB)",38999,51999,3.7,MOTOROLA,16,Dimensity 8500 Extreme,3,8.0,256.0,25.0,17.27,6500.0
"POCO X7 5G (Yellow, 128 GB)",17999,24999,4.3,POCO,28853,Dimensity 7300 Ultra,2310,8.0,128.0,28.0,16.94,5500.0
I Kall K 19 CAr,1305,1999,4.0,I,1790,,95,,,34.0,4.5,800.0
"Acer Super ZX 5G (Carbon Black,, 128 GB)",16999,19999,4.0,Acer,484,,44,6.0,128.0,15.0,17.02,5000.0
"Samsung Galaxy A07 5G (Black, 128 GB)",15499,18999,3.9,Samsung,25,Dimensity 6300,1,4.0,128.0,18.0,43.51,6000.0
"realme Narzo 100 Lite 5G (Thunder Black, 128 GB)",14925,24999,4.4,realme,5072,,344,4.0,128.0,40.0,17.27,7000.0
"realme Narzo 100 Lite 5G (Frost Silver, 64 GB)",13930,24999,4.4,realme,5072,Dimensity 6300 MT6835,344,4.0,64.0,44.0,17.27,7000.0
"realme P4 Power 5G (TransSilver, 128 GB)",27999,32999,4.5,realme,3759,Dimensity 7400 Ultra,340,8.0,128.0,15.0,17.27,10001.0
"vivo T5x 5G (Cyber Green, 128 GB)",22999,28999,4.4,vivo,5072,Dimensity 7400-Turbo,344,6.0,128.0,20.0,17.17,7200.0
"realme Narzo 100 Lite 5G (Frost Silver, 128 GB)",14875,27999,4.4,realme,5072,,344,4.0,128.0,46.0,17.27,7000.0
G'Five A11-C,690,999,3.5,G,38,UNISOC,4,,,30.0,4.57,1150.0
"Google Pixel 10 Pro XL (Obsidian, 256 GB)",124999,1499,4.5,Google,173,Tensor G5,16,16.0,256.0,20.0,17.27,5200.0
"realme C83 5G (Sprouting Green, 64 GB)",15499,19999,4.1,realme,123,Dimensity 6300,6,4.0,64.0,22.0,17.27,7000.0
"REDMI 13 5G (Orchid Pink, 128 GB)",17795,19999,4.2,REDMI,15624,Qualcomm SM4450 Snapdragon 4 Gen 2 AE (4 nm),812,8.0,128.0,11.0,17.25,5030.0
"OPPO A5 5G (Aurora Green, 128 GB)",18499,19499,4.3,OPPO,398,Dimensity 6300,15,6.0,128.0,5.0,16.94,6000.0
"Infinix Note edge (Lunar Titanium, 256 GB)",25999,34999,4.3,Infinix,107,Dimensity 7100,14,8.0,256.0,25.0,17.22,6500.0
"Infinix Note edge (Lunar Titanium, 128 GB)",23999,29999,4.3,Infinix,107,Dimensity 7100,14,8.0,128.0,20.0,17.22,6500.0
"Infinix Note edge (Silk Green, 128 GB)",23999,29999,4.3,Infinix,107,Dimensity 7100,14,8.0,128.0,20.0,17.22,6500.0
"realme Gt 7 (Icesense Blue, 256 GB)",36999,45999,4.4,realme,704,Dimensity,88,8.0,256.0,19.0,17.02,7000.0
"realme C83 5G (Sprouting Green, 128 GB)",19499,23999,4.0,realme,22,Dimensity 6300,1,6.0,128.0,18.0,17.27,7000.0
"realme C83 5G (Blooming Purple, 128 GB)",19499,23999,4.0,realme,22,Dimensity 6300,1,6.0,128.0,18.0,17.27,7000.0
LAVA A1 Vibe DS Keypad Phone|1000 mAh Battery|0.3MP Rear Camera|Expandable Upto 32 GB,1297,1499,4.1,LAVA,213,,6,,,13.0,4.5,1000.0
itel Ace2 Heera | King Talker | Auto Call Recording | Expendable Storage32GB,1049,1199,4.0,itel,409,,19,,,12.0,4.57,1000.0
"OPPO A6 Pro 5G (Aurora Gold, 256 GB)",29999,34999,4.3,OPPO,108,Dimensity 6300,9,8.0,256.0,14.0,17.14,7000.0
Kechaoda K9,1249,1700,4.1,Kechaoda,3782,,305,,,26.0,6.1,1700.0
"Samsung Galaxy S26 5G (Black, 256 GB)",79999,87999,4.5,Samsung,156,2600,26,12.0,256.0,9.0,16.0,4300.0
"vivo V70 Elite (Sand Beige, 256 GB)",54999,1499,4.6,vivo,531,Snapdragon 8s Gen 3,67,8.0,256.0,20.0,16.74,6500.0
"vivo V70 Elite (Authentic Black, 256 GB)",54999,1499,4.6,vivo,531,Snapdragon 8s Gen 3,67,8.0,256.0,20.0,16.74,6500.0
"Samsung Galaxy S26 Ultra 5G (Black, 256 GB)",127999,139999,4.6,Samsung,419,Snapdragon 8 Elite Gen 5,84,12.0,256.0,8.0,17.53,5000.0
"realme 15x 5G (Marine Blue, 256 GB)",27999,33999,4.3,realme,3370,Dimensity 6300 6nm Octa-core chipset,240,8.0,256.0,17.0,17.27,7000.0
"Peace MINI 4 (Silver, 32 GB)",5499,5999,3.5,Peace,340,,19,3.0,32.0,8.0,9.53,2000.0
MOTOROLA A50G Dual Sim Keypad Phone|1750 mAh Battery|1.8inch Display|Expandable Upto 32GB,1154,1799,4.1,MOTOROLA,986,,60,,,35.0,4.57,1750.0
"realme 15x 5G (Marine Blue, 128 GB)",25999,30999,4.3,realme,3370,Dimensity 6300 6nm Octa-core chipset,240,8.0,128.0,16.0,17.27,7000.0
"vivo T5x 5G (Cyber Green, 128 GB)",22999,28999,4.4,vivo,5072,Dimensity 7400-Turbo,344,6.0,128.0,20.0,17.17,7200.0
"Tecno Spark 50 5G (Fantasy Purple, 128 GB)",18499,27999,4.2,Tecno,20,Dimensity 6400,3,4.0,128.0,33.0,17.22,6500.0
itel It9120,2200,2499,4.0,itel,23,,3,,,11.0,6.1,1200.0
"Tecno Spark 50 5G (Ink Black, 128 GB)",18499,27999,4.2,Tecno,20,Dimensity 6400,3,4.0,128.0,33.0,17.22,6500.0
"REDMI Note-14 Pro+ 5G (Spectre Blue, 256 GB)",30999,36999,4.4,REDMI,697,7s Gen 3,37,8.0,256.0,16.0,16.94,6200.0
Kechaoda K28,1249,1499,4.0,Kechaoda,5445,NA,392,,,16.0,6.1,1700.0
Jmax Prime1,899,1999,3.8,Jmax,196,,19,,,55.0,6.1,2250.0
Nokia 106DS 2023,1849,1899,3.7,Nokia,47,,5,,,2.0,4.57,1000.0
KARBONN K531 Dual Sim Keypad Phone|1750 mAh Battery|0.3MP Camera|Expandable Upto 32 GB,1398,1799,3.9,KARBONN,2015,,126,,,22.0,6.1,1800.0
"Samsung Galaxy M16 5G (Mint Green, 128 GB)",17499,1499,4.2,Samsung,1382,,70,6.0,128.0,20.0,17.02,5000.0
FONEME FM2,579,999,3.5,FONEME,4014,,167,,,42.0,4.57,1000.0
"OPPO F27 Pro+ (Midnight Navy, 256 GB)",34999,1499,4.3,OPPO,13759,Dimensity 7050,625,8.0,256.0,20.0,17.02,5000.0
LAVA A9,1899,1499,4.1,LAVA,8552,,801,,,20.0,7.11,1700.0
itel Circle 1,1891,1899,4.0,itel,2506,,108,32.0,32.0,20.0,3.35,500.0
Snexian ROCK FOLD MINI,2081,2999,3.6,Snexian,172,,11,,,30.0,7.11,2500.0
Good One Magic,1611,2299,3.9,Good,4340,,340,,,29.0,4.32,1050.0
Geotel K9 Flip,1485,1999,3.9,Geotel,1145,Feature Phone,59,,,25.0,4.32,1200.0
"OPPO F27 Pro+ (Dusk Pink, 128 GB)",32999,1499,4.3,OPPO,13759,Dimensity 7050,625,8.0,128.0,20.0,17.02,5000.0
Jmax PRO,499,999,3.2,Jmax,35,No,7,,,50.0,4.57,1150.0
"Tecno Spark 50 5G (Ink Black, 128 GB)",20499,31999,4.2,Tecno,21,Dimensity 6400,0,6.0,128.0,35.0,17.22,6500.0
"vivo T5x 5G (Cyber Green, 128 GB)",22999,28999,4.4,vivo,5072,Dimensity 7400-Turbo,344,6.0,128.0,20.0,17.17,7200.0
Gamma M25,1619,2999,4.5,Gamma,15,,9,,,46.0,4.5,1000.0
"Tecno Spark 50 5G (Champagne Gold, 128 GB)",20499,31999,4.2,Tecno,21,Dimensity 6400,0,6.0,128.0,35.0,17.22,6500.0
"Tecno Spark 50 5G (Fantasy Purple, 128 GB)",20499,31999,4.2,Tecno,21,Dimensity 6400,0,6.0,128.0,35.0,17.22,6500.0
"Samsung Galaxy S25 Edge 5G (Titanium Silver, 256 GB)",69999,109999,4.6,Samsung,68,Qualcomm Snapdragon 8 Elite for Galaxy,5,12.0,256.0,36.0,16.91,3900.0
"Infinix HOT 60i 5G (Monsoon Green, 128 GB)",14999,15999,4.3,Infinix,1459,Dimensity 6400,123,4.0,128.0,6.0,17.14,6000.0
"REDMI Note 14 Pro+ 5G (Spectre Blue, 128 GB)",28999,34999,4.4,REDMI,3244,7s Gen 3,264,8.0,128.0,17.0,16.94,6200.0
"Google Pixel 10 Pro (Jade, 256 GB)",109999,1499,4.6,Google,433,Tensor G5,42,16.0,256.0,20.0,16.0,4870.0
"Samsung Galaxy A17 5G Charger in the Box (Blue, 256 GB)",26880,27800,4.3,Samsung,962,Samsung Exynos 1330,71,8.0,256.0,3.0,17.02,5000.0
itel Circle 1,1891,1899,4.0,itel,2506,,108,32.0,32.0,20.0,3.35,500.0
"Samsung Galaxy A34 5G (Awesome Lime, 128 GB)",35499,1499,4.3,Samsung,7165,"Dimensity 1080, Octa Core",567,8.0,128.0,20.0,16.76,5000.0
"OPPO F33 Pro 5G (Misty Forest, 256 GB)",40999,58999,4.3,OPPO,26,Dimensity 6360 MAX,18,8.0,256.0,30.0,16.69,7000.0
"IQOO Z10R 5G (Moonstone, 256 GB)",27499,1499,4.3,IQOO,809,,54,12.0,256.0,20.0,17.2,5700.0
"Tecno Spark 50 5G (Champagne Gold, 128 GB)",18499,27999,4.2,Tecno,20,Dimensity 6400,3,4.0,128.0,33.0,17.22,6500.0
"OPPO F31 5G (Bloom Red, 256 GB)",28999,29999,4.3,OPPO,1954,Dimensity 6300,103,8.0,256.0,3.0,16.69,7000.0
"realme GT 8 Pro (Urban Blue, 256 GB)",72999,79999,4.3,realme,59,8 Elite Gen 5,5,12.0,256.0,8.0,17.25,7000.0
"REDMI Note-14 Pro+ 5G (Titan Black, 256 GB)",29390,36999,4.4,REDMI,697,7s Gen 3,37,8.0,256.0,20.0,16.94,6200.0
"Motorola G34 5G (Ocean Green, 128 GB)",14999,1499,4.2,Motorola,143301,Snapdragon 695 5G,9790,8.0,128.0,20.0,16.51,5000.0
KARBONN K-Phone 1 DS Feature Phone|1400 mAh Battery|1.3MP Camera|Expandable Upto 32 GB,1220,1599,4.1,KARBONN,108,,3,,,23.0,6.1,1400.0
Good One Magic,1499,2299,3.9,Good,4340,,340,,,34.0,4.32,1050.0
"realme 15 5G (Silk Pink, 128 GB)",29999,1499,4.4,realme,10790,Mediatek Dimensity 7300+ 5G,895,8.0,128.0,20.0,17.27,7000.0
HOTLINE H310,500,999,3.5,HOTLINE,7816,,497,,,49.0,4.57,1000.0
"OPPO Reno15 Pro 5G (Sunset Gold, 256 GB)",67999,74999,4.6,OPPO,111,Dimensity 8450,13,12.0,256.0,9.0,17.22,6500.0
"KARBONN K9 Sleek,Dual SIM,Keypad Mobile,2.4""Corved Glass,1750mAh Battery,Expandable,32GB",1349,1899,3.9,KARBONN,438,NA,30,,,28.0,6.1,1750.0
"realme P4 Power 5G (TransSilver, 128 GB)",27999,32999,4.5,realme,3759,Dimensity 7400 Ultra,340,8.0,128.0,15.0,17.27,10001.0
"vivo T5x 5G (Cyber Green, 128 GB)",22999,28999,4.4,vivo,5072,Dimensity 7400-Turbo,344,6.0,128.0,20.0,17.17,7200.0
"POCO M7 5G  - Locked with Airtel Prepaid (Mint Green, 128 GB)",12999,1499,4.1,POCO,77088,4 Gen 2 5G,3683,6.0,128.0,20.0,17.48,5160.0
hmd 100 SS (Grey),954,1099,4.0,hmd,18,,1,,,13.0,4.5,800.0
MOTOROLA A50G Dual Sim Keypad Phone|1750 mAh Battery|1.8inch Display|Expandable Upto 32GB,1168,1649,4.1,MOTOROLA,986,,60,,,29.0,4.57,1750.0
"Samsung Galaxy S25 Edge 5G (Titanium Jetblack, 256 GB)",69999,109999,4.6,Samsung,68,Qualcomm Snapdragon 8 Elite for Galaxy,5,12.0,256.0,36.0,16.91,3900.0
"Samsung Galaxy S26 Ultra 5G (Cobalt Violet, 256 GB)",127999,139999,4.6,Samsung,419,Snapdragon 8 Elite Gen 5,84,12.0,256.0,8.0,17.53,5000.0
"LAVA Storm Play 5G (Frosty Blue, 256 GB)",16990,18999,4.0,LAVA,18,,2,8.0,256.0,10.0,17.02,5000.0
"OPPO Reno15 5G (Twilight Blue, 256 GB)",50999,54999,4.5,OPPO,316,7 Gen 4,21,12.0,256.0,7.0,16.74,6500.0
"realme 16 5G (Air White, 256 GB)",33999,44999,4.0,realme,346,Dimensity 6400 Turbo,44,8.0,256.0,24.0,16.69,7000.0
"vivo Y05 (Champagne Gold, 64 GB)",12999,22999,4.4,vivo,5072,T7225,344,4.0,64.0,43.0,17.12,6500.0
"Samsung Galaxy S26 5G (White, 256 GB)",79999,87999,4.5,Samsung,156,2600,26,12.0,256.0,9.0,16.0,4300.0
"vivo V70 Elite (Passion Red, 256 GB)",59999,1499,4.5,vivo,315,Snapdragon 8s Gen 3,37,12.0,256.0,20.0,16.74,6500.0
"Samsung Galaxy F56 5G (Violet, 256 GB)",26480,33999,4.4,Samsung,346,Exynos 1480,20,8.0,256.0,22.0,17.02,5000.0
"realme Narzo 100 Lite 5G (Thunder Black, 128 GB)",17987,31999,4.4,realme,5072,,344,6.0,128.0,43.0,17.27,7000.0
"REDMI 13 5G (Hawaiian Blue, 128 GB)",17609,19999,4.2,REDMI,15624,,812,8.0,128.0,11.0,17.25,5030.0
"Samsung Galaxy S26 Ultra 5G (Cobalt Violet, 512 GB)",134801,159999,4.6,Samsung,419,Snapdragon 8 Elite Gen 5,84,12.0,512.0,15.0,17.53,5000.0
"I Kall King Talking, Contact icon and Auto Call Recording",899,1299,3.6,I,23743,,1963,,,30.0,6.1,1000.0
"Samsung Galaxy S24 FE 5G (Mint, 256 GB)",45999,65999,4.5,Samsung,78184,Exynos 2400e,5470,8.0,256.0,30.0,17.02,4700.0
"Samsung Galaxy S24 FE 5G (Blue, 128 GB)",39999,59999,4.5,Samsung,78184,Exynos 2400e,5470,8.0,128.0,33.0,17.02,4700.0
"Samsung Galaxy S24 FE 5G (Graphite, 256 GB)",45999,65999,4.5,Samsung,78184,Exynos 2400e,5470,8.0,256.0,30.0,17.02,4700.0
"LAVA Play Ultra 5G (Arctic Slate, 128 GB)",16999,17999,3.5,LAVA,24,,5,6.0,128.0,5.0,17.02,5000.0
"realme Narzo 80 Pro 5G (Speed Silver, 256 GB)",25800,27999,4.5,realme,182,,20,12.0,256.0,7.0,17.2,6000.0
"Samsung Galaxy S24 Exynos 5G (Amber Yellow, 512 GB)",61999,89999,4.5,Samsung,6845,Exynos 2400,445,8.0,512.0,31.0,15.75,4000.0
