Product Name,Price,Original Price,Discount,Rating,Reviews,Features,Page Number
"vivo T5x 5G (Cyber Green, 128 GB)","₹22,999","₹28,999",20% off,4.4,"5,072 Ratings & 344 Reviews",6 GB RAM | 128 GB ROM | 17.17 cm (6.76 inch) Display | 50MP + 2MP | 32MP Front Camera | 7200 mAh Li-ion Battery | Dimensity 7400-Turbo Processor | 1 Year Manufacturer Warranty for Device and 6 Months Manufacturer Warranty for Inbox Accessories,1
"Ai+ Pulse 2 (Blue, 64 GB)","₹8,999","₹10,999",18% off,4.3,"1,512 Ratings & 98 Reviews",4 GB RAM | 64 GB ROM | Expandable Upto 1 TB | 17.13 cm (6.745 inch) HD+ Display | 50MP Rear Camera | 8MP Front Camera | 6000 mAh Battery | T7250 Processor | 1 Year Warranty on Handset and 6 Months Warranty on the Inbox Accessories,1
"IQOO Z11x 5G (Prismatic Green, 128 GB)","₹21,645","₹28,999",25% off,4.4,384 Ratings & 31 Reviews,6 GB RAM | 128 GB ROM | 17.02 cm (6.7 inch) Display | 50MP Rear Camera | 7200 mAh Battery | 12 Months Brand Warranty,1
"Ai+ Pulse 2 (Green, 64 GB)","₹8,999","₹10,999",18% off,4.3,"1,512 Ratings & 98 Reviews",4 GB RAM | 64 GB ROM | Expandable Upto 1 TB | 17.13 cm (6.745 inch) HD+ Display | 50MP Rear Camera | 8MP Front Camera | 6000 mAh Battery | T7250 Processor | 1 Year Warranty on Handset and 6 Months Warranty on the Inbox Accessories,1
"IQOO Z11x 5G (Titan Black, 128 GB)","₹21,972","₹28,999",24% off,4.4,384 Ratings & 31 Reviews,6 GB RAM | 128 GB ROM | 17.02 cm (6.7 inch) Display | 50MP Rear Camera | 7200 mAh Battery | 12 Months Brand Warranty,1
Kechaoda A27,₹899,"₹1,499",40% off,4,"16,828 Ratings & 888 Reviews",32 MB RAM | 32 MB ROM | Expandable Upto 16 GB | 1.68 cm (0.66 inch) QVGA Display | 0MP | 0MP Front Camera | 800 mAh Battery | NA Processor | 3 Months Company Warranty,1
HOTLINE TIGER,₹599,₹999,40% off,3.5,54 Ratings & 1 Reviews,32 MB RAM | 32 MB ROM | 4.5 cm (1.77 inch) Display | 1.3MP Rear Camera | 2500 mAh Battery | NA,1
"Nokia 105 Classic Single Sim Keypad Phone, Without Charger","₹1,042","₹1,349",22% off,4,"14,423 Ratings & 591 Reviews",32 MB RAM | 32 MB ROM | 4.5 cm (1.77 inch) Display | 0MP Front Camera | 800 mAh Battery | SC6531E Processor | 1 Month Company Domestic Warranty by Company Authorized Service Center.,1
"Ai+ Pulse 1 (Blue, 64 GB)","₹7,999",,,4.2,"42,010 Ratings & 2,778 Reviews",4 GB RAM | 64 GB ROM | Expandable Upto 1 TB | 17.13 cm (6.745 inch) HD+ Display | 50MP Rear Camera | 5MP Front Camera | 5000 mAh Battery | T615 Processor | 1 Year Warranty on Handset and 6 Months Warranty on the Inbox Accessories,1
"Ai+ Pulse 2 (Purple, 64 GB)","₹8,999","₹10,999",18% off,4.3,"1,512 Ratings & 98 Reviews",4 GB RAM | 64 GB ROM | Expandable Upto 1 TB | 17.13 cm (6.745 inch) HD+ Display | 50MP Rear Camera | 8MP Front Camera | 6000 mAh Battery | T7250 Processor | 1 Year Warranty on Handset and 6 Months Warranty on the Inbox Accessories,1
"MOTOROLA g06 power (Pantone tapestry, 64 GB)","₹9,999",,,4.2,"15,153 Ratings & 894 Reviews",4 GB RAM | 64 GB ROM | Expandable Upto 1 TB | 17.48 cm (6.88 inch) HD+ Display | 50MP Rear Camera | 8MP Front Camera | 7000 mAh Battery | Helio G81 Processor | 1 Year Warranty on Handset and 6 Months Warranty on Accessories,1
Jmax MINI,₹777,"₹1,499",48% off,3.7,262 Ratings & 8 Reviews,32 MB RAM | 32 MB ROM | 2.54 cm (1 inch) Display | 1MP Rear Camera | 800 mAh Battery | 1 Year Manufacturer Warranty,1
"REDMI A5 (Pondicherry Blue, 64 GB)","₹8,999",,,4.1,"8,118 Ratings & 390 Reviews",3 GB RAM | 64 GB ROM | Expandable Upto 2 TB | 17.48 cm (6.88 inch) HD+ Display | 32MP Rear Camera | 8MP Front Camera | 5200 mAh Battery | T7250 Processor | 1 Year Manufacturer Warranty for Handset and 6 Months Warranty for In the Box Accessories,1
"IQOO Z10 5G (Glacier Silver / Silver, 128 GB)","₹24,575","₹25,999",5% off,4.4,"6,592 Ratings & 333 Reviews",8 GB RAM | 128 GB ROM | 17.02 cm (6.7 inch) Display | 50MP Rear Camera | 7300 mAh Battery | 1 Year Warranty on Handset and 6 Months Warranty on Accessories,1
"IQOO Z11x 5G (Prismatic Green, 128 GB)","₹22,897","₹30,999",26% off,4.3,573 Ratings & 51 Reviews,8 GB RAM | 128 GB ROM | 17.02 cm (6.7 inch) Display | 50MP Rear Camera | 7200 mAh Battery | 12 Months Brand Warranty,1
"REDMI A5 (Jaisalmer Gold, 64 GB)","₹8,999",,,4.1,"8,118 Ratings & 390 Reviews",3 GB RAM | 64 GB ROM | Expandable Upto 2 TB | 17.48 cm (6.88 inch) HD+ Display | 32MP Rear Camera | 8MP Front Camera | 5200 mAh Battery | T7250 Processor | 1 Year Manufacturer Warranty for Handset and 6 Months Warranty for In the Box Accessories,1
Jmax MINI,₹777,"₹1,499",48% off,3.7,262 Ratings & 8 Reviews,32 MB RAM | 32 MB ROM | 2.54 cm (1 inch) Display | 1MP Rear Camera | 800 mAh Battery | 1 Year Manufacturer Warranty,1
"IQOO Z11x 5G (Titan Black, 256 GB)","₹26,688","₹33,999",21% off,4.3,573 Ratings & 51 Reviews,8 GB RAM | 256 GB ROM | 17.02 cm (6.7 inch) Display | 50MP Rear Camera | 7200 mAh Battery | 12 Months Brand Warranty,1
"realme P4 Lite (Beach Gold, 128 GB)","₹12,999","₹13,999",7% off,4.2,"1,759 Ratings & 79 Reviews",4 GB RAM | 128 GB ROM | 17.14 cm (6.75 inch) HD+ Display | 13MP Rear Camera | 5MP Front Camera | 6300 mAh Battery | T7250 Processor | 1 Year Manufacturer Warranty for Device and 6 Months Manufacturer Warranty for Inbox Accessories,1
"MOTOROLA g35 5G (Leaf Green, 128 GB)","₹12,499",,,4.2,"1,33,905 Ratings & 8,228 Reviews",4 GB RAM | 128 GB ROM | Expandable Upto 1 TB | 17.07 cm (6.72 inch) Full HD+ Display | 50MP + 8MP | 16MP Front Camera | 5000 mAh Battery | T760 Processor | 12 5G Bands with VoNR|4K Video Recording|Vision Booster Technology | 1 Year on Handset and 6 Months on Accessories,1
Kechaoda K115,₹999,"₹1,499",33% off,4.1,"44,068 Ratings & 2,724 Reviews",32 MB RAM | 32 MB ROM | 3.66 cm (1.44 inch) QVGA Display | 0.3MP Rear Camera | 850 mAh Battery | 3 Months Company Warranty,1
Kechaoda K115,₹997,"₹1,499",33% off,4.1,"44,068 Ratings & 2,724 Reviews",32 MB RAM | 32 MB ROM | Expandable Upto 32 GB | 3.66 cm (1.44 inch) QVGA Display | 0.3MP + 0MP | 0MP Front Camera | 850 mAh Battery | NA Processor | 3 Months Company Warranty,1
"Ai+ Pulse 2 (Pink, 128 GB)","₹9,999","₹11,999",16% off,3.9,"1,566 Ratings & 117 Reviews",6 GB RAM | 128 GB ROM | Expandable Upto 1 TB | 17.13 cm (6.745 inch) HD+ Display | 50MP Rear Camera | 8MP Front Camera | 6000 mAh Battery | T7250 Processor | 1 Year Warranty on Handset and 6 Months Warranty on the Inbox Accessories,1
"realme P4 Lite 5G (Mosaic Green, 64 GB)","₹13,499","₹19,999",32% off,4.2,"1,715 Ratings & 111 Reviews",4 GB RAM | 64 GB ROM | 17.27 cm (6.8 inches) HD+ Display | 13MP Rear Camera | 5MP Front Camera | 7000 mAh lithium-ion polymer Battery | Dimensity 6300 Processor | 1 Year Manufacturer Warranty for Device and 6 Months Manufacturer Warranty for Inbox Accessories,1
"realme P4 Lite 5G (Mosaic Green, 64 GB)","₹13,499","₹19,999",32% off,4.2,"1,715 Ratings & 111 Reviews",4 GB RAM | 64 GB ROM | 17.27 cm (6.8 inches) HD+ Display | 13MP Rear Camera | 5MP Front Camera | 7000 mAh lithium-ion polymer Battery | Dimensity 6300 Processor | 1 Year Manufacturer Warranty for Device and 6 Months Manufacturer Warranty for Inbox Accessories,2
Kechaoda A26,₹899,"₹1,499",40% off,4,"30,888 Ratings & 1,653 Reviews",32 MB RAM | 32 MB ROM | Expandable Upto 16 GB | 1.68 cm (0.66 inch) QVGA Display | 0MP | 0MP Front Camera | 800 mAh Battery | NA Processor | 3 Months Company Warranty,2
"realme P4 Power 5G (TransSilver, 128 GB)","₹27,999","₹32,999",15% off,4.5,"3,759 Ratings & 340 Reviews",8 GB RAM | 128 GB ROM | 17.27 cm (6.8 inch) Full HD+ AMOLED Display | 50MP + 8MP | Yes | 10001 mAh Battery | Dimensity 7400 Ultra Processor | 1 Year Manufacturer Warranty for Device and 6 Months Manufacturer Warranty for Inbox Accessories,2
"vivo T5x 5G (Cyber Green, 128 GB)","₹22,999","₹28,999",20% off,4.4,"5,072 Ratings & 344 Reviews",6 GB RAM | 128 GB ROM | 17.17 cm (6.76 inch) Display | 50MP + 2MP | 32MP Front Camera | 7200 mAh Li-ion Battery | Dimensity 7400-Turbo Processor | 1 Year Manufacturer Warranty for Device and 6 Months Manufacturer Warranty for Inbox Accessories,2
HOTLINE ROYAL,₹499,₹999,50% off,3.6,"2,029 Ratings & 85 Reviews",32 MB RAM | 32 MB ROM | 4.57 cm (1.8 inch) Display | 1.3MP Rear Camera | 1000 mAh Battery | 3 Month warranty,2
"IQOO Z11x 5G (Titan Black, 128 GB)","₹23,712","₹30,990",23% off,4.3,573 Ratings & 51 Reviews,8 GB RAM | 128 GB ROM | 17.02 cm (6.7 inch) Display | 50MP Rear Camera | 7200 mAh Battery | 12 Months Brand Warranty,2
Kechaoda K28,"₹1,269","₹1,499",15% off,4,"5,445 Ratings & 392 Reviews",32 MB RAM | 64 MB ROM | Expandable Upto 16 GB | 6.1 cm (2.4 inch) QVGA Display | 0.3MP Rear Camera | 1700 mAh Battery | 3 Months Company Warranty,2
"REDMI A5 (Just Black, 64 GB)","₹8,999",,,4.1,"8,118 Ratings & 390 Reviews",3 GB RAM | 64 GB ROM | Expandable Upto 2 TB | 17.48 cm (6.88 inch) HD+ Display | 32MP Rear Camera | 8MP Front Camera | 5200 mAh Battery | T7250 Processor | 1 Year Manufacturer Warranty for Handset and 6 Months Warranty for In the Box Accessories,2
GFive A5-C,₹549,₹999,45% off,3.6,88 Ratings & 4 Reviews,32 MB RAM | 32 MB ROM | Expandable Upto 16 GB | 4.57 cm (1.8 inch) NA Display | 1MP Rear Camera | 1000 mAh Battery | NA Processor | 1 Year Service Warranty,2
"realme P4x 5G (Matte Silver, 256 GB)","₹20,999",,,4.3,"4,383 Ratings & 325 Reviews",8 GB RAM | 256 GB ROM | 17.07 cm (6.72 inch) Full HD+ Display | 50MP + 2MP | 8MP Front Camera | 7000 mAh Battery | Dimensity 7400 Ultra Processor | 1 Year Manufacturer Warranty for Phone and 6 Months Warranty for In-Box Accessories,2
HOTLINE H310,₹499,₹999,50% off,3.5,"7,816 Ratings & 497 Reviews",32 MB RAM | 32 MB ROM | 4.57 cm (1.8 inch) Display | 0.3MP Rear Camera | 1000 mAh Battery | 3 Months Manufacturer Warranty,2
itel it5262,"₹1,427","₹1,599",10% off,4,"2,889 Ratings & 151 Reviews",4 MB RAM | 4 MB ROM | Expandable Upto 32 GB | 6.1 cm (2.4 inch) Display | 0.8MP Rear Camera | 2000 mAh Battery | 1 year manufacturer warranty,2
"MOTOROLA g06 power (Pantone Tendril, 64 GB)","₹9,999",,,4.2,"15,153 Ratings & 894 Reviews",4 GB RAM | 64 GB ROM | Expandable Upto 1 TB | 17.48 cm (6.88 inch) HD+ Display | 50MP Rear Camera | 8MP Front Camera | 7000 mAh Battery | Helio G81 Processor | 1 Year Warranty on Handset and 6 Months Warranty on Accessories,2
"REDMI Note 15 SE 5G (Crimson Reserve, 128 GB)","₹19,999","₹24,999",20% off,4.2,838 Ratings & 95 Reviews,6 GB RAM | 128 GB ROM | Expandable Upto 1 TB | 17.2 cm (6.77 inch) Full HD+ AMOLED Display | 50MP Rear Camera | 20MP Front Camera | 5800 mAh Lithium-Ion Polymer Battery | Snapdragon 6 Gen 3 Processor | 1 Year Manufacturer Warranty for Phone and 6 Months Warranty for In the Box Accessories,2
HOTLINE TIGER,₹599,₹999,40% off,3.5,54 Ratings & 1 Reviews,32 MB RAM | 32 MB ROM | 4.5 cm (1.77 inch) Display | 1.3MP Rear Camera | 2500 mAh Battery | NA,2
"Nokia 106 Single Sim Keypad Phone with Built-in UPI App, MP3 Player","₹1,314","₹1,699",22% off,3.9,"8,684 Ratings & 463 Reviews",32 MB RAM | 32 MB ROM | 17.02 cm (6.7 inch) Display | 1000 mAh Battery | SC6531E Processor | 1YR BRAND WARRANTY ON HANDSET & 6 MONTHS WARRANTY ON ACCESSORIES,2
"Ai+ Pulse 1 (Green, 128 GB)","₹9,999",,,4,"8,675 Ratings & 531 Reviews",6 GB RAM | 128 GB ROM | Expandable Upto 1 TB | 17.13 cm (6.745 inch) HD+ Display | 50MP Rear Camera | 5MP Front Camera | 5000 mAh Battery | T615 Processor | 1 Year Warranty on Handset and 6 Months Warranty on the Inbox Accessories,2
"realme P4 5G (Steel Grey, 128 GB)","₹20,999",,,4.4,"20,693 Ratings & 1,377 Reviews",6 GB RAM | 128 GB ROM | 17.2 cm (6.77 inch) Display | 50MP + 8MP | 16MP Front Camera | 7000 mAh Battery | Mediatek Dimensity 7400 Processor | 1 Year Manufacturer Warranty for Device and 6 Months Manufacturer Warranty for Inbox Accessories,2
Kechaoda A27,₹899,"₹2,049",56% off,4,"16,828 Ratings & 888 Reviews",32 MB RAM | 32 MB ROM | 4.27 cm (1.68 inch) Display | 0MP Front Camera | 800 mAh Battery | 3 Months Company Warranty,2
HOTLINE H310,₹499,₹999,50% off,3.5,"7,816 Ratings & 497 Reviews",32 MB RAM | 32 MB ROM | 4.57 cm (1.8 inch) Display | 0.3MP Rear Camera | 1000 mAh Battery | 6 Months Warranty,2
HOTLINE H310,₹499,₹999,50% off,3.5,"7,816 Ratings & 497 Reviews",32 MB RAM | 32 MB ROM | 4.57 cm (1.8 inch) Display | 0.3MP Rear Camera | 100 mAh Battery | The Hotline Mobiles has 3 Months Manufacture’s Warranty & after Warranty period we would like to help our customers with the best possible service under low expenses,2
HOTLINE CLASSIC H17,₹500,₹999,49% off,3.8,368 Ratings & 15 Reviews,32 MB RAM | 32 MB ROM | 4.57 cm (1.8 inch) Display | 0.3MP Rear Camera | 1000 mAh Battery | 3 Months Domestic Warranty,2
Micromax X778,"₹1,362","₹1,999",31% off,3.9,"5,429 Ratings & 420 Reviews",32 MB RAM | 32 MB ROM | 6.1 cm (2.4 inch) Display | 0.3MP Rear Camera | 2700 mAh Battery | One Year manufacturer Warranty,2
"KARBONN K9 Jumbo,Dual Keypad Mobile,2.4 Big LCD,2MP Camera,1800mAh Battery,FM,Vibratore","₹1,498","₹1,890",20% off,4.2,"1,040 Ratings & 44 Reviews",52 MB RAM | 32 MB ROM | Expandable Upto 32 GB | 6.1 cm (2.4 inch) QVGA Display | 2MP + 0MP | 2MP Front Camera | 1800 mAh Battery | 1 Year Manufacturer Warranty,2
"realme Narzo 90x 5G (Maroon Red, 128 GB)","₹17,720","₹17,999",1% off,4.4,655 Ratings & 32 Reviews,8 GB RAM | 128 GB ROM | 17.27 cm (6.8 inch) Display | 50MP Rear Camera | 7000 mAh Battery | 12 Months Brand Warranty,3
"POCO C71 (Cool Blue, 128 GB)","₹9,999",,,4.1,"36,275 Ratings & 1,726 Reviews","6 GB RAM | 128 GB ROM | Expandable Upto 2 TB | 17.48 cm (6.88 inch) HD+ Display | 32MP Rear Camera | 8MP Front Camera | 5200 mAh Battery | Unisoc T7250
Max clock speed: 
2 x A75@1.8GHz
6 x A55@1.6GHz Processor | 1 Year Manufacturer Warranty for Phone and 6 Months Warranty for In the Box Accessories",3
"realme P4 Power 5G (TransSilver, 128 GB)","₹27,999","₹32,999",15% off,4.5,"3,759 Ratings & 340 Reviews",8 GB RAM | 128 GB ROM | 17.27 cm (6.8 inch) Full HD+ AMOLED Display | 50MP + 8MP | Yes | 10001 mAh Battery | Dimensity 7400 Ultra Processor | 1 Year Manufacturer Warranty for Device and 6 Months Manufacturer Warranty for Inbox Accessories,3
"vivo T5x 5G (Cyber Green, 128 GB)","₹22,999","₹28,999",20% off,4.4,"5,072 Ratings & 344 Reviews",6 GB RAM | 128 GB ROM | 17.17 cm (6.76 inch) Display | 50MP + 2MP | 32MP Front Camera | 7200 mAh Li-ion Battery | Dimensity 7400-Turbo Processor | 1 Year Manufacturer Warranty for Device and 6 Months Manufacturer Warranty for Inbox Accessories,3
Kechaoda K115,₹999,"₹1,499",33% off,4.1,"44,068 Ratings & 2,724 Reviews",32 MB RAM | 32 MB ROM | Expandable Upto 32 GB | 3.66 cm (1.44 inch) QVGA Display | 0.3MP + 0MP | 0MP Front Camera | 850 mAh Battery | NA Processor | 3 Months Company Warranty,3
"POCO M8 (Carbon Black, 128 GB)","₹17,999","₹21,999",18% off,4.3,"1,049 Ratings & 99 Reviews",6 GB RAM | 128 GB ROM | Expandable Upto 1 TB | 17.2 cm (6.77 inch) Full HD+ Display | 50MP Rear Camera | 20MP Front Camera | 5520 mAh Battery | 1 Year Manufacturer Warranty for Phone and 6 Months Warranty for In the Box Accessories,3
"MOTOROLA g35 5G (Guava Red, 128 GB)","₹12,499",,,4.2,"1,33,905 Ratings & 8,228 Reviews",4 GB RAM | 128 GB ROM | Expandable Upto 1 TB | 17.07 cm (6.72 inch) Full HD+ Display | 50MP + 8MP | 16MP Front Camera | 5000 mAh Battery | T760 Processor | 12 5G Bands with VoNR|4K Video Recording|Vision Booster Technology | 1 Year on Handset and 6 Months on Accessories,3
"MOTOROLA Edge 60 Fusion 5G (PANTONE Amazonite, 128 GB)","₹22,999","₹24,999",8% off,4.4,"1,15,882 Ratings & 6,741 Reviews",8 GB RAM | 128 GB ROM | Expandable Upto 1 TB | 16.94 cm (6.67 inch) Display | 50MP + 13MP | 32MP Front Camera | 5500 mAh Battery | Dimensity 7400 Processor | 68W Charger | 1 Year Warranty on Handset and 6 Months Warranty on Accessories,3
Jmax Super 1,₹599,₹999,40% off,3.8,"2,924 Ratings & 200 Reviews",32 MB RAM | 32 MB ROM | 4.57 cm (1.8 inch) Display | 0.3MP Rear Camera | 1100 mAh Battery | Domestic Warranty,3
"POCO M8 (Frost Silver, 128 GB)","₹17,999","₹21,999",18% off,4.3,"1,049 Ratings & 99 Reviews",6 GB RAM | 128 GB ROM | Expandable Upto 1 TB | 17.2 cm (6.77 inch) Full HD+ Display | 50MP Rear Camera | 20MP Front Camera | 5520 mAh Battery | 1 Year Manufacturer Warranty for Phone and 6 Months Warranty for In the Box Accessories,3
"POCO C75 5G (Aqua Bliss, 64 GB)","₹10,999",,,4.2,"1,48,975 Ratings & 6,745 Reviews",4 GB RAM | 64 GB ROM | Expandable Upto 1 TB | 17.48 cm (6.88 inch) HD+ Display | 50MP Rear Camera | 5MP Front Camera | 5160 mAh Battery | 4s Gen 2 5G Processor | 1 Year Manufacturer Warranty for Phone and 6 Months Warranty for In the Box Accessories,3
HOTLINE CLASSIC ULTRA,₹474,₹999,52% off,3.4,"1,508 Ratings & 64 Reviews",32 MB RAM | 32 MB ROM | Expandable Upto 16 GB | 4.57 cm (1.8 inch) NA Display | 1.3MP + 0MP | 0MP Front Camera | 1100 mAh Battery | NA Processor | 3 Months Domestic warranty,3
"POCO C75 5G (Enchanted Green, 128 GB)","₹11,499",,,4.2,"1,48,975 Ratings & 6,745 Reviews",4 GB RAM | 128 GB ROM | Expandable Upto 1 TB | 17.48 cm (6.88 inch) HD+ Display | 50MP Rear Camera | 5MP Front Camera | 5160 mAh Battery | 4s Gen 2 5G Processor | 1 Year Manufacturer Warranty for Phone and 6 Months Warranty for In the Box Accessories,3
"MOTOROLA g35 5G (Midnight Black, 128 GB)","₹12,499",,,4.2,"1,33,905 Ratings & 8,228 Reviews",4 GB RAM | 128 GB ROM | Expandable Upto 1 TB | 17.07 cm (6.72 inch) Full HD+ Display | 50MP + 8MP | 16MP Front Camera | 5000 mAh Battery | T760 Processor | 12 5G Bands with VoNR|4K Video Recording|Vision Booster Technology | 1 Year on Handset and 6 Months on Accessories,3
Snexian ROCK X,"₹1,799","₹2,999",40% off,3.7,"2,973 Ratings & 134 Reviews",32 MB RAM | 32 MB ROM | Expandable Upto 16 GB | 4.57 cm (1.8 inch) Quarter QVGA Display | 0.3MP Rear Camera | 3000 mAh Battery | 3 Months Domestic Warranty,3
"Nokia 105 Single SIM, Keypad Mobile Phone with Wireless FM Radio","₹1,395","₹1,399",,4,"80,255 Ratings & 4,876 Reviews",32 MB RAM | 32 MB ROM | 4.5 cm (1.77 inch) QVGA Display | 0MP Front Camera | 800 mAh Lithium Ion Battery | SC6531E Processor | 1YR BRAND WARRANTY ON HANDSET & 6 MONTHS WARRANTY ON ACCESSORIES,3
"Samsung M06 5G (Sage Green, 128 GB)","₹12,288","₹15,499",20% off,4.1,"1,550 Ratings & 94 Reviews",4 GB RAM | 128 GB ROM | 17.02 cm (6.7 inch) Display | 50MP Rear Camera | 5000 mAh Battery | 1 Year Manufacturer Warranty for Phone and 6 Months Warranty for In the Box Accessories,3
"Samsung Galaxy F07 (Green, 64 GB)","₹10,399","₹11,999",13% off,4.3,"5,720 Ratings & 340 Reviews",4 GB RAM | 64 GB ROM | Expandable Upto 2 TB | 17.02 cm (6.7 inch) HD+ Display | 50MP + 2MP | 8MP Front Camera | 5000 mAh Battery | Helio G99 Processor | 1 Year Manufacturer Warranty for Device and 6 Months for In-Box Accessories,3
"MOTOROLA g67 power 5G (Pantone Parachute, 128 GB)","₹18,999",,,4.3,"15,911 Ratings & 997 Reviews",8 GB RAM | 128 GB ROM | 17.02 cm (6.7 inch) Full HD+ Display | 50MP + 8MP | 32MP Front Camera | 7000 mAh Battery | 7s Gen 2 Processor | 1 Year Warranty on Handset and 6 Months Warranty on Accessories,3
"IQOO Z10R 5G (Moonstone, 128 GB)","₹22,682","₹23,499",3% off,4.4,"5,070 Ratings & 293 Reviews",8 GB RAM | 128 GB ROM | 17.2 cm (6.77 inch) Display | 50MP Rear Camera | 5700 mAh Battery | 1 Year Warranty,3
LAVA A1 Josh,"₹1,049","₹1,399",25% off,4.2,"23,027 Ratings & 2,139 Reviews",4 MB RAM | 2 MB ROM | Expandable Upto 32 GB | 5.08 cm (2 inch) HVGA Display | 0MP | 0MP Front Camera | 1000 mAh Battery | Mtk Processor | 1 Year Manufacturer Replacement Guarantee for Phone and 6 months Replacement for Accessories in the Box,3
Nokia All-New 105 Single Sim Keypad Phone with Built-in UPI Payments,"₹1,349","₹1,599",15% off,3.7,"1,09,635 Ratings & 6,880 Reviews",32 MB RAM | 32 MB ROM | 4.5 cm (1.77 inch) Display | 0MP | 0MP Front Camera | 1000 mAh Battery | SC6531E Processor | 1YR BRAND WARRANTY ON HANDSET & 6 MONTHS WARRANTY ON ACCESSORIES,3
Snexian ROCK X,"₹1,749","₹2,999",41% off,3.7,"2,973 Ratings & 134 Reviews",32 MB RAM | 32 MB ROM | Expandable Upto 16 GB | 4.57 cm (1.8 inch) Quarter QVGA Display | 0.3MP Rear Camera | 3000 mAh Battery | 3 Months Domestic Warranty,3
HOTLINE CLASSIC ULTRA,₹499,₹999,50% off,3.4,"1,508 Ratings & 64 Reviews",32 MB RAM | 32 MB ROM | Expandable Upto 16 GB | 4.57 cm (1.8 inch) NA Display | 1.3MP + 0MP | 0MP Front Camera | 1100 mAh Battery | NA Processor | 3 Months Domestic warranty,3
"REDMI A4 (Starry Black, 128 GB)","₹14,959","₹15,999",6% off,4.2,"2,706 Ratings & 95 Reviews",6 GB RAM | 128 GB ROM | 17.48 cm (6.88 inch) Display | 50MP + 50MP | 5MP Dual Front Camera | 5160 mAh Battery | Snapdragon 4s Gen 2 5G Processor Processor | 1 year manufacturer warranty for device and 6 months manufacturer warranty for in-box accessories including batteries from the date of purchase,4
Kechaoda K115,₹999,"₹1,499",33% off,4.1,"44,068 Ratings & 2,724 Reviews",32 MB RAM | 32 MB ROM | Expandable Upto 32 GB | 3.66 cm (1.44 inch) QVGA Display | 0.3MP + 0MP | 0MP Front Camera | 850 mAh Battery | NA Processor | 3 Months Company Warranty,4
"POCO M7 Plus 5G (Chrome Silver, 128 GB)","₹15,499","₹15,999",3% off,4,"2,609 Ratings & 204 Reviews",4 GB RAM | 128 GB ROM | Expandable Upto 2 TB | 17.53 cm (6.9 inch) Display | 50MP Rear Camera | 7000 mAh Battery | Snapdragon 6s Gen 3 5G Processor | 1 Year Manufacturer Warranty for Phone and 6 Months Warranty for In the Box Accessories,4
LAVA A3 King,"₹1,231","₹1,549",20% off,4.2,"30,700 Ratings & 2,910 Reviews",4 MB RAM | 4 MB ROM | 4.5 cm (1.77 inch) Display | 0.2MP Rear Camera | 1750 mAh Battery | 1 year warranty from service centre,4
"realme P4 Power 5G (TransSilver, 128 GB)","₹27,999","₹32,999",15% off,4.5,"3,759 Ratings & 340 Reviews",8 GB RAM | 128 GB ROM | 17.27 cm (6.8 inch) Full HD+ AMOLED Display | 50MP + 8MP | Yes | 10001 mAh Battery | Dimensity 7400 Ultra Processor | 1 Year Manufacturer Warranty for Device and 6 Months Manufacturer Warranty for Inbox Accessories,4
"vivo T5x 5G (Cyber Green, 128 GB)","₹22,999","₹28,999",20% off,4.4,"5,072 Ratings & 344 Reviews",6 GB RAM | 128 GB ROM | 17.17 cm (6.76 inch) Display | 50MP + 2MP | 32MP Front Camera | 7200 mAh Li-ion Battery | Dimensity 7400-Turbo Processor | 1 Year Manufacturer Warranty for Device and 6 Months Manufacturer Warranty for Inbox Accessories,4
"Nokia 130 Music Dual Sim with Music Player, Dedicated Music Buttons","₹1,959","₹2,199",10% off,3.9,"25,341 Ratings & 1,394 Reviews",4 MB RAM | 4 MB ROM | 6.1 cm (2.4 inch) Display | 0MP Front Camera | 1450 mAh Battery | 6261D Processor | NO WARRANTY,4
"IQOO Z10 5G (Glacier Silver / Silver, 256 GB)","₹27,261","₹27,999",2% off,4.4,"6,592 Ratings & 333 Reviews",8 GB RAM | 256 GB ROM | 17.2 cm (6.77 inch) Display | 50MP Rear Camera | 7300 mAh Battery | 1 Year,4
"realme P4 Lite (Sea Blue, 128 GB)","₹12,999","₹13,999",7% off,4.2,"1,759 Ratings & 79 Reviews",4 GB RAM | 128 GB ROM | 17.14 cm (6.75 inch) HD+ Display | 13MP Rear Camera | 5MP Front Camera | 6300 mAh Battery | T7250 Processor | 1 Year Manufacturer Warranty for Device and 6 Months Manufacturer Warranty for Inbox Accessories,4
"IQOO Z10 5G (Stellar Black / Black, 128 GB)","₹24,459","₹25,999",5% off,4.4,"6,592 Ratings & 333 Reviews",8 GB RAM | 128 GB ROM | 17.02 cm (6.7 inch) Display | 50MP Rear Camera | 7300 mAh Battery | 1 Year Warranty on Handset and 6 Months Warranty on Accessories,4
Kechaoda 888,"₹1,799","₹1,999",10% off,4.3,614 Ratings & 41 Reviews,64 MB RAM | 32 MB ROM | 4.57 cm (1.8 inch) Display | 3000 mAh Battery | 3 Months Company Warranty,4
Snexian ROCK X,"₹1,799","₹2,999",40% off,3.7,"2,973 Ratings & 134 Reviews",32 MB RAM | 32 MB ROM | Expandable Upto 16 GB | 4.57 cm (1.8 inch) Quarter QVGA Display | 0.3MP Rear Camera | 3000 mAh Battery | 3 Months Domestic Warranty,4
"Ai+ Nova 2 5G (Purple, 128 GB)","₹12,999","₹14,999",13% off,4.3,359 Ratings & 15 Reviews,6 GB RAM | 128 GB ROM | Expandable Upto 1 TB | 17.13 cm (6.745 inch) HD+ Display | 50MP Rear Camera | 8MP Front Camera | 6000 mAh Battery | T8200 Processor | 1 Year Warranty on Handset and 6 Months Warranty on the Inbox Accessories,4
"realme P4 Lite 5G (Mosaic Green, 128 GB)","₹14,499","₹20,999",30% off,4.2,"1,715 Ratings & 111 Reviews",4 GB RAM | 128 GB ROM | 17.27 cm (6.8 inches) HD+ Display | 13MP Rear Camera | 5MP Front Camera | 7000 mAh lithium-ion polymer Battery | Dimensity 6300 Processor | 1 Year Manufacturer Warranty for Device and 6 Months Manufacturer Warranty for Inbox Accessories,4
"Nokia 130 Music Dual Sim with Music Player, Dedicated Music Buttons","₹1,959","₹2,199",10% off,3.9,"25,341 Ratings & 1,394 Reviews",4 MB RAM | 4 MB ROM | 6.1 cm (2.4 inch) Display | 0MP Front Camera | 1450 mAh Battery | 6261D Processor | NA,4
hmd 110 Dual Sim Keypad Phone with Built-in Scan & Pay UPI App,"₹1,269","₹1,799",29% off,3.9,899 Ratings & 59 Reviews,4 MB RAM | 4 MB ROM | 5.08 cm (2 inch) NA Display | 0.2MP Rear Camera | 1000 mAh Battery | 1 Year Replacement Warranty For Device And 6 Months Manufacturer Warranty For Inbox Accessories Including Battery From The Date of Purchase,4
"Ai+ Pulse 1 (Black, 128 GB)","₹9,999",,,4,"8,675 Ratings & 531 Reviews",6 GB RAM | 128 GB ROM | Expandable Upto 1 TB | 17.13 cm (6.745 inch) HD+ Display | 50MP Rear Camera | 5MP Front Camera | 5000 mAh Battery | T615 Processor | 1 Year Warranty on Handset and 6 Months Warranty on the Inbox Accessories,4
"Samsung Galaxy M06 5G (Blazing Black, 64 GB)","₹11,799","₹12,499",5% off,4.1,547 Ratings & 36 Reviews,4 GB RAM | 64 GB ROM | 17.02 cm (6.7 inch) Display | 50MP Rear Camera | 5000 mAh Battery | 1 Year Manufacturer Warranty for Phone and 6 Months Warranty for In the Box Accessories,4
"realme P4 Lite 5G (Mosaic Green, 128 GB)","₹16,499","₹22,999",28% off,4.3,522 Ratings & 42 Reviews,6 GB RAM | 128 GB ROM | 17.27 cm (6.8 inches) HD+ Display | 13MP Rear Camera | 5MP Front Camera | 7000 mAh lithium-ion polymer Battery | Dimensity 6300 Processor | 1 Year Manufacturer Warranty for Device and 6 Months Manufacturer Warranty for Inbox Accessories,4
"realme P4 Lite 5G (Mosaic Blue, 64 GB)","₹13,499","₹19,999",32% off,4.2,"1,715 Ratings & 111 Reviews",4 GB RAM | 64 GB ROM | 17.27 cm (6.8 inches) HD+ Display | 13MP Rear Camera | 5MP Front Camera | 7000 mAh lithium-ion polymer Battery | Dimensity 6300 Processor | 1 Year Manufacturer Warranty for Device and 6 Months Manufacturer Warranty for Inbox Accessories,4
LAVA A1 Josh BOL,"₹1,069","₹1,399",23% off,4.1,"24,092 Ratings & 1,065 Reviews",4 MB RAM | 4 MB ROM | Expandable Upto 32 GB | 4.5 cm (1.77 inch) Quarter QVGA Display | 1000 mAh Battery | 1 Year Manufacturer Replacement Guarantee for Phone and 6 months Replacement for Accessories in the Box,4
"Ai+ Nova 5G (Purple, 128 GB)","₹10,999",,,4.1,"26,176 Ratings & 1,815 Reviews",6 GB RAM | 128 GB ROM | Expandable Upto 1 TB | 17.13 cm (6.745 inch) HD+ Display | 50MP Rear Camera | 5MP Front Camera | 5000 mAh Battery | T8200 Processor | 1 Year Warranty on Handset and 6 Months Warranty on the Inbox Accessories,4
"IQOO Z10R 5G (Aquamarine, 256 GB)","₹26,991","₹26,999",,4.3,809 Ratings & 54 Reviews,12 GB RAM | 256 GB ROM | 17.2 cm (6.77 inch) Display | 50MP Rear Camera | 5700 mAh Battery | 1 Year Warranty,4
"OPPO K14x 5G (Prism Violet, 64 GB)","₹14,999","₹19,999",25% off,4.3,"2,305 Ratings & 142 Reviews",4 GB RAM | 64 GB ROM | 17.14 cm (6.75 inch) HD+ Display | 50MP + 2MP | 5MP; f/2.2; FOV 77°; 3P lens | 6500 mAh Battery | Dimensity 6300 Processor | 1 Year Manufacturer Warranty for Device and 6 Months Manufacturer Warranty for Inbox Accessories,4
"realme P4 Power 5G (TransSilver, 128 GB)","₹27,999","₹32,999",15% off,4.5,"3,759 Ratings & 340 Reviews",8 GB RAM | 128 GB ROM | 17.27 cm (6.8 inch) Full HD+ AMOLED Display | 50MP + 8MP | Yes | 10001 mAh Battery | Dimensity 7400 Ultra Processor | 1 Year Manufacturer Warranty for Device and 6 Months Manufacturer Warranty for Inbox Accessories,5
"vivo T5x 5G (Cyber Green, 128 GB)","₹22,999","₹28,999",20% off,4.4,"5,072 Ratings & 344 Reviews",6 GB RAM | 128 GB ROM | 17.17 cm (6.76 inch) Display | 50MP + 2MP | 32MP Front Camera | 7200 mAh Li-ion Battery | Dimensity 7400-Turbo Processor | 1 Year Manufacturer Warranty for Device and 6 Months Manufacturer Warranty for Inbox Accessories,5
"OPPO K14x 5G (Icy Blue, 64 GB)","₹14,999","₹19,999",25% off,4.3,"2,305 Ratings & 142 Reviews",4 GB RAM | 64 GB ROM | 17.14 cm (6.75 inch) HD+ Display | 50MP + 2MP | 5MP; f/2.2; FOV 77°; 3P lens | 6500 mAh Battery | Dimensity 6300 Processor | 1 Year Manufacturer Warranty for Device and 6 Months Manufacturer Warranty for Inbox Accessories,5
HOTLINE TIGER,₹599,₹999,40% off,3.5,54 Ratings & 1 Reviews,32 MB RAM | 32 MB ROM | 4.5 cm (1.77 inch) Display | 1.3MP Rear Camera | 2500 mAh Battery | NA,5
KARBONN BHARAT K1 4G,₹999,"₹1,499",33% off,3.7,"2,287 Ratings & 132 Reviews",20 MB RAM | 40 MB ROM | Expandable Upto 32 GB | 4.57 cm (1.8 inch) Display | 2MP Rear Camera | 1000 mAh Battery | 1 Year Warranty,5
"Samsung M36 5G (Serene Green / Light Green, 128 GB)","₹18,467","₹24,499",24% off,4.1,657 Ratings & 40 Reviews,8 GB RAM | 128 GB ROM | 17.02 cm (6.7 inch) Display | 50MP Rear Camera | 5000 mAh Battery | 1 Year Warranty,5
LAVA A3 Torch,"₹1,339","₹1,649",18% off,4.1,926 Ratings & 53 Reviews,4 MB RAM | 32 MB ROM | Expandable Upto 32 GB | 4.57 cm (1.8 inch) HVGA Display | 0.3MP + 0MP | 0MP Front Camera | 1750 mAh Battery | Mtk Processor | 1 Year Handset Domestic warranty,5
"Samsung Galaxy M07 (Black, 64 GB)","₹9,628","₹10,999",12% off,4.3,408 Ratings & 24 Reviews,4 GB RAM | 64 GB ROM | Expandable Upto 2 TB | 17.02 cm (6.7 inch) HD+ Display | 50MP + 2MP | 8MP Front Camera | 5000 mAh Battery | Helio G99 Processor | 1 year manufacturer warranty for device and 6 months manufacturer warranty for in-box accessories including batteries from the date of purchase,5
Kechaoda K33,₹998,"₹2,200",54% off,4,"11,218 Ratings & 620 Reviews",32 MB RAM | 32 GB ROM | Expandable Upto 32 MB | 3.66 cm (1.44 inch) NA Display | 0.3MP + 0MP | 0MP Front Camera | 800 mAh Battery | NA Processor | 1 Year Manufacturer Warranty,5
Jmax Super 2,₹599,₹999,40% off,3.9,"2,385 Ratings & 186 Reviews",32 MB RAM | 32 MB ROM | 4.57 cm (1.8 inch) Display | 0.3MP Rear Camera | 1100 mAh Battery | 3 months Domestic Warranty,5
"realme P4x 5G (Lake Green, 256 GB)","₹20,999",,,4.3,"4,383 Ratings & 325 Reviews",8 GB RAM | 256 GB ROM | 17.07 cm (6.72 inch) Full HD+ Display | 50MP + 2MP | 8MP Front Camera | 7000 mAh Battery | Dimensity 7400 Ultra Processor | 1 Year Manufacturer Warranty for Phone and 6 Months Warranty for In-Box Accessories,5
"realme Narzo 90X 5G (Marine Blue, 128 GB)","₹15,722","₹15,999",1% off,4.1,74 Ratings & 7 Reviews,4 GB RAM | 128 GB ROM | 17.27 cm (6.8 inch) HD+ Display | 50MP Rear Camera | 8MP Front Camera | 7000 mAh Battery | Dimensity 6300 Processor | 1 year manufacturer warranty for device and 6 months manufacturer warranty for in-box accessories including batteries from the date of purchase,5
Kechaoda A26,₹899,"₹1,499",40% off,4,"30,888 Ratings & 1,653 Reviews",32 MB RAM | 32 MB ROM | Expandable Upto 16 GB | 1.68 cm (0.66 inch) QVGA Display | 0MP | 0MP Front Camera | 800 mAh Battery | NA Processor | 3 Months Company Warranty,5
"MOTOROLA g57 power 5G (Pantone Fluidity, 128 GB)","₹17,999",,,4.4,"38,536 Ratings & 2,292 Reviews",8 GB RAM | 128 GB ROM | 17.07 cm (6.72 inch) Full HD+ Display | 50MP + 8MP | 8MP Front Camera | 7000 mAh Battery | 6s Gen 4 Processor | 1 Year Warranty on Handset and 6 Months Warranty on Accessories,5
Kechaoda K115,₹999,"₹1,499",33% off,4.1,"44,068 Ratings & 2,724 Reviews",32 MB RAM | 32 MB ROM | Expandable Upto 16 GB | 3.66 cm (1.44 inch) QVGA Display | 0.3MP + 0MP | 0MP Front Camera | 850 mAh Battery | NO Processor | 3 Months Company Warranty,5
G'Five U 339,₹599,₹999,40% off,3.8,148 Ratings & 5 Reviews,32 MB RAM | 32 MB ROM | 4.57 cm (1.8 inch) Display | 0.3MP Rear Camera | 3000 mAh Battery | 3 Month Manufacturer Warranty,5
"POCO M7 5G (Satin Black, 128 GB)","₹13,499","₹13,999",3% off,4.3,"18,381 Ratings & 885 Reviews",8 GB RAM | 128 GB ROM | Expandable Upto 1 TB | 17.48 cm (6.88 inch) HD+ Display | 50MP Rear Camera | 8MP Front Camera | 5160 mAh Battery | 4 Gen 2 5G Processor | 1 Year Manufacturer Warranty for Phone and 6 Months Warranty for In the Box Accessories,5
"POCO C81x (Crystal Black, 64 GB)","₹9,999","₹18,999",47% off,3.9,9 Ratings & 1 Reviews,3 GB RAM | 64 GB ROM | Expandable Upto 2 TB | 17.48 cm (6.88 inch) Display | 13MP Rear Camera | 8MP Front Camera | 5200 mAh Lithium-Ion Polymer Battery | T7250 Processor | 1 Year Manufacturer Warranty for Phone and 6 Months Warranty for In the Box Accessories,5
"Nokia 110 4G Dual Sim, Camera, FM Radio, MP3 Player, Long-Lasting Battery","₹2,499","₹3,299",24% off,3.8,"3,829 Ratings & 202 Reviews",32 MB RAM | 32 MB ROM | 4.57 cm (1.8 inch) Display | 0.08MP Rear Camera | 1450 mAh Battery | T107 Processor | No Warranty on this Product,5
"Nokia 106 4G Dual Sim Keypad Phone, Built-in UPI Payments App, MP3 Player","₹2,299","₹2,999",23% off,3.9,"5,436 Ratings & 344 Reviews",32 MB RAM | 32 MB ROM | 4.5 cm (1.77 inch) Display | 0MP | 0MP Front Camera | 1450 mAh Battery | Unisoc T107 Processor | 1YR BRAND WARRANTY ON HANDSET & 6 MONTHS WARRANTY ON ACCESSORIES,5
itel it5262,"₹1,436","₹1,599",10% off,4,"2,889 Ratings & 151 Reviews",4 MB RAM | 4 MB ROM | Expandable Upto 32 GB | 6.1 cm (2.4 inch) Display | 0.8MP Rear Camera | 2000 mAh Battery | 1 Year Manufacturer Warranty,5
"POCO M7 Plus 5G (Carbon Black, 128 GB)","₹16,999",,,4.3,"7,922 Ratings & 460 Reviews",6 GB RAM | 128 GB ROM | Expandable Upto 2 TB | 17.53 cm (6.9 inch) Display | 50MP AI Dual Camera | 7000 mAh Battery | Snapdragon 6s Gen 3 5G Processor | 1 Year Manufacturer Warranty for Phone and 6 Months Warranty for In the Box Accessories,5
LAVA A2 Smart,"₹1,283","₹1,549",17% off,4,"1,172 Ratings & 64 Reviews",4 MB RAM | 24 MB ROM | Expandable Upto 32 GB | 6.1 cm (2.4 inch) HVGA Display | 1.3MP + 0MP | 0MP Front Camera | 1200 mAh Battery | Mtk Processor | 1 year manufacturer Replacement for device and 6 months manufacturer warranty for in-box accessories including batteries from the date of purchase,5
"Tecno Pova 7 Pro 5G (Neon Cyan, 256 GB)","₹19,374","₹23,999",19% off,4.4,"5,041 Ratings & 502 Reviews",8 GB RAM | 256 GB ROM | 17.22 cm (6.78 inch) Full HD+ AMOLED Display | 64MP + 8MP | 13MP Front Camera | 6000 mAh Battery | Dimensity 7300 Ultimate Processor | 1 Year Manufacturer Warranty for Phone,5
"vivo T5x 5G (Cyber Green, 128 GB)","₹22,999","₹28,999",20% off,4.4,"5,072 Ratings & 344 Reviews",6 GB RAM | 128 GB ROM | 17.17 cm (6.76 inch) Display | 50MP + 2MP | 32MP Front Camera | 7200 mAh Li-ion Battery | Dimensity 7400-Turbo Processor | 1 Year Manufacturer Warranty for Device and 6 Months Manufacturer Warranty for Inbox Accessories,6
"Samsung Galaxy A07 LTE (Light Violet, 64 GB)","₹10,239","₹10,499",2% off,4.3,396 Ratings & 23 Reviews,4 GB RAM | 64 GB ROM | Expandable Upto 2 TB | 17.02 cm (6.7 inch) HD+ Display | 50MP + 2MP | 5000 mAh Battery | Helio G99 Processor | 1 Year Manufacturer Warranty for Device and 6 Months for In-Box Accessories,6
"OPPO K14 5G (Icy Blue, 128 GB)","₹19,999","₹25,999",23% off,4.3,491 Ratings & 31 Reviews,6 GB RAM | 128 GB ROM | 17.14 cm (6.75 inch) HD+ Display | 50MP Rear Camera | 8MP Front Camera | 7000 mAh Battery | Dimensity 6300 Processor | 1 Year Manufacturer Warranty for Device and 6 Months Manufacturer Warranty for Inbox Accessories,6
MOTOROLA Moto A100,"₹1,049","₹1,499",30% off,4,176 Ratings & 14 Reviews,4 MB RAM | 36 MB ROM | Expandable Upto 0 MB | 3.66 cm (1.44 inch) HQVGA Display | 0MP | 0MP Front Camera | 800 mAh Battery | Mtk Processor | 2 Years Domestic Replacement Warranty,6
"Ai+ Nova 5G (Blue, 128 GB)","₹10,999",,,4.1,"26,176 Ratings & 1,815 Reviews",6 GB RAM | 128 GB ROM | Expandable Upto 1 TB | 17.13 cm (6.745 inch) HD+ Display | 50MP Rear Camera | 5MP Front Camera | 5000 mAh Battery | T8200 Processor | 1 Year Warranty on Handset and 6 Months Warranty on the Inbox Accessories,6
"MOTOROLA Edge 60 Pro (Pantone Sparkling Grape, 256 GB)","₹29,999","₹36,999",18% off,4.3,"49,723 Ratings & 3,701 Reviews",8 GB RAM | 256 GB ROM | 17.02 cm (6.7 inch) Display | 50MP + 50MP + 10MP | 50MP Front Camera | 6000 mAh Battery | Dimensity 8350 Processor | 1 Year Warranty on Handset and 6 Months Warranty on Accessories,6
itel Ace 3 Shine,₹899,"₹1,249",28% off,4.1,"1,746 Ratings & 75 Reviews",4 MB RAM | 4 MB ROM | Expandable Upto 32 GB | 4.57 cm (1.8 inch) QVGA Display | 1000 mAh Battery | Unisoc Processor | 1 year manufacturer Warranty,6
itel Ace 3 Shine,₹879,"₹1,249",29% off,4.1,"1,746 Ratings & 75 Reviews",4 MB RAM | 4 MB ROM | Expandable Upto 32 GB | 4.57 cm (1.8 inch) QVGA Display | 1000 mAh Battery | Unisoc Processor | 1 year manufacturer Warranty,6
"OPPO K14x 5G (Icy Blue, 128 GB)","₹18,999","₹19,999",5% off,4.3,"1,268 Ratings & 67 Reviews",6 GB RAM | 128 GB ROM | 17.14 cm (6.75 inch) HD+ Display | 50MP + 2MP | 5MP; f/2.2; FOV 77°; 3P lens | 6500 mAh Battery | Dimensity 6300 Processor | 1 Year Manufacturer Warranty for Device and 6 Months Manufacturer Warranty for Inbox Accessories,6
"Ai+ Pulse 1 (Green, 128 GB)","₹9,999",,,4,"8,675 Ratings & 531 Reviews",6 GB RAM | 128 GB ROM | Expandable Upto 1 TB | 17.13 cm (6.745 inch) HD+ Display | 50MP Rear Camera | 5MP Front Camera | 5000 mAh Battery | T615 Processor | 1 Year Warranty on Handset and 6 Months Warranty on the Inbox Accessories,6
"MOTOROLA Edge 60 Pro (Pantone Shadow, 256 GB)","₹29,999","₹36,999",18% off,4.3,"49,723 Ratings & 3,701 Reviews",8 GB RAM | 256 GB ROM | 17.02 cm (6.7 inch) Display | 50MP + 50MP + 10MP | 50MP Front Camera | 6000 mAh Battery | Dimensity 8350 Processor | 1 Year Warranty on Handset and 6 Months Warranty on Accessories,6
"Apple iPhone 16 (Teal, 128 GB)","₹62,900","₹69,900",10% off,4.6,"1,92,398 Ratings & 6,752 Reviews","128 GB ROM | 15.49 cm (6.1 inch) Super Retina XDR Display | 48MP + 12MP | 12MP Front Camera | A18 Chip, 6 Core Processor Processor | 1 year warranty for phone and 1 year warranty for in Box Accessories.",6
"REDMI Note 15 SE 5G (Crimson Reserve, 128 GB)","₹19,999","₹24,999",20% off,4.2,838 Ratings & 95 Reviews,6 GB RAM | 128 GB ROM | Expandable Upto 1 TB | 17.2 cm (6.77 inch) Full HD+ AMOLED Display | 50MP Rear Camera | 20MP Front Camera | 5800 mAh Lithium-Ion Polymer Battery | Snapdragon 6 Gen 3 Processor | 1 Year Manufacturer Warranty for Phone and 6 Months Warranty for In the Box Accessories,6
"Ai+ Nova 2 5G (Purple, 128 GB)","₹12,999","₹14,999",13% off,4.3,359 Ratings & 15 Reviews,6 GB RAM | 128 GB ROM | Expandable Upto 1 TB | 17.13 cm (6.745 inch) HD+ Display | 50MP Rear Camera | 8MP Front Camera | 6000 mAh Battery | T8200 Processor | 1 Year Warranty on Handset and 6 Months Warranty on the Inbox Accessories,6
"Samsung Galaxy M17 5G (Moonlight Silver, 128 GB)","₹14,633","₹17,999",18% off,4.3,602 Ratings & 33 Reviews,4 GB RAM | 128 GB ROM | 17.02 cm (6.7 inch) Display | 50MP Rear Camera | 5000 mAh Battery | 1 year manufacturer warranty for device and 6 months manufacturer warranty for in-box accessories including batteries from the date of purchase,6
Samsung Guru Music 2 B310ED,"₹1,996","₹2,498",20% off,3.1,"32,716 Ratings & 2,227 Reviews",32 MB RAM | 32 MB ROM | 4.57 cm (1.8 inch) Display | 800 mAh Battery | NO WARRANTY,6
"MOTOROLA g57 power 5G (Pantone Regatta, 128 GB)","₹17,999",,,4.4,"38,536 Ratings & 2,292 Reviews",8 GB RAM | 128 GB ROM | 17.07 cm (6.72 inch) Full HD+ Display | 50MP + 8MP | 8MP Front Camera | 7000 mAh Battery | 6s Gen 4 Processor | 1 Year Warranty on Handset and 6 Months Warranty on Accessories,6
"OPPO K14 5G (Prism Violet, 128 GB)","₹19,999","₹25,999",23% off,4.3,491 Ratings & 31 Reviews,6 GB RAM | 128 GB ROM | 17.14 cm (6.75 inch) HD+ Display | 50MP Rear Camera | 8MP Front Camera | 7000 mAh Battery | Dimensity 6300 Processor | 1 Year Manufacturer Warranty for Device and 6 Months Manufacturer Warranty for Inbox Accessories,6
"OPPO K14 5G (Icy Blue, 256 GB)","₹21,999","₹27,999",21% off,4.3,491 Ratings & 31 Reviews,6 GB RAM | 256 GB ROM | 17.14 cm (6.75 inch) HD+ Display | 50MP Rear Camera | 8MP Front Camera | 7000 mAh Battery | Dimensity 6300 Processor | 1 Year Manufacturer Warranty for Device and 6 Months Manufacturer Warranty for Inbox Accessories,6
"Apple iPhone 15 (Blue, 256 GB)","₹64,900","₹69,900",7% off,4.6,"2,45,103 Ratings & 9,191 Reviews","256 GB ROM | 15.49 cm (6.1 inch) Super Retina XDR Display | 48MP + 12MP | 12MP Front Camera | A16 Bionic Chip, 6 Core Processor Processor | 1 year warranty for phone and 1 year warranty for in Box Accessories.",6
"OPPO K14x 5G (Prism Violet, 128 GB)","₹16,999","₹17,999",5% off,4.3,"2,305 Ratings & 142 Reviews",4 GB RAM | 128 GB ROM | 17.14 cm (6.75 inch) HD+ Display | 50MP + 2MP | 5MP; f/2.2; FOV 77°; 3P lens | 6500 mAh Battery | Dimensity 6300 Processor | 1 Year Manufacturer Warranty for Device and 6 Months Manufacturer Warranty for Inbox Accessories,6
"OPPO K14x 5G (Prism Violet, 128 GB)","₹18,999","₹19,999",5% off,4.3,"1,268 Ratings & 67 Reviews",6 GB RAM | 128 GB ROM | 17.14 cm (6.75 inch) HD+ Display | 50MP + 2MP | 5MP; f/2.2; FOV 77°; 3P lens | 6500 mAh Battery | Dimensity 6300 Processor | 1 Year Manufacturer Warranty for Device and 6 Months Manufacturer Warranty for Inbox Accessories,6
"OPPO K14x 5G (Prism Violet, 64 GB)","₹14,999","₹19,999",25% off,4.3,"2,305 Ratings & 142 Reviews",4 GB RAM | 64 GB ROM | 17.14 cm (6.75 inch) HD+ Display | 50MP + 2MP | 5MP; f/2.2; FOV 77°; 3P lens | 6500 mAh Battery | Dimensity 6300 Processor | 1 Year Manufacturer Warranty for Device and 6 Months Manufacturer Warranty for Inbox Accessories,6
"OPPO K14x 5G (Icy Blue, 64 GB)","₹14,999","₹19,999",25% off,4.3,"2,305 Ratings & 142 Reviews",4 GB RAM | 64 GB ROM | 17.14 cm (6.75 inch) HD+ Display | 50MP + 2MP | 5MP; f/2.2; FOV 77°; 3P lens | 6500 mAh Battery | Dimensity 6300 Processor | 1 Year Manufacturer Warranty for Device and 6 Months Manufacturer Warranty for Inbox Accessories,6
"OPPO K14x 5G (Prism Violet, 64 GB)","₹14,999","₹19,999",25% off,4.3,"2,305 Ratings & 142 Reviews",4 GB RAM | 64 GB ROM | 17.14 cm (6.75 inch) HD+ Display | 50MP + 2MP | 5MP; f/2.2; FOV 77°; 3P lens | 6500 mAh Battery | Dimensity 6300 Processor | 1 Year Manufacturer Warranty for Device and 6 Months Manufacturer Warranty for Inbox Accessories,7
"OPPO K14x 5G (Icy Blue, 64 GB)","₹14,999","₹19,999",25% off,4.3,"2,305 Ratings & 142 Reviews",4 GB RAM | 64 GB ROM | 17.14 cm (6.75 inch) HD+ Display | 50MP + 2MP | 5MP; f/2.2; FOV 77°; 3P lens | 6500 mAh Battery | Dimensity 6300 Processor | 1 Year Manufacturer Warranty for Device and 6 Months Manufacturer Warranty for Inbox Accessories,7
"realme P4 Power 5G (TransSilver, 128 GB)","₹27,999","₹32,999",15% off,4.5,"3,759 Ratings & 340 Reviews",8 GB RAM | 128 GB ROM | 17.27 cm (6.8 inch) Full HD+ AMOLED Display | 50MP + 8MP | Yes | 10001 mAh Battery | Dimensity 7400 Ultra Processor | 1 Year Manufacturer Warranty for Device and 6 Months Manufacturer Warranty for Inbox Accessories,7
"vivo T5x 5G (Cyber Green, 128 GB)","₹22,999","₹28,999",20% off,4.4,"5,072 Ratings & 344 Reviews",6 GB RAM | 128 GB ROM | 17.17 cm (6.76 inch) Display | 50MP + 2MP | 32MP Front Camera | 7200 mAh Li-ion Battery | Dimensity 7400-Turbo Processor | 1 Year Manufacturer Warranty for Device and 6 Months Manufacturer Warranty for Inbox Accessories,7
"realme Narzo 90x 5G (Flash Blue, 128 GB)","₹17,699","₹17,999",1% off,4.4,655 Ratings & 32 Reviews,8 GB RAM | 128 GB ROM | 17.27 cm (6.8 inch) Display | 50MP Rear Camera | 7000 mAh Battery | 12 Months Brand Warranty,7
"Ai+ Pulse 2 (Blue, 128 GB)","₹9,999","₹11,999",16% off,3.9,"1,566 Ratings & 117 Reviews",6 GB RAM | 128 GB ROM | Expandable Upto 1 TB | 17.13 cm (6.745 inch) HD+ Display | 50MP Rear Camera | 8MP Front Camera | 6000 mAh Battery | T7250 Processor | 1 Year Warranty on Handset and 6 Months Warranty on the Inbox Accessories,7
Samsung Guru Music 2 B310ED,"₹1,996","₹2,498",20% off,3.1,"32,716 Ratings & 2,227 Reviews",32 MB RAM | 32 MB ROM | 4.57 cm (1.8 inch) Display | 800 mAh Battery | NO WARRANTY,7
"MOTOROLA g57 power 5G (Pantone Regatta, 128 GB)","₹17,999",,,4.4,"38,536 Ratings & 2,292 Reviews",8 GB RAM | 128 GB ROM | 17.07 cm (6.72 inch) Full HD+ Display | 50MP + 8MP | 8MP Front Camera | 7000 mAh Battery | 6s Gen 4 Processor | 1 Year Warranty on Handset and 6 Months Warranty on Accessories,7
"OPPO K14 5G (Prism Violet, 128 GB)","₹19,999","₹25,999",23% off,4.3,491 Ratings & 31 Reviews,6 GB RAM | 128 GB ROM | 17.14 cm (6.75 inch) HD+ Display | 50MP Rear Camera | 8MP Front Camera | 7000 mAh Battery | Dimensity 6300 Processor | 1 Year Manufacturer Warranty for Device and 6 Months Manufacturer Warranty for Inbox Accessories,7
"OPPO K14 5G (Icy Blue, 256 GB)","₹21,999","₹27,999",21% off,4.3,491 Ratings & 31 Reviews,6 GB RAM | 256 GB ROM | 17.14 cm (6.75 inch) HD+ Display | 50MP Rear Camera | 8MP Front Camera | 7000 mAh Battery | Dimensity 6300 Processor | 1 Year Manufacturer Warranty for Device and 6 Months Manufacturer Warranty for Inbox Accessories,7
"MOTOROLA Edge 60 Fusion 5G (PANTONE Mykonos Blue, 256 GB)","₹26,999","₹27,999",3% off,4.4,"44,060 Ratings & 2,583 Reviews",12 GB RAM | 256 GB ROM | Expandable Upto 1 TB | 16.94 cm (6.67 inch) Display | 50MP + 13MP | 32MP Front Camera | 5500 mAh Battery | Dimensity 7400 Processor | 68W Charger | 1 Year Warranty on Handset and 6 Months Warranty on Accessories,7
"realme Narzo 90x 5G (Flash Blue, 128 GB)","₹16,635","₹16,999",2% off,4.3,"1,779 Ratings & 103 Reviews",6 GB RAM | 128 GB ROM | 17.27 cm (6.8 inch) Display | 50MP Rear Camera | 7000 mAh Battery | 12 Months Brand Warranty,7
"Ai+ Pulse 1 (Blue, 64 GB)","₹7,999",,,4.2,"42,010 Ratings & 2,778 Reviews",4 GB RAM | 64 GB ROM | Expandable Upto 1 TB | 17.13 cm (6.745 inch) HD+ Display | 50MP Rear Camera | 5MP Front Camera | 5000 mAh Battery | T615 Processor | 1 Year Warranty on Handset and 6 Months Warranty on the Inbox Accessories,7
"OPPO K14 5G (Prism White, 256 GB)","₹23,999","₹29,999",20% off,4.3,167 Ratings & 19 Reviews,8 GB RAM | 256 GB ROM | 17.14 cm (6.75 inch) HD+ Display | 50MP Rear Camera | 8MP Front Camera | 7000 mAh Battery | Dimensity 6300 Processor | 1 Year Manufacturer Warranty for Device and 6 Months Manufacturer Warranty for Inbox Accessories,7
"REDMI Note 14 SE 5G (Crimson Art, 128 GB)","₹16,999","₹19,999",15% off,4.2,"28,841 Ratings & 1,512 Reviews",6 GB RAM | 128 GB ROM | 16.94 cm (6.67 inch) Full HD+ Display | 50MP + 8MP + 2MP | 20MP Front Camera | 5110 mAh Battery | Dimensity 7025 Ultra Processor | 1 Year Warranty on the Handset and 6 Months Warranty on the Inbox Accessories,7
itel Ace 3 Shine,₹999,"₹1,249",20% off,4.1,"1,746 Ratings & 75 Reviews",4 MB RAM | 4 MB ROM | Expandable Upto 32 GB | 4.57 cm (1.8 inch) QVGA Display | 1000 mAh Battery | Unisoc Processor | 1 year manufacturer Warranty,7
"realme P4 Lite (Sea Blue, 64 GB)","₹10,999","₹12,999",15% off,4.2,"1,759 Ratings & 79 Reviews",4 GB RAM | 64 GB ROM | 17.14 cm (6.75 inch) HD+ Display | 13MP Rear Camera | 5MP Front Camera | 6300 mAh Battery | T7250 Processor | 1 Year Manufacturer Warranty for Device and 6 Months Manufacturer Warranty for Inbox Accessories,7
"MOTOROLA G96 5G (Pantone Dresden Blue, 256 GB)","₹22,999",,,4.4,"87,373 Ratings & 4,864 Reviews",8 GB RAM | 256 GB ROM | 16.94 cm (6.67 inch) Full HD+ Display | 50MP + 8MP | 32MP Front Camera | 5500 mAh Battery | 7s Gen 2 Processor | 1 Year Warranty on Handset and 6 Months Warranty on Accessories,7
GFive SHARK,₹499,₹999,50% off,3.6,"1,283 Ratings & 94 Reviews",32 MB RAM | 64 MB ROM | 4.57 cm (1.8 inch) Display | 0.3MP Rear Camera | 1000 mAh Battery | 3 Month Manufacturer Warranty,7
"Samsung Galaxy M56 5G (Black, 256 GB)","₹26,644","₹33,999",21% off,4.4,"2,028 Ratings & 149 Reviews",8 GB RAM | 256 GB ROM | 17.02 cm (6.7 inch) Full HD+ E3 Super AMOLED Display | 50MP + 50MP + 8MP | 12MP + 2MP Dual Front Camera | 5000 mAh Battery | OCTACORE Processor | one-year warranty covering the device itself,7
HOTLINE TIGER,₹599,₹999,40% off,3.5,54 Ratings & 1 Reviews,32 MB RAM | 32 MB ROM | 4.5 cm (1.77 inch) Display | 1.3MP Rear Camera | 2500 mAh Battery | NA,7
"OPPO K13 5G with 7000mAh and 80W SUPERVOOC Charger In-The-Box (Icy Purple, 128 GB)","₹21,914","₹22,999",4% off,4.4,"72,590 Ratings & 4,872 Reviews",8 GB RAM | 128 GB ROM | 16.94 cm (6.67 inch) Display | 50MP + 2MP | 16MP Front Camera | 7000 mAh Battery | Snapdragon 6 Gen 4 Processor | 80W SUPERVOOC Charger | 1 Year Warranty on the Product and 6 Months Warranty on Inbox Accessories,7
"OPPO K13 5G with 7000mAh and 80W SUPERVOOC Charger In-The-Box (Prism Black, 128 GB)","₹21,914","₹22,999",4% off,4.4,"72,590 Ratings & 4,872 Reviews",8 GB RAM | 128 GB ROM | 16.94 cm (6.67 inch) Display | 50MP + 2MP | 16MP Front Camera | 7000 mAh Battery | Snapdragon 6 Gen 4 Processor | 80W SUPERVOOC Charger | 1 Year Warranty on the Product and 6 Months Warranty on Inbox Accessories,7
"REDMI A4 (Starry Black, 128 GB)","₹14,959","₹15,999",6% off,4.2,"2,706 Ratings & 95 Reviews",6 GB RAM | 128 GB ROM | 17.48 cm (6.88 inch) Display | 50MP + 50MP | 5MP Dual Front Camera | 5160 mAh Battery | Snapdragon 4s Gen 2 5G Processor Processor | 1 year manufacturer warranty for device and 6 months manufacturer warranty for in-box accessories including batteries from the date of purchase,7
"OnePlus Nord 6 (Pitch Black, 256 GB)","₹42,057","₹52,999",20% off,4.5,649 Ratings & 83 Reviews,"8 GB RAM | 256 GB ROM | Expandable Upto 256 GB | 17.22 cm (6.78 inch) Full HD+ Display | 50MP Rear Camera | 9000 mAh Battery | 4 octa-core processor Processor | one-year limited warranty starting from the date of delivery, covering manufacturing defects in materials and workmanship",8
"Samsung Galaxy F06 5G (Lit Violet, 128 GB)","₹13,999","₹16,999",17% off,4.2,"44,942 Ratings & 2,871 Reviews",4 GB RAM | 128 GB ROM | Expandable Upto 1500 GB | 17.02 cm (6.7 inch) HD+ Display | 50MP + 2MP | 8MP Front Camera | 5000 mAh Battery | Dimensity 6300 Processor | 1 Year Manufacturer Warranty for Device and 6 Months for In-Box Accessories,8
"realme P4 Power 5G (TransSilver, 128 GB)","₹27,999","₹32,999",15% off,4.5,"3,759 Ratings & 340 Reviews",8 GB RAM | 128 GB ROM | 17.27 cm (6.8 inch) Full HD+ AMOLED Display | 50MP + 8MP | Yes | 10001 mAh Battery | Dimensity 7400 Ultra Processor | 1 Year Manufacturer Warranty for Device and 6 Months Manufacturer Warranty for Inbox Accessories,8
"vivo T5x 5G (Cyber Green, 128 GB)","₹22,999","₹28,999",20% off,4.4,"5,072 Ratings & 344 Reviews",6 GB RAM | 128 GB ROM | 17.17 cm (6.76 inch) Display | 50MP + 2MP | 32MP Front Camera | 7200 mAh Li-ion Battery | Dimensity 7400-Turbo Processor | 1 Year Manufacturer Warranty for Device and 6 Months Manufacturer Warranty for Inbox Accessories,8
"realme Narzo 90 5G (Carbon Black, 128 GB)","₹19,979","₹19,999",,4.4,197 Ratings & 17 Reviews,8 GB RAM | 128 GB ROM | 16.69 cm (6.57 inch) Display | 50MP Rear Camera | 7000 mAh Battery | 12 Months Brand Warranty,8
"realme Narzo 90x 5G (Nitro Blue, 128 GB)","₹17,889","₹17,999",,4.4,655 Ratings & 32 Reviews,8 GB RAM | 128 GB ROM | 17.27 cm (6.8 inch) Display | 50MP Rear Camera | 7000 mAh Battery | 12 Months Brand Warranty,8
Nokia All-New 105 Single Sim Keypad Phone with Built-in UPI Payments,"₹1,349","₹1,599",15% off,3.7,"1,09,635 Ratings & 6,880 Reviews",32 MB RAM | 32 MB ROM | 4.5 cm (1.77 inch) Display | 0MP | 0MP Front Camera | 1000 mAh Battery | SC6531E Processor | 1YR BRAND WARRANTY ON HANDSET & 6 MONTHS WARRANTY ON ACCESSORIES,8
"MOTOROLA g67 power 5G (Pantone Curacao Blue, 128 GB)","₹18,999",,,4.3,"15,911 Ratings & 997 Reviews",8 GB RAM | 128 GB ROM | 17.02 cm (6.7 inch) Full HD+ Display | 50MP + 8MP | 32MP Front Camera | 7000 mAh Battery | 7s Gen 2 Processor | 1 Year Warranty on Handset and 6 Months Warranty on Accessories,8
"Samsung Galaxy A06 5G (Light Green, 64 GB)","₹12,238","₹13,999",12% off,4.2,"3,393 Ratings & 218 Reviews",4 GB RAM | 64 GB ROM | Expandable Upto 1 TB | 17.02 cm (6.7 inch) HD+ Display | 50MP + 50MP | 2MP + 2MP Dual Front Camera | 5000 mAh Battery | MEDIATEK Processor | 1 Year Manufacturer Warranty for Device and 6 Months for In-Box Accessories,8
G'Five U 339,₹599,₹999,40% off,3.8,148 Ratings & 5 Reviews,32 MB RAM | 32 MB ROM | 4.57 cm (1.8 inch) Display | 0.3MP Rear Camera | 3000 mAh Battery | 3 Month Manufacturer Warranty,8
"realme Narzo 90x 5G (Nitro Blue, 128 GB)","₹16,950","₹16,999",,4.3,"1,779 Ratings & 103 Reviews",6 GB RAM | 128 GB ROM | 17.27 cm (6.8 inch) Display | 50MP Rear Camera | 7000 mAh Battery | 12 Months Brand Warranty,8
"Apple iPhone 16 (Pink, 128 GB)","₹62,900","₹69,900",10% off,4.6,"1,92,398 Ratings & 6,752 Reviews","128 GB ROM | 15.49 cm (6.1 inch) Super Retina XDR Display | 48MP + 12MP | 12MP Front Camera | A18 Chip, 6 Core Processor Processor | 1 year warranty for phone and 1 year warranty for in Box Accessories.",8
HOTLINE H310,₹499,₹999,50% off,3.5,"7,816 Ratings & 497 Reviews",32 MB RAM | 32 MB ROM | 4.57 cm (1.8 inch) Display | 0.3MP Rear Camera | 1000 mAh Battery | 3 Months Manufacturer Warranty,8
"Apple iPhone 16 (White, 128 GB)","₹62,900","₹69,900",10% off,4.6,"1,92,398 Ratings & 6,752 Reviews","128 GB ROM | 15.49 cm (6.1 inch) Super Retina XDR Display | 48MP + 12MP | 12MP Front Camera | A18 Chip, 6 Core Processor Processor | 1 year warranty for phone and 1 year warranty for in Box Accessories.",8
"OPPO K13 5G with 7000mAh and 80W SUPERVOOC Charger In-The-Box (Prism Black, 256 GB)","₹23,862","₹24,999",4% off,4.4,"72,590 Ratings & 4,872 Reviews",8 GB RAM | 256 GB ROM | 16.94 cm (6.67 inch) Display | 50MP + 2MP | 16MP Front Camera | 7000 mAh Battery | Snapdragon 6 Gen 4 Processor | 80W SUPERVOOC Charger | 1 Year Warranty on the Product and 6 Months Warranty on Inbox Accessories,8
"OPPO K13 5G with 7000mAh and 80W SUPERVOOC Charger In-The-Box (Icy Purple, 256 GB)","₹23,862","₹24,999",4% off,4.4,"72,590 Ratings & 4,872 Reviews",8 GB RAM | 256 GB ROM | 16.94 cm (6.67 inch) Display | 50MP + 2MP | 16MP Front Camera | 7000 mAh Battery | Snapdragon 6 Gen 4 Processor | 80W SUPERVOOC Charger | 1 Year Warranty on the Product and 6 Months Warranty on Inbox Accessories,8
"Ai+ Nova 2 5G (Blue, 128 GB)","₹12,999","₹14,999",13% off,4.3,359 Ratings & 15 Reviews,6 GB RAM | 128 GB ROM | Expandable Upto 1 TB | 17.13 cm (6.745 inch) HD+ Display | 50MP Rear Camera | 8MP Front Camera | 6000 mAh Battery | T8200 Processor | 1 Year Warranty on Handset and 6 Months Warranty on the Inbox Accessories,8
"Samsung M36 5G (Orange Haze / Orange, 128 GB)","₹20,499","₹24,499",16% off,4.1,657 Ratings & 40 Reviews,8 GB RAM | 128 GB ROM | 17.02 cm (6.7 inch) Display | 50MP Rear Camera | 5000 mAh Battery | 1 Year Warranty,8
"realme Narzo 90 5G (Victory Gold, 128 GB)","₹18,910","₹18,999",,4.4,462 Ratings & 34 Reviews,6 GB RAM | 128 GB ROM | 16.69 cm (6.57 inch) Display | 50MP Rear Camera | 7000 mAh Battery | 12 Months Brand Warranty,8
"IQOO Z11x 5G (Prismatic Green, 128 GB)","₹21,645","₹28,999",25% off,4.4,384 Ratings & 31 Reviews,6 GB RAM | 128 GB ROM | 17.02 cm (6.7 inch) Display | 50MP Rear Camera | 7200 mAh Battery | 12 Months Brand Warranty,8
"MOTOROLA Edge 60 Fusion 5G (PANTONE Amazonite, 256 GB)","₹26,999","₹27,999",3% off,4.4,"44,060 Ratings & 2,583 Reviews",12 GB RAM | 256 GB ROM | Expandable Upto 1 TB | 16.94 cm (6.67 inch) Display | 50MP + 13MP | 32MP Front Camera | 5500 mAh Battery | Dimensity 7400 Processor | 68W Charger | 1 Year Warranty on Handset and 6 Months Warranty on Accessories,8
"vivo T4x 5G (Pronto Purple, 128 GB)","₹18,999","₹19,499",2% off,4.4,"1,38,892 Ratings & 7,358 Reviews",8 GB RAM | 128 GB ROM | 17.07 cm (6.72 inch) Display | 50MP + 2MP | 8MP Front Camera | 6500 mAh Battery | Dimensity 7300 5G Processor | 1 Year Warranty for Device and 6 Months Warranty for Accessories,8
"Nokia 2660 Flip 4G Volte Dual SIM keypad Phone, Dual Screen, MP3 Player","₹4,999","₹5,899",15% off,4.2,"2,027 Ratings & 111 Reviews",0.046875 GB RAM | 0.125 GB ROM | 7.11 cm (2.8 inch) QVGA Display | 0.3MP Rear Camera | 1450 mAh Lithium Ion Battery | 1YR BRAND WARRANTY ON HANDSET & 6 MONTHS WARRANTY ON ACCESSORIES,8
Kechaoda A27,₹899,"₹1,499",40% off,4,"16,828 Ratings & 888 Reviews",32 MB RAM | 32 MB ROM | Expandable Upto 16 GB | 1.68 cm (0.66 inch) Display | 800 mAh Battery | Processor clock: 400 MHz Processor | 3 Months Company Warranty,8
"REDMI 15 5G (Sandy Purple, 128 GB)","₹17,200","₹19,999",13% off,4.3,"2,074 Ratings & 115 Reviews",6 GB RAM | 128 GB ROM | 17.53 cm (6.9 inch) Display | 50MP Rear Camera | 7000 mAh Battery | 1 year manufacturer warranty for device and 6 months manufacturer warranty for in-box accessories including batteries from the date of purchase,9
"Apple iPhone 16 (White, 128 GB)","₹62,900","₹69,900",10% off,4.6,"1,92,398 Ratings & 6,752 Reviews","128 GB ROM | 15.49 cm (6.1 inch) Super Retina XDR Display | 48MP + 12MP | 12MP Front Camera | A18 Chip, 6 Core Processor Processor | 1 year warranty for phone and 1 year warranty for in Box Accessories.",9
"MOTOROLA Edge 60 Pro (Pantone Sparkling Grape, 512 GB)","₹37,999","₹42,999",11% off,4.4,"3,129 Ratings & 236 Reviews",16 GB RAM | 512 GB ROM | 17.02 cm (6.7 inch) Display | 50MP + 50MP + 10MP | 50MP Front Camera | 6000 mAh Battery | Dimensity 8350 Processor | 1 Year Warranty on Handset and 6 Months Warranty on Accessories,9
"IQOO Z11x 5G (Prismatic Green, 128 GB)","₹22,897","₹30,999",26% off,4.3,573 Ratings & 51 Reviews,8 GB RAM | 128 GB ROM | 17.02 cm (6.7 inch) Display | 50MP Rear Camera | 7200 mAh Battery | 12 Months Brand Warranty,9
"vivo T5x 5G (Cyber Green, 128 GB)","₹22,999","₹28,999",20% off,4.4,"5,072 Ratings & 344 Reviews",6 GB RAM | 128 GB ROM | 17.17 cm (6.76 inch) Display | 50MP + 2MP | 32MP Front Camera | 7200 mAh Li-ion Battery | Dimensity 7400-Turbo Processor | 1 Year Manufacturer Warranty for Device and 6 Months Manufacturer Warranty for Inbox Accessories,9
"IQOO Z10 5G (Glacier Silver / Silver, 128 GB)","₹24,575","₹25,999",5% off,4.4,"6,592 Ratings & 333 Reviews",8 GB RAM | 128 GB ROM | 17.02 cm (6.7 inch) Display | 50MP Rear Camera | 7300 mAh Battery | 1 Year Warranty on Handset and 6 Months Warranty on Accessories,9
"realme Narzo 90 5G (Victory Gold, 128 GB)","₹18,909","₹18,999",,4.4,462 Ratings & 34 Reviews,6 GB RAM | 128 GB ROM | 16.69 cm (6.57 inch) Display | 50MP Rear Camera | 7000 mAh Battery | 12 Months Brand Warranty,9
"hmd 105 Dual Sim Keypad Phone with Built-in UPI App, Wireless FM Radio","₹1,059","₹1,499",29% off,3.8,"5,174 Ratings & 375 Reviews",4 MB RAM | 4 MB ROM | Expandable Upto 32 GB | 5.08 cm (2 inch) Display | 1000 mAh Battery | SC6531E Processor | 1 Year Replacement.,9
"Samsung Galaxy A17 5G Charger in the Box (Black, 128 GB)","₹19,499","₹21,999",11% off,4.4,907 Ratings & 61 Reviews,6 GB RAM | 128 GB ROM | Expandable Upto 2 TB | 17.02 cm (6.7 inch) Full HD+ Display | 50MP + 5MP + 2MP | 13MP Front Camera | 5000 mAh Battery | Samsung Exynos 1330 Processor | 1 Year Manufacturer Warranty for Device and 6 Months for In-Box Accessories,9
"realme P4x 5G (Lake Green, 128 GB)","₹20,499","₹23,499",12% off,4.3,"4,383 Ratings & 325 Reviews",8 GB RAM | 128 GB ROM | 17.07 cm (6.72 inch) Full HD+ Display | 50MP + 2MP | 8MP Front Camera | 7000 mAh Battery | Dimensity 7400 Ultra Processor | 1 Year Manufacturer Warranty for Phone and 6 Months Warranty for In-Box Accessories,9
"realme P4x 5G (Matte Silver, 128 GB)","₹20,499","₹23,499",12% off,4.3,"4,383 Ratings & 325 Reviews",8 GB RAM | 128 GB ROM | 17.07 cm (6.72 inch) Full HD+ Display | 50MP + 2MP | 8MP Front Camera | 7000 mAh Battery | Dimensity 7400 Ultra Processor | 1 Year Manufacturer Warranty for Phone and 6 Months Warranty for In-Box Accessories,9
Kechaoda A27,₹899,"₹1,499",40% off,4,"16,828 Ratings & 888 Reviews",32 MB RAM | 32 MB ROM | Expandable Upto 16 GB | 1.68 cm (0.66 inch) NA Display | 0.5MP | 0MP Front Camera | 800 mAh Battery | NA Processor | 3 Months Company Warranty,9
"IQOO Z11x 5G (Titan Black, 128 GB)","₹23,712","₹30,990",23% off,4.3,573 Ratings & 51 Reviews,8 GB RAM | 128 GB ROM | 17.02 cm (6.7 inch) Display | 50MP Rear Camera | 7200 mAh Battery | 12 Months Brand Warranty,9
"MOTOROLA Edge 70 (PANTONE Lily Pad, 256 GB)","₹27,999","₹34,999",20% off,4.4,"3,105 Ratings & 284 Reviews",8 GB RAM | 256 GB ROM | 17.02 cm (6.7 inch) Display | 50MP + 50MP | 50MP Front Camera | 5000 mAh Battery | Snapdragon® 7 Gen 4 Processor | 1 Year Warranty on Handset and 6 Months Warranty on Accessories,9
"Samsung M36 5G (Orange, 256 GB)","₹26,732","₹29,999",10% off,4.1,657 Ratings & 40 Reviews,8 GB RAM | 256 GB ROM | 17.02 cm (6.7 inch) Display | 50MP Rear Camera | 5000 mAh Battery | 1 Year Warranty,9
"vivo T4x 5G (Pronto Purple, 128 GB)","₹16,999","₹17,999",5% off,4.4,"1,75,309 Ratings & 8,808 Reviews",6 GB RAM | 128 GB ROM | 17.07 cm (6.72 inch) Display | 50MP + 2MP | 8MP Front Camera | 6500 mAh Battery | Dimensity 7300 5G Processor | 1 Year Warranty for Device and 6 Months Warranty for Accessories,9
"IQOO Z10R 5G (Moonstone, 128 GB)","₹22,682","₹23,499",3% off,4.4,"5,070 Ratings & 293 Reviews",8 GB RAM | 128 GB ROM | 17.2 cm (6.77 inch) Display | 50MP Rear Camera | 5700 mAh Battery | 1 Year Warranty,9
"Samsung Galaxy F70e 5G (Limelight Green, 128 GB)","₹15,499","₹16,999",8% off,4.2,"1,046 Ratings & 103 Reviews",4 GB RAM | 128 GB ROM | Expandable Upto 2 TB | 17.12 cm (6.74 inch) HD+ Display | 50MP + 2MP | 8MP Front Camera | 6000 mAh Li-ion Battery | Dimensity 6300 Processor | 1 Year Manufacturer Warranty for Device and 6 Months for In-Box Accessories,9
"vivo T4x 5G (Pronto Purple, 256 GB)","₹20,999",,,4.4,"1,38,892 Ratings & 7,358 Reviews",8 GB RAM | 256 GB ROM | 17.07 cm (6.72 inch) Display | 50MP + 2MP | 8MP Front Camera | 6500 mAh Battery | Dimensity 7300 5G Processor | 1 Year Warranty for Device and 6 Months Warranty for Accessories,9
"REDMI 15 5G (Midnight Black, 128 GB)","₹17,372","₹20,999",17% off,4.3,"2,074 Ratings & 115 Reviews",6 GB RAM | 128 GB ROM | 17.53 cm (6.9 inch) Display | 50MP Rear Camera | 7000 mAh Battery | 1 year manufacturer warranty for device and 6 months manufacturer warranty for in-box accessories including batteries from the date of purchase,9
"REDMI 15 5G (Frosted White, 128 GB)","₹17,217","₹19,999",13% off,4.3,"2,074 Ratings & 115 Reviews",6 GB RAM | 128 GB ROM | 17.53 cm (6.9 inch) Display | 50MP Rear Camera | 7000 mAh Battery | 1 year manufacturer warranty for device and 6 months manufacturer warranty for in-box accessories including batteries from the date of purchase,9
"Apple iPhone 17 (Black, 256 GB)","₹75,900","₹82,900",8% off,4.6,"9,611 Ratings & 575 Reviews","256 GB ROM | 16.0 cm (6.3 inch) Super Retina XDR Display | 48MP + 48MP | 18MP Front Camera | A19 Chip, 6 Core Processor Processor | Apple One (1) Year Limited Warranty",9
"POCO M7 5G (Mint Green, 128 GB)","₹13,499","₹13,999",3% off,4.3,"18,381 Ratings & 885 Reviews",8 GB RAM | 128 GB ROM | Expandable Upto 1 TB | 17.48 cm (6.88 inch) HD+ Display | 50MP Rear Camera | 8MP Front Camera | 5160 mAh Battery | 4 Gen 2 5G Processor | 1 Year Manufacturer Warranty for Phone and 6 Months Warranty for In the Box Accessories,9
"Samsung Galaxy S24 Exynos 5G (Amber Yellow, 256 GB)","₹55,999","₹79,999",30% off,4.5,"6,845 Ratings & 445 Reviews",8 GB RAM | 256 GB ROM | 15.75 cm (6.2 inch) Full HD+ Display | 50MP + 10MP + 12MP | 12MP Front Camera | 4000 mAh Battery | Exynos 2400 Processor | 1 Year Manufacturer Warranty for Device and 6 Months for In-Box Accessories,9
"vivo T4x 5G (Marine Blue, 128 GB)","₹18,999","₹19,499",2% off,4.4,"1,38,892 Ratings & 7,358 Reviews",8 GB RAM | 128 GB ROM | 17.07 cm (6.72 inch) Display | 50MP + 2MP | 8MP Front Camera | 6500 mAh Battery | Dimensity 7300 5G Processor | 1 Year Warranty for Device and 6 Months Warranty for Accessories,10
MOTOROLA A10V DS Keypad Phone with Voice Feature|800 mAh Battery|Wireless FM Recording,"₹1,299","₹1,549",16% off,4,"10,720 Ratings & 684 Reviews",4 MB RAM | 32 MB ROM | Expandable Upto 64 GB | 4.57 cm (1.8 inch) Display | 800 mAh Battery | 2 Years Domestic Replacement Warranty,10
HOTLINE CLASSIC H17,₹500,₹999,49% off,3.8,368 Ratings & 15 Reviews,32 MB RAM | 32 MB ROM | 4.57 cm (1.8 inch) Display | 0.3MP Rear Camera | 1000 mAh Battery | 3 Months Domestic Warranty,10
"realme Narzo 90 5G (Carbon Black, 128 GB)","₹18,944","₹18,999",,4.4,462 Ratings & 34 Reviews,6 GB RAM | 128 GB ROM | 16.69 cm (6.57 inch) Display | 50MP Rear Camera | 7000 mAh Battery | 12 Months Brand Warranty,10
"Apple iPhone 17 (Black, 256 GB)","₹75,900","₹82,900",8% off,4.6,"9,611 Ratings & 575 Reviews","256 GB ROM | 16.0 cm (6.3 inch) Super Retina XDR Display | 48MP + 48MP | 18MP Front Camera | A19 Chip, 6 Core Processor Processor | Apple One (1) Year Limited Warranty",10
Jmax Super 1,₹599,₹999,40% off,3.8,"2,924 Ratings & 200 Reviews",32 MB RAM | 32 MB ROM | 4.57 cm (1.8 inch) Display | 0.3MP Rear Camera | 1100 mAh Battery | Domestic Warranty,10
"Samsung M36 5G (Serene Green / Light Green, 128 GB)","₹18,467","₹24,499",24% off,4.1,657 Ratings & 40 Reviews,8 GB RAM | 128 GB ROM | 17.02 cm (6.7 inch) Display | 50MP Rear Camera | 5000 mAh Battery | 1 Year Warranty,10
"Apple iPhone 16 Plus (Ultramarine, 128 GB)","₹77,900","₹79,900",2% off,4.6,"3,979 Ratings & 238 Reviews","128 GB ROM | 17.02 cm (6.7 inch) Super Retina XDR Display | 48MP + 12MP | 12MP Front Camera | A18 Chip, 6 Core Processor Processor | 1 year warranty for phone and 1 year warranty for in Box Accessories.",10
"MOTOROLA Edge 60 Pro (Pantone Shadow, 512 GB)","₹37,999","₹42,999",11% off,4.4,"3,129 Ratings & 236 Reviews",16 GB RAM | 512 GB ROM | 17.02 cm (6.7 inch) Display | 50MP + 50MP + 10MP | 50MP Front Camera | 6000 mAh Battery | Dimensity 8350 Processor | 1 Year Warranty on Handset and 6 Months Warranty on Accessories,10
"Samsung Galaxy S24 Exynos 5G (Amber Yellow, 256 GB)","₹55,999","₹79,999",30% off,4.5,"6,845 Ratings & 445 Reviews",8 GB RAM | 256 GB ROM | 15.75 cm (6.2 inch) Full HD+ Display | 50MP + 10MP + 12MP | 12MP Front Camera | 4000 mAh Battery | Exynos 2400 Processor | 1 Year Manufacturer Warranty for Device and 6 Months for In-Box Accessories,10
"hmd 105 Dual Sim Keypad Phone with Built-in UPI App, Wireless FM Radio","₹1,059","₹1,499",29% off,3.8,"5,174 Ratings & 375 Reviews",4 MB RAM | 4 MB ROM | Expandable Upto 32 GB | 5.08 cm (2 inch) Display | 1000 mAh Battery | SC6531E Processor | 1 Year Replacement.,10
Kechaoda K28,"₹1,249","₹1,499",16% off,4,"5,445 Ratings & 392 Reviews",32 MB RAM | 64 MB ROM | Expandable Upto 16 GB | 6.1 cm (2.4 inch) QVGA Display | 0.3MP Rear Camera | 1700 mAh Battery | 1 Year Company Domestic Warranty by Company Authorized Service Center.,10
Kechaoda K115,₹999,"₹1,499",33% off,4.1,"44,068 Ratings & 2,724 Reviews",32 MB RAM | 32 MB ROM | Expandable Upto 32 GB | 3.66 cm (1.44 inch) QVGA Display | 0.3MP + 0MP | 0MP Front Camera | 850 mAh Battery | NA Processor | 3 Months Company Warranty,10
"MOTOROLA edge 70 pro (Marble - PANTONE Lily white (white), 256 GB)","₹41,999","₹56,999",26% off,4.4,42 Ratings & 9 Reviews,12 GB RAM | 256 GB ROM | 17.27 cm (6.8 inch) Full HD+ Super AMOLED Display | 50MP + 50MP | 50MP Front Camera | 6500 mAh Silicon-Carbon Battery | Dimensity 8500 Extreme Processor | 1 Year on Handset and 6 Months on Accessories,10
"REDMI 15 5G (Midnight Black, 128 GB)","₹17,372","₹20,999",17% off,4.3,"2,074 Ratings & 115 Reviews",6 GB RAM | 128 GB ROM | 17.53 cm (6.9 inch) Display | 50MP Rear Camera | 7000 mAh Battery | 1 year manufacturer warranty for device and 6 months manufacturer warranty for in-box accessories including batteries from the date of purchase,10
"IQOO Z11x 5G (Titan Black, 256 GB)","₹26,688","₹33,999",21% off,4.3,573 Ratings & 51 Reviews,8 GB RAM | 256 GB ROM | 17.02 cm (6.7 inch) Display | 50MP Rear Camera | 7200 mAh Battery | 12 Months Brand Warranty,10
"POCO C71 (Desert Gold, 128 GB)","₹9,999",,,4.1,"36,275 Ratings & 1,726 Reviews","6 GB RAM | 128 GB ROM | Expandable Upto 2 TB | 17.48 cm (6.88 inch) HD+ Display | 32MP Rear Camera | 8MP Front Camera | 5200 mAh Battery | Unisoc T7250
Max clock speed: 
2 x A75@1.8GHz
6 x A55@1.6GHz Processor | 1 Year Manufacturer Warranty for Phone and 6 Months Warranty for In the Box Accessories",10
Kechaoda K115,₹999,"₹1,499",33% off,4.1,"44,068 Ratings & 2,724 Reviews",32 MB RAM | 32 MB ROM | Expandable Upto 32 GB | 3.66 cm (1.44 inch) QVGA Display | 0.3MP + 0MP | 0MP Front Camera | 850 mAh Battery | NA Processor | 3 Months Company Warranty,10
"OPPO K14 5G (Prism White, 128 GB)","₹19,999","₹25,999",23% off,4.3,491 Ratings & 31 Reviews,6 GB RAM | 128 GB ROM | 17.14 cm (6.75 inch) HD+ Display | 50MP Rear Camera | 8MP Front Camera | 7000 mAh Battery | Dimensity 6300 Processor | 1 Year Manufacturer Warranty for Device and 6 Months Manufacturer Warranty for Inbox Accessories,10
"Samsung Galaxy A17 5G Charger in the Box (Blue, 128 GB)","₹18,925","₹22,999",17% off,4.4,907 Ratings & 61 Reviews,6 GB RAM | 128 GB ROM | Expandable Upto 2 TB | 17.02 cm (6.7 inch) Full HD+ Display | 50MP + 5MP + 2MP | 13MP Front Camera | 5000 mAh Battery | Samsung Exynos 1330 Processor | 1 Year Manufacturer Warranty for Device and 6 Months for In-Box Accessories,10
"MOTOROLA Edge 70 (PANTONE Lily Pad, 256 GB)","₹27,999","₹34,999",20% off,4.4,"3,105 Ratings & 284 Reviews",8 GB RAM | 256 GB ROM | 17.02 cm (6.7 inch) Display | 50MP + 50MP | 50MP Front Camera | 5000 mAh Battery | Snapdragon® 7 Gen 4 Processor | 1 Year Warranty on Handset and 6 Months Warranty on Accessories,10
"Samsung M36 5G (Orange Haze / Orange, 128 GB)","₹17,873","₹22,999",22% off,4.3,"3,205 Ratings & 190 Reviews",6 GB RAM | 128 GB ROM | 17.02 cm (6.7 inch) Display | 50MP Rear Camera | 5000 mAh Battery | 1 Year Warranty,10
Kechaoda K115,₹999,"₹1,499",33% off,4.1,"44,068 Ratings & 2,724 Reviews",32 MB RAM | 32 MB ROM | Expandable Upto 32 GB | 3.66 cm (1.44 inch) QVGA Display | 0.3MP + 0.5MP | 0MP Front Camera | 850 mAh Battery | NA Processor | 3 Months Company Warranty,10
"realme Narzo 90 5G (Victory Gold, 128 GB)","₹19,979","₹19,999",,4.4,197 Ratings & 17 Reviews,8 GB RAM | 128 GB ROM | 16.69 cm (6.57 inch) Display | 50MP Rear Camera | 7000 mAh Battery | 12 Months Brand Warranty,10
"realme P4 Power 5G (TransSilver, 128 GB)","₹27,999","₹32,999",15% off,4.5,"3,759 Ratings & 340 Reviews",8 GB RAM | 128 GB ROM | 17.27 cm (6.8 inch) Full HD+ AMOLED Display | 50MP + 8MP | Yes | 10001 mAh Battery | Dimensity 7400 Ultra Processor | 1 Year Manufacturer Warranty for Device and 6 Months Manufacturer Warranty for Inbox Accessories,11
"vivo T5x 5G (Cyber Green, 128 GB)","₹22,999","₹28,999",20% off,4.4,"5,072 Ratings & 344 Reviews",6 GB RAM | 128 GB ROM | 17.17 cm (6.76 inch) Display | 50MP + 2MP | 32MP Front Camera | 7200 mAh Li-ion Battery | Dimensity 7400-Turbo Processor | 1 Year Manufacturer Warranty for Device and 6 Months Manufacturer Warranty for Inbox Accessories,11
Kechaoda K115,₹999,"₹1,499",33% off,4.1,"44,068 Ratings & 2,724 Reviews",32 MB RAM | 32 MB ROM | Expandable Upto 32 GB | 3.66 cm (1.44 inch) QVGA Display | 0.3MP + 0.5MP | 0MP Front Camera | 850 mAh Battery | NA Processor | 3 Months Company Warranty,11
Kechaoda K115,₹999,"₹1,499",33% off,4.1,"44,068 Ratings & 2,724 Reviews",32 MB RAM | 32 MB ROM | Expandable Upto 32 GB | 3.66 cm (1.44 inch) QVGA Display | 0.3MP + 0MP | 0MP Front Camera | 850 mAh Battery | NA Processor | 3 Months Company Warranty,11
Jmax Super 2,₹599,₹999,40% off,3.9,"2,385 Ratings & 186 Reviews",32 MB RAM | 32 MB ROM | 4.57 cm (1.8 inch) Display | 0.3MP Rear Camera | 1100 mAh Battery | 3 months Domestic Warranty,11
"REDMI Note 15 SE 5G (Carbon Black, 256 GB)","₹23,999","₹27,999",14% off,4.3,463 Ratings & 57 Reviews,8 GB RAM | 256 GB ROM | Expandable Upto 1 TB | 17.2 cm (6.77 inch) Full HD+ AMOLED Display | 50MP Rear Camera | 20MP Front Camera | 5800 mAh Lithium-Ion Polymer Battery | Snapdragon 6 Gen 3 Processor | 1 Year Manufacturer Warranty for Phone and 6 Months Warranty for In the Box Accessories,11
Kechaoda A26,₹899,"₹1,499",40% off,4,"30,888 Ratings & 1,653 Reviews",32 MB RAM | 32 MB ROM | Expandable Upto 16 GB | 1.68 cm (0.66 inch) QVGA Display | 0MP | 0MP Front Camera | 800 mAh Battery | NA Processor | 3 Months Company Warranty,11
Kechaoda A26,₹899,"₹1,499",40% off,4,"30,888 Ratings & 1,653 Reviews",32 MB RAM | 32 MB ROM | Expandable Upto 16 GB | 1.68 cm (0.66 inch) Display | 800 mAh Battery | 3 Months Company Warranty,11
"Ai+ Pulse 1 (Blue, 128 GB)","₹9,999",,,4,"8,675 Ratings & 531 Reviews",6 GB RAM | 128 GB ROM | Expandable Upto 1 TB | 17.13 cm (6.745 inch) HD+ Display | 50MP Rear Camera | 5MP Front Camera | 5000 mAh Battery | T615 Processor | 1 Year Warranty on Handset and 6 Months Warranty on the Inbox Accessories,11
Jmax MINI,₹777,"₹1,499",48% off,3.7,262 Ratings & 8 Reviews,32 MB RAM | 32 MB ROM | 2.54 cm (1 inch) Display | 1MP Rear Camera | 800 mAh Battery | 1 Year Manufacturer Warranty,11
HOTLINE H310,₹499,₹999,50% off,3.5,"7,816 Ratings & 497 Reviews",32 MB RAM | 32 MB ROM | 4.57 cm (1.8 inch) Display | 0.3MP Rear Camera | 100 mAh Battery | The Hotline Mobiles has 3 Months Manufacture’s Warranty & after Warranty period we would like to help our customers with the best possible service under low expenses,11
Kechaoda K115,₹997,"₹1,499",33% off,4.1,"44,068 Ratings & 2,724 Reviews",32 MB RAM | 32 MB ROM | Expandable Upto 32 GB | 3.66 cm (1.44 inch) QVGA Display | 0.3MP + 0MP | 0MP Front Camera | 850 mAh Battery | NA Processor | 3 Months Company Warranty,11
MOTOROLA A10V DS Keypad Phone with Voice Feature|800 mAh Battery|Wireless FM Recording,"₹1,339","₹1,549",13% off,4,"10,720 Ratings & 684 Reviews",4 MB RAM | 32 MB ROM | Expandable Upto 64 GB | 4.57 cm (1.8 inch) Display | 800 mAh Battery | 2 Years Domestic Replacement Warranty,11
"Apple iPhone 16 (Black, 128 GB)","₹62,900","₹69,900",10% off,4.6,"1,92,398 Ratings & 6,752 Reviews","128 GB ROM | 15.49 cm (6.1 inch) Super Retina XDR Display | 48MP + 12MP | 12MP Front Camera | A18 Chip, 6 Core Processor Processor | 1 year warranty for phone and 1 year warranty for in Box Accessories.",11
"Samsung Galaxy S24 5G Snapdragon (Onyx Black, 128 GB)","₹49,999","₹74,999",33% off,4.6,"57,084 Ratings & 3,711 Reviews",8 GB RAM | 128 GB ROM | 15.75 cm (6.2 inch) Full HD+ Display | 50MP + 12MP | 12MP Front Camera | 4000 mAh Battery | 8 Gen 3 Processor | 1 Year Manufacturer Warranty for Device and 6 Months for In-Box Accessories,11
"Samsung Galaxy M17e (Blitz Blue, 128 GB)","₹15,400","₹18,999",18% off,4.1,51 Ratings & 0 Reviews,6 GB RAM | 128 GB ROM | Expandable Upto 128 GB | 17.02 cm (6.7 inch) Full HD+ Display | 50MP Rear Camera | 2MP Front Camera | 6000 mAh Battery | MediaTek Dimensity Processor | 1-year manufacturer warranty for the device and 6 months for in-box accessories.,11
"REDMI 15A (Amaze Purple, 128 GB)","₹14,499","₹17,999",19% off,4.1,126 Ratings & 12 Reviews,4 GB RAM | 128 GB ROM | Expandable Upto 2 TB | 17.53 cm (6.9 inch) Display | 32MP Rear Camera | 8MP Front Camera | 6300 mAh Lithium-Ion Polymer Battery | T8300 Processor | 1 Year Manufacturer Warranty for Phone and 6 Months Warranty for In the Box Accessories,11
"Nokia 220 4G Dual SIM Keypad Phone, Built-in UPI App, USB Type C","₹3,689","₹4,499",18% off,4,"1,688 Ratings & 98 Reviews",64 MB RAM | 64 MB ROM | 7.11 cm (2.8 inch) Display | 1450 mAh Battery | 1YR BRAND WARRANTY ON HANDSET & 6 MONTHS WARRANTY ON ACCESSORIES,11
Jio PRIMA2 4G,"₹3,390","₹4,199",19% off,3.9,"2,239 Ratings & 122 Reviews",500 MB RAM | 4 GB ROM | Expandable Upto 128 GB | 6.1 cm (2.4 inch) QVGA Display | 0.3MP Rear Camera | 1800 mAh Battery | 1 Year MANUFACTURER WARRANTY,11
"Ai+ Pulse 1 (Purple, 128 GB)","₹9,999",,,4,"8,675 Ratings & 531 Reviews",6 GB RAM | 128 GB ROM | Expandable Upto 1 TB | 17.13 cm (6.745 inch) HD+ Display | 50MP Rear Camera | 5MP Front Camera | 5000 mAh Battery | T615 Processor | 1 Year Warranty on Handset and 6 Months Warranty on the Inbox Accessories,11
"IQOO Z10 5G (Glacier Silver / Silver, 256 GB)","₹27,261","₹27,999",2% off,4.4,"6,592 Ratings & 333 Reviews",8 GB RAM | 256 GB ROM | 17.2 cm (6.77 inch) Display | 50MP Rear Camera | 7300 mAh Battery | 1 Year,11
"hmd 105 Dual Sim Keypad Phone with Built-in UPI App, Wireless FM Radio","₹1,059","₹1,499",29% off,3.8,"5,174 Ratings & 375 Reviews",4 MB RAM | 4 MB ROM | Expandable Upto 32 GB | 5.08 cm (2 inch) Display | 1000 mAh Battery | SC6531E Processor | 1 Year Replacement.,11
Kechaoda A26_rose gold,₹899,"₹1,499",40% off,3.9,704 Ratings & 19 Reviews,32 MB RAM | 16 GB ROM | Expandable Upto 32 MB | 1.68 cm (0.66 inch) NA Display | 0MP | 0MP Front Camera | 800 mAh Battery | NA Processor | 3 Months Company Warranty,11
"Tecno Pova Slim 5G (Cool Black, 128 GB)","₹20,658","₹24,999",17% off,4.3,"1,159 Ratings & 83 Reviews",8 GB RAM | 128 GB ROM | 17.22 cm (6.78 inch) Display | 50MP + 2MP | 13MP Front Camera | 5160 mAh Battery | Dimensity 6400 5G Processor | 1 Year Manufacturer Warranty for Phone,11
"REDMI 15A (Amaze Purple, 128 GB)","₹14,499","₹17,999",19% off,4.1,126 Ratings & 12 Reviews,4 GB RAM | 128 GB ROM | Expandable Upto 2 TB | 17.53 cm (6.9 inch) Display | 32MP Rear Camera | 8MP Front Camera | 6300 mAh Lithium-Ion Polymer Battery | T8300 Processor | 1 Year Manufacturer Warranty for Phone and 6 Months Warranty for In the Box Accessories,12
LAVA Gem 2025,"₹1,797","₹2,099",14% off,4.1,"4,672 Ratings & 297 Reviews",4 MB RAM | 32 GB ROM | Expandable Upto 32 GB | 7.11 cm (2.8 inch) HVGA Display | 0.3MP + 0MP | 0MP Front Camera | 2575 mAh Battery | Mtk Processor | Brand Warranty of 1 Year Available for Mobile and 6 Months for Battery and Accessories,12
"vivo T5x 5G (Cyber Green, 128 GB)","₹22,999","₹28,999",20% off,4.4,"5,072 Ratings & 344 Reviews",6 GB RAM | 128 GB ROM | 17.17 cm (6.76 inch) Display | 50MP + 2MP | 32MP Front Camera | 7200 mAh Li-ion Battery | Dimensity 7400-Turbo Processor | 1 Year Manufacturer Warranty for Device and 6 Months Manufacturer Warranty for Inbox Accessories,12
"REDMI Note 15 SE 5G (Carbon Black, 256 GB)","₹23,999","₹27,999",14% off,4.3,463 Ratings & 57 Reviews,8 GB RAM | 256 GB ROM | Expandable Upto 1 TB | 17.2 cm (6.77 inch) Full HD+ AMOLED Display | 50MP Rear Camera | 20MP Front Camera | 5800 mAh Lithium-Ion Polymer Battery | Snapdragon 6 Gen 3 Processor | 1 Year Manufacturer Warranty for Phone and 6 Months Warranty for In the Box Accessories,12
Kechaoda K33,₹998,"₹2,200",54% off,4,"11,218 Ratings & 620 Reviews",32 MB RAM | 32 GB ROM | Expandable Upto 32 MB | 3.66 cm (1.44 inch) NA Display | 0.3MP + 0MP | 0MP Front Camera | 800 mAh Battery | NA Processor | 1 Year Manufacturer Warranty,12
Jmax Super 2,₹599,₹999,40% off,3.9,"2,385 Ratings & 186 Reviews",32 MB RAM | 32 MB ROM | 4.57 cm (1.8 inch) Display | 0.3MP Rear Camera | 1100 mAh Battery | 1 Year Domestic Warranty 7698174900,12
Kechaoda A26,₹899,"₹1,499",40% off,4,"30,888 Ratings & 1,653 Reviews",32 MB RAM | 32 MB ROM | Expandable Upto 16 GB | 1.68 cm (0.66 inch) QVGA Display | 0MP | 0MP Front Camera | 800 mAh Battery | NA Processor | 3 Months Company Warranty,12
Kechaoda A26,₹899,"₹1,499",40% off,4,"30,888 Ratings & 1,653 Reviews",32 MB RAM | 32 MB ROM | Expandable Upto 16 GB | 1.68 cm (0.66 inch) Display | 800 mAh Battery | 3 Months Company Warranty,12
Jmax MINI,₹777,"₹1,499",48% off,3.7,262 Ratings & 8 Reviews,32 MB RAM | 32 MB ROM | 2.54 cm (1 inch) Display | 1MP Rear Camera | 800 mAh Battery | 1 Year Manufacturer Warranty,12
MOTOROLA A10V DS Keypad Phone with Voice Feature|800 mAh Battery|Wireless FM Recording,"₹1,339","₹1,549",13% off,4,"10,720 Ratings & 684 Reviews",4 MB RAM | 32 MB ROM | Expandable Upto 64 GB | 4.57 cm (1.8 inch) Display | 800 mAh Battery | 2 Years Domestic Replacement Warranty,12
"Samsung Galaxy M17e (Blitz Blue, 128 GB)","₹15,400","₹18,999",18% off,4.1,51 Ratings & 0 Reviews,6 GB RAM | 128 GB ROM | Expandable Upto 128 GB | 17.02 cm (6.7 inch) Full HD+ Display | 50MP Rear Camera | 2MP Front Camera | 6000 mAh Battery | MediaTek Dimensity Processor | 1-year manufacturer warranty for the device and 6 months for in-box accessories.,12
"MOTOROLA Signature (PANTONE Carbon, 1 TB)","₹67,499","₹84,999",20% off,4.4,484 Ratings & 82 Reviews,16 GB RAM | 1 TB ROM | 17.27 cm (6.8 inch) Super HD Display | 50MP + 50MP + 50MP | 50MP Front Camera | 5200 mAh Battery | Snapdragon 8 Gen 5 Processor | 1 Year Warranty on Handset and 6 Months Warranty on Accessories,12
"Nokia 220 4G Dual SIM Keypad Phone, Built-in UPI App, USB Type C","₹3,689","₹4,499",18% off,4,"1,688 Ratings & 98 Reviews",64 MB RAM | 64 MB ROM | 7.11 cm (2.8 inch) Display | 1450 mAh Battery | 1YR BRAND WARRANTY ON HANDSET & 6 MONTHS WARRANTY ON ACCESSORIES,12
Jio PRIMA2 4G,"₹3,390","₹4,199",19% off,3.9,"2,239 Ratings & 122 Reviews",500 MB RAM | 4 GB ROM | Expandable Upto 128 GB | 6.1 cm (2.4 inch) QVGA Display | 0.3MP Rear Camera | 1800 mAh Battery | 1 Year MANUFACTURER WARRANTY,12
"Samsung Galaxy S24 5G Snapdragon (Onyx Black, 256 GB)","₹55,999","₹79,999",30% off,4.6,"57,084 Ratings & 3,711 Reviews",8 GB RAM | 256 GB ROM | 15.75 cm (6.2 inch) Full HD+ Display | 50MP + 12MP | 12MP Front Camera | 4000 mAh Battery | 8 Gen 3 Processor | 1 Year Manufacturer Warranty for Device and 6 Months for In-Box Accessories,12
"IQOO Z10 5G (Glacier Silver / Silver, 256 GB)","₹27,261","₹27,999",2% off,4.4,"6,592 Ratings & 333 Reviews",8 GB RAM | 256 GB ROM | 17.2 cm (6.77 inch) Display | 50MP Rear Camera | 7300 mAh Battery | 1 Year,12
"hmd 105 Dual Sim Keypad Phone with Built-in UPI App, Wireless FM Radio","₹1,059","₹1,499",29% off,3.8,"5,174 Ratings & 375 Reviews",4 MB RAM | 4 MB ROM | Expandable Upto 32 GB | 5.08 cm (2 inch) Display | 1000 mAh Battery | SC6531E Processor | 1 Year Replacement.,12
"REDMI Note 15 SE 5G (Crimson Reserve, 128 GB)","₹21,999","₹25,999",15% off,4.3,463 Ratings & 57 Reviews,8 GB RAM | 128 GB ROM | Expandable Upto 1 TB | 17.2 cm (6.77 inch) Full HD+ AMOLED Display | 50MP Rear Camera | 20MP Front Camera | 5800 mAh Lithium-Ion Polymer Battery | Snapdragon 6 Gen 3 Processor | 1 Year Manufacturer Warranty for Phone and 6 Months Warranty for In the Box Accessories,12
"Alcatel V3 Ultra 5G (Hyper Blue, 128 GB)","₹21,499","₹29,999",28% off,4.1,256 Ratings & 30 Reviews,8 GB RAM | 128 GB ROM | Expandable Upto 2 TB | 17.22 cm (6.78 inch) Full HD+ Display | 108MP + 8MP + 2MP | 32MP Front Camera | 5010 mAh Battery | Dimensity 6300 Processor | 1 Year Warranty on Handset and 6 Months Warranty on in the Box Accessories,12
"IQOO Z11x 5G (Prismatic Green, 256 GB)","₹27,970","₹33,999",17% off,4.3,573 Ratings & 51 Reviews,8 GB RAM | 256 GB ROM | 17.02 cm (6.7 inch) Display | 50MP Rear Camera | 7200 mAh Battery | 12 Months Brand Warranty,12
"Samsung Galaxy S24 5G Snapdragon (Onyx Black, 128 GB)","₹49,999","₹74,999",33% off,4.6,"57,084 Ratings & 3,711 Reviews",8 GB RAM | 128 GB ROM | 15.75 cm (6.2 inch) Full HD+ Display | 50MP + 12MP | 12MP Front Camera | 4000 mAh Battery | 8 Gen 3 Processor | 1 Year Manufacturer Warranty for Device and 6 Months for In-Box Accessories,12
"Samsung M36 5G (Black, 256 GB)","₹25,924","₹29,999",13% off,4.1,657 Ratings & 40 Reviews,8 GB RAM | 256 GB ROM | 17.02 cm (6.7 inch) Display | 50MP Rear Camera | 5000 mAh Battery | 1 Year Warranty,12
"POCO M7 Plus 5G (Chrome Silver, 128 GB)","₹16,999",,,4.3,"7,922 Ratings & 460 Reviews",6 GB RAM | 128 GB ROM | Expandable Upto 2 TB | 17.53 cm (6.9 inch) Display | 50MP AI Dual Camera | 7000 mAh Battery | Snapdragon 6s Gen 3 5G Processor | 1 Year Manufacturer Warranty for Phone and 6 Months Warranty for In the Box Accessories,12
MOTOROLA Moto A300,"₹1,496","₹1,999",25% off,4.1,"1,281 Ratings & 64 Reviews",4 MB RAM | 32 MB ROM | Expandable Upto 64 GB | 5.08 cm (2 inch) HVGA Display | 1.3MP + 0MP | 0MP Front Camera | 1000 mAh Battery | Mtk Processor | 2 Years Domestic Replacement Warranty,12
"vivo T4x 5G (Marine Blue, 128 GB)","₹16,999","₹17,999",5% off,4.4,"1,75,309 Ratings & 8,808 Reviews",6 GB RAM | 128 GB ROM | 17.07 cm (6.72 inch) Display | 50MP + 2MP | 8MP Front Camera | 6500 mAh Battery | Dimensity 7300 5G Processor | 1 Year Warranty for Device and 6 Months Warranty for Accessories,13
"realme P4 5G (Steel Grey, 128 GB)","₹20,999",,,4.4,"20,693 Ratings & 1,377 Reviews",6 GB RAM | 128 GB ROM | 17.2 cm (6.77 inch) Display | 50MP + 8MP | 16MP Front Camera | 7000 mAh Battery | Mediatek Dimensity 7400 Processor | 1 Year Manufacturer Warranty for Device and 6 Months Manufacturer Warranty for Inbox Accessories,13
"vivo T5x 5G (Cyber Green, 128 GB)","₹22,999","₹28,999",20% off,4.4,"5,072 Ratings & 344 Reviews",6 GB RAM | 128 GB ROM | 17.17 cm (6.76 inch) Display | 50MP + 2MP | 32MP Front Camera | 7200 mAh Li-ion Battery | Dimensity 7400-Turbo Processor | 1 Year Manufacturer Warranty for Device and 6 Months Manufacturer Warranty for Inbox Accessories,13
"realme P4 5G (Steel Grey, 256 GB)","₹23,999",,,4.4,"16,656 Ratings & 1,127 Reviews",8 GB RAM | 256 GB ROM | 17.2 cm (6.77 inch) Display | 50MP + 8MP | 16MP Front Camera | 7000 mAh Battery | Mediatek Dimensity 7400 Processor | 1 Year Manufacturer Warranty for Device and 6 Months Manufacturer Warranty for Inbox Accessories,13
Kechaoda A27,₹960,"₹1,499",35% off,4,"16,828 Ratings & 888 Reviews",32 MB RAM | 32 MB ROM | Expandable Upto 16 GB | 1.68 cm (0.66 inch) FWVGA Display | 0MP | 0MP Front Camera | 800 mAh Battery | processor speed 400MHZ Processor | 3 Months Company Warranty,13
"Nothing Phone (4a) (Blue, 256 GB)","₹40,999",,,4.5,646 Ratings & 61 Reviews,12 GB RAM | 256 GB ROM | 17.22 cm (6.78 inch) Full HD+ AMOLED Display | 50MP + 50MP + 8MP | 32MP Front Camera | 5400 mAh Lithium ion Battery | Snapdragon 7s Gen 4 Processor | 1 Year Manufacturing Warranty,13
"Tecno Pova Slim 5G (Cool Black, 128 GB)","₹20,658","₹24,999",17% off,4.3,"1,159 Ratings & 83 Reviews",8 GB RAM | 128 GB ROM | 17.22 cm (6.78 inch) Display | 50MP + 2MP | 13MP Front Camera | 5160 mAh Battery | Dimensity 6400 5G Processor | 1 Year Manufacturer Warranty for Phone,13
"REDMI 15A (Ace Black, 64 GB)","₹13,499","₹16,999",20% off,4.1,126 Ratings & 12 Reviews,4 GB RAM | 64 GB ROM | Expandable Upto 2 TB | 17.53 cm (6.9 inch) Display | 32MP Rear Camera | 8MP Front Camera | 6300 mAh Lithium-Ion Polymer Battery | T8300 Processor | 1 Year Manufacturer Warranty for Phone and 6 Months Warranty for In the Box Accessories,13
"realme Narzo 90x 5G (Marine Blue, 128 GB)","₹17,784","₹17,999",1% off,4.4,655 Ratings & 32 Reviews,8 GB RAM | 128 GB ROM | 17.27 cm (6.8 inch) Display | 50MP Rear Camera | 7000 mAh Battery | 12 Months Brand Warranty,13
"Samsung M36 5G (Light Green, 256 GB)","₹26,690","₹29,999",11% off,4.1,657 Ratings & 40 Reviews,8 GB RAM | 256 GB ROM | 17.02 cm (6.7 inch) Display | 50MP Rear Camera | 5000 mAh Battery | 1 Year Warranty,13
"Samsung Galaxy A17 5G Charger in the Box (Gray, 128 GB)","₹20,999","₹23,499",10% off,4.3,962 Ratings & 71 Reviews,8 GB RAM | 128 GB ROM | Expandable Upto 2 TB | 17.02 cm (6.7 inch) Full HD+ Display | 50MP + 5MP + 2MP | 13MP Front Camera | 5000 mAh Battery | Samsung Exynos 1330 Processor | 1 Year Manufacturer Warranty for Device and 6 Months for In-Box Accessories,13
LAVA A3 Torch,"₹1,339","₹1,649",18% off,4.1,926 Ratings & 53 Reviews,4 MB RAM | 32 MB ROM | Expandable Upto 32 GB | 4.57 cm (1.8 inch) HVGA Display | 0.3MP + 0MP | 0MP Front Camera | 1750 mAh Battery | Mtk Processor | 1 Year Handset Domestic warranty,13
"Samsung Galaxy A17 5G Charger in the Box (Gray, 128 GB)","₹19,499","₹21,999",11% off,4.4,907 Ratings & 61 Reviews,6 GB RAM | 128 GB ROM | Expandable Upto 2 TB | 17.02 cm (6.7 inch) Full HD+ Display | 50MP + 5MP + 2MP | 13MP Front Camera | 5000 mAh Battery | Samsung Exynos 1330 Processor | 1 Year Manufacturer Warranty for Device and 6 Months for In-Box Accessories,13
Jmax MINI,₹777,"₹1,499",48% off,3.7,262 Ratings & 8 Reviews,32 MB RAM | 32 MB ROM | 2.54 cm (1 inch) Display | 1MP Rear Camera | 800 mAh Battery | 1 Year Manufacturer Warranty,13
"Samsung M36 5G (Velvet Black / Black, 128 GB)","₹18,812","₹24,499",23% off,4.1,657 Ratings & 40 Reviews,8 GB RAM | 128 GB ROM | 17.02 cm (6.7 inch) Display | 50MP Rear Camera | 5000 mAh Battery | 1 Year Warranty,13
"realme Narzo 90x 5G (Marine Blue, 128 GB)","₹16,425","₹16,999",3% off,4.3,"1,779 Ratings & 103 Reviews",6 GB RAM | 128 GB ROM | 17.27 cm (6.8 inch) Display | 50MP Rear Camera | 7000 mAh Battery | 12 Months Brand Warranty,13
"MOTOROLA Edge 60 Fusion 5G (PANTONE Zephyr, 128 GB)","₹22,999","₹24,999",8% off,4.4,"1,15,882 Ratings & 6,741 Reviews",8 GB RAM | 128 GB ROM | Expandable Upto 1 TB | 16.94 cm (6.67 inch) Display | 50MP + 13MP | 32MP Front Camera | 5500 mAh Battery | Dimensity 7400 Processor | 68W Charger | 1 Year Warranty on Handset and 6 Months Warranty on Accessories,13
"vivo T4 Ultra 5G (Meteor Grey, 256 GB)","₹35,999","₹40,999",12% off,4.5,"5,887 Ratings & 599 Reviews",8 GB RAM | 256 GB ROM | 16.94 cm (6.67 inch) Full HD+ AMOLED Display | 50MP + 8MP + 50MP Periscope | 32MP Front Camera | 5500 mAh Battery | Dimensity 9300+ Processor | 1 Year Warranty on the Product and 6 Months Warranty on Inbox Accessories,13
"realme P4x 5G (Elegant Pink, 128 GB)","₹20,499","₹23,499",12% off,4.3,"4,383 Ratings & 325 Reviews",8 GB RAM | 128 GB ROM | 17.07 cm (6.72 inch) Full HD+ Display | 50MP + 2MP | 8MP Front Camera | 7000 mAh Battery | Dimensity 7400 Ultra Processor | 1 Year Manufacturer Warranty for Phone and 6 Months Warranty for In-Box Accessories,13
Kechaoda K33,₹998,"₹2,200",54% off,4,"11,218 Ratings & 620 Reviews",32 MB RAM | 32 GB ROM | Expandable Upto 32 MB | 3.66 cm (1.44 inch) NA Display | 0.3MP + 0MP | 0MP Front Camera | 800 mAh Battery | NA Processor | 1 Year Manufacturer Warranty,13
Kechaoda A26_rose gold,₹899,"₹1,499",40% off,3.9,704 Ratings & 19 Reviews,32 MB RAM | 16 GB ROM | Expandable Upto 32 MB | 1.68 cm (0.66 inch) NA Display | 0MP | 0MP Front Camera | 800 mAh Battery | NA Processor | 3 Months Company Warranty,13
"OPPO K14 5G (Prism Violet, 256 GB)","₹21,999","₹27,999",21% off,4.3,491 Ratings & 31 Reviews,6 GB RAM | 256 GB ROM | 17.14 cm (6.75 inch) HD+ Display | 50MP Rear Camera | 8MP Front Camera | 7000 mAh Battery | Dimensity 6300 Processor | 1 Year Manufacturer Warranty for Device and 6 Months Manufacturer Warranty for Inbox Accessories,13
"OPPO K14 5G (Prism White, 256 GB)","₹21,999","₹27,999",21% off,4.3,491 Ratings & 31 Reviews,6 GB RAM | 256 GB ROM | 17.14 cm (6.75 inch) HD+ Display | 50MP Rear Camera | 8MP Front Camera | 7000 mAh Battery | Dimensity 6300 Processor | 1 Year Manufacturer Warranty for Device and 6 Months Manufacturer Warranty for Inbox Accessories,13
"realme Narzo 90x 5G (Aqua Blue, 128 GB)","₹17,472","₹17,999",2% off,4.4,655 Ratings & 32 Reviews,8 GB RAM | 128 GB ROM | 17.27 cm (6.8 inch) Display | 50MP Rear Camera | 7000 mAh Battery | 12 Months Brand Warranty,13
"IQOO Neo 10 (Inferno Red, 256 GB)","₹38,975","₹38,999",,4.5,"1,641 Ratings & 124 Reviews",8 GB RAM | 256 GB ROM | 17.22 cm (6.78 inch) Full HD+ E3 Super AMOLED Display | 50MP + 50MP + 8MP | 32MP + 32MP Dual Front Camera | 7000 mAh Battery | Qualcomm Processor | Domestic warranty 1 year for handset and 6 months for accessories,14
"IQOO Z11x 5G (Prismatic Green, 256 GB)","₹27,970","₹33,999",17% off,4.3,573 Ratings & 51 Reviews,8 GB RAM | 256 GB ROM | 17.02 cm (6.7 inch) Display | 50MP Rear Camera | 7200 mAh Battery | 12 Months Brand Warranty,14
"POCO C75 5G (Silver Stardust, 128 GB)","₹11,499",,,4.2,"1,48,975 Ratings & 6,745 Reviews",4 GB RAM | 128 GB ROM | Expandable Upto 1 TB | 17.48 cm (6.88 inch) HD+ Display | 50MP Rear Camera | 5MP Front Camera | 5160 mAh Battery | 4s Gen 2 5G Processor | 1 Year Manufacturer Warranty for Phone and 6 Months Warranty for In the Box Accessories,14
"Samsung Galaxy A06 5G (Black, 64 GB)","₹12,199","₹13,999",12% off,4.2,"3,393 Ratings & 218 Reviews",4 GB RAM | 64 GB ROM | 17.02 cm (6.7 inch) HD+ Display | 50MP + 2MP | 8MP Front Camera | 5000 mAh Li-ion Battery | Dimensity 6300 Processor | 1 Year Manufacturer Warranty for Device and 6 Months for In-Box Accessories,14
"realme P4 Power 5G (TransSilver, 128 GB)","₹27,999","₹32,999",15% off,4.5,"3,759 Ratings & 340 Reviews",8 GB RAM | 128 GB ROM | 17.27 cm (6.8 inch) Full HD+ AMOLED Display | 50MP + 8MP | Yes | 10001 mAh Battery | Dimensity 7400 Ultra Processor | 1 Year Manufacturer Warranty for Device and 6 Months Manufacturer Warranty for Inbox Accessories,14
"vivo T5x 5G (Cyber Green, 128 GB)","₹22,999","₹28,999",20% off,4.4,"5,072 Ratings & 344 Reviews",6 GB RAM | 128 GB ROM | 17.17 cm (6.76 inch) Display | 50MP + 2MP | 32MP Front Camera | 7200 mAh Li-ion Battery | Dimensity 7400-Turbo Processor | 1 Year Manufacturer Warranty for Device and 6 Months Manufacturer Warranty for Inbox Accessories,14
"Apple iPhone 17 (Mist Blue, 256 GB)","₹75,900","₹82,900",8% off,4.6,"9,611 Ratings & 575 Reviews","256 GB ROM | 16.0 cm (6.3 inch) Super Retina XDR Display | 48MP + 48MP | 18MP Front Camera | A19 Chip, 6 Core Processor Processor | Apple One (1) Year Limited Warranty",14
"Samsung Galaxy M17 5G (Moonlight Silver, 128 GB)","₹16,535","₹19,499",15% off,4.4,520 Ratings & 28 Reviews,6 GB RAM | 128 GB ROM | 17.02 cm (6.7 inch) Display | 50MP Rear Camera | 5000 mAh Battery | 1 year manufacturer warranty for device and 6 months manufacturer warranty for in-box accessories including batteries from the date of purchase,14
"Samsung Galaxy F70e 5G (Spotlight Blue, 128 GB)","₹15,499","₹16,999",8% off,4.2,"1,046 Ratings & 103 Reviews",4 GB RAM | 128 GB ROM | Expandable Upto 2 TB | 17.12 cm (6.74 inch) HD+ Display | 50MP + 2MP | 8MP Front Camera | 6000 mAh Li-ion Battery | Dimensity 6300 Processor | 1 Year Manufacturer Warranty for Device and 6 Months for In-Box Accessories,14
"Samsung Galaxy F70e 5G (Limelight Green, 128 GB)","₹17,499","₹18,999",7% off,4.3,"1,123 Ratings & 115 Reviews",6 GB RAM | 128 GB ROM | Expandable Upto 2 TB | 17.12 cm (6.74 inch) HD+ Display | 50MP + 2MP | 8MP Front Camera | 6000 mAh Li-ion Battery | Dimensity 6300 Processor | 1 Year Manufacturer Warranty for Device and 6 Months for In-Box Accessories,14
"realme P4 Lite (Beach Gold, 128 GB)","₹12,999","₹13,999",7% off,4.2,"1,759 Ratings & 79 Reviews",4 GB RAM | 128 GB ROM | 17.14 cm (6.75 inch) HD+ Display | 13MP Rear Camera | 5MP Front Camera | 6300 mAh Battery | T7250 Processor | 1 Year Manufacturer Warranty for Device and 6 Months Manufacturer Warranty for Inbox Accessories,14
"Samsung Galaxy M17 5G (Sapphire Black, 128 GB)","₹14,682","₹16,499",11% off,4.3,602 Ratings & 33 Reviews,4 GB RAM | 128 GB ROM | 17.02 cm (6.7 inch) Display | 50MP Rear Camera | 5000 mAh Battery | 1 year manufacturer warranty for device and 6 months manufacturer warranty for in-box accessories including batteries from the date of purchase,14
"Samsung Galaxy M17 5G (Sapphire Black, 128 GB)","₹16,498","₹19,499",15% off,4.4,520 Ratings & 28 Reviews,6 GB RAM | 128 GB ROM | 17.02 cm (6.7 inch) Display | 50MP Rear Camera | 5000 mAh Battery | 1 year manufacturer warranty for device and 6 months manufacturer warranty for in-box accessories including batteries from the date of purchase,14
"MOTOROLA Signature (PANTONE Carbon, 256 GB)","₹57,499","₹74,999",23% off,4.4,320 Ratings & 44 Reviews,12 GB RAM | 256 GB ROM | 17.27 cm (6.8 inch) Super HD Display | 50MP + 50MP + 50MP | 50MP Front Camera | 5200 mAh Battery | Snapdragon 8 Gen 5 Processor | 1 Year Warranty on Handset and 6 Months Warranty on Accessories,14
"Google Pixel 10 Pro XL (Moonstone, 256 GB)","₹1,24,999",,,4.5,173 Ratings & 16 Reviews,16 GB RAM | 256 GB ROM | 17.27 cm (6.8 inch) Quad HD+ Display | 48MP + 48MP + 48MP | 42MP Front Camera | 5200 mAh Battery | Tensor G5 Processor | 1 Year Domestic Warranty,14
"MOTOROLA edge 70 pro (Tailored Fabric - PANTONE Titan (Blue), 256 GB)","₹38,999","₹51,999",25% off,3.7,16 Ratings & 3 Reviews,8 GB RAM | 256 GB ROM | 17.27 cm (6.8 inch) Full HD+ Super AMOLED Display | 50MP + 50MP | 50MP Front Camera | 6500 mAh Silicon-Carbon Battery | Dimensity 8500 Extreme Processor | 1 Year on Handset and 6 Months on Accessories,14
itel it5027 Slim Keypad Mobile | 2.4 inch Display| Type C Charging,"₹1,119","₹1,649",32% off,4.1,"1,667 Ratings & 107 Reviews",4 MB RAM | 4 MB ROM | 6.1 cm (2.4 inch) Display | 0.3MP Rear Camera | 1200 mAh Battery | 1 year manufacturer,14
"Google Pixel 9A (Iris, 256 GB)","₹39,999","₹49,999",20% off,4.4,"10,005 Ratings & 737 Reviews",8 GB RAM | 256 GB ROM | 15.96 cm (6.285 inch) Full HD+ Display | 48MP + 12MP | 12MP Front Camera | 5100 mAh Battery | Tensor G4 Processor | 1 Year Domestic Warranty,14
"Apple iPhone 17 (White, 512 GB)","₹95,900","₹1,02,900",6% off,4.6,"9,611 Ratings & 575 Reviews","512 GB ROM | 16.0 cm (6.3 inch) Super Retina XDR Display | 48MP + 48MP | 18MP Front Camera | A19 Chip, 6 Core Processor Processor | Apple One (1) Year Limited Warranty",14
KARBONN BHARAT K1 4G,₹999,"₹1,499",33% off,3.7,"2,287 Ratings & 132 Reviews",20 MB RAM | 40 MB ROM | Expandable Upto 32 GB | 4.57 cm (1.8 inch) Display | 2MP Rear Camera | 1000 mAh Battery | 1 Year Warranty,14
Snexian Guru 310,₹649,₹999,35% off,3.3,"19,031 Ratings & 1,271 Reviews",32 MB RAM | 64 MB ROM | Expandable Upto 16 GB | 4.57 cm (1.8 inch) Quarter QVGA Display | 0.3MP Rear Camera | 800 mAh Battery | NO WARRENTY,14
"Ai+ Nova 5G (Blue, 128 GB)","₹12,999",,,3.9,"6,663 Ratings & 575 Reviews",8 GB RAM | 128 GB ROM | Expandable Upto 1 TB | 17.13 cm (6.745 inch) HD+ Display | 50MP Rear Camera | 5MP Front Camera | 5000 mAh Battery | T8200 Processor | 1 Year Warranty on Handset and 6 Months Warranty on the Inbox Accessories,14
"realme Narzo 90X 5G (Marine Blue, 128 GB)","₹15,722","₹15,999",1% off,4.1,74 Ratings & 7 Reviews,4 GB RAM | 128 GB ROM | 17.27 cm (6.8 inch) HD+ Display | 50MP Rear Camera | 8MP Front Camera | 7000 mAh Battery | Dimensity 6300 Processor | 1 year manufacturer warranty for device and 6 months manufacturer warranty for in-box accessories including batteries from the date of purchase,14
"Apple iPhone 17 (Lavender, 256 GB)","₹75,900","₹82,900",8% off,4.6,"9,611 Ratings & 575 Reviews","256 GB ROM | 16.0 cm (6.3 inch) Super Retina XDR Display | 48MP + 48MP | 18MP Front Camera | A19 Chip, 6 Core Processor Processor | Apple One (1) Year Limited Warranty",14
"realme P4 Power 5G (TransSilver, 128 GB)","₹27,999","₹32,999",15% off,4.5,"3,759 Ratings & 340 Reviews",8 GB RAM | 128 GB ROM | 17.27 cm (6.8 inch) Full HD+ AMOLED Display | 50MP + 8MP | Yes | 10001 mAh Battery | Dimensity 7400 Ultra Processor | 1 Year Manufacturer Warranty for Device and 6 Months Manufacturer Warranty for Inbox Accessories,15
"vivo T5x 5G (Cyber Green, 128 GB)","₹22,999","₹28,999",20% off,4.4,"5,072 Ratings & 344 Reviews",6 GB RAM | 128 GB ROM | 17.17 cm (6.76 inch) Display | 50MP + 2MP | 32MP Front Camera | 7200 mAh Li-ion Battery | Dimensity 7400-Turbo Processor | 1 Year Manufacturer Warranty for Device and 6 Months Manufacturer Warranty for Inbox Accessories,15
"Samsung Galaxy M56 5G (Light Green, 128 GB)","₹23,966","₹30,999",22% off,4.4,"2,028 Ratings & 149 Reviews",8 GB RAM | 128 GB ROM | 17.02 cm (6.7 inch) Full HD+ E3 Super AMOLED Display | 50MP + 50MP + 8MP | 12MP + 2MP Dual Front Camera | 5000 mAh Battery | Octacore Processor | one-year warranty covering the device itself,15
"REDMI 15 5G (Frosted White, 128 GB)","₹17,216","₹17,999",4% off,4.3,"2,074 Ratings & 115 Reviews",6 GB RAM | 128 GB ROM | 17.53 cm (6.9 inch) Display | 50MP Rear Camera | 7000 mAh Battery | 1 year manufacturer warranty for device and 6 months manufacturer warranty for in-box accessories including batteries from the date of purchase,15
"realme Gt 7 (Icesense Blue, 512 GB)","₹41,999","₹52,999",20% off,4.4,723 Ratings & 68 Reviews,12 GB RAM | 512 GB ROM | 17.22 cm (6.78 inch) Full HD+ AMOLED Display | 50MP + 50MP + 50MP + 8MP | 32MP + 32MP Dual Front Camera | 7000 mAh Battery | Dimensity Processor | 1 Year manufacturer Warranty for handset & 6 months for accessories,15
"REDMI 15 5G (Sandy Purple, 256 GB)","₹23,488","₹23,999",2% off,4.3,"4,106 Ratings & 200 Reviews",8 GB RAM | 256 GB ROM | 17.53 cm (6.9 inch) Display | 50MP Rear Camera | 7000 mAh Battery | 1 year manufacturer warranty for device and 6 months manufacturer warranty for in-box accessories including batteries from the date of purchase,15
"realme P3 Ultra 5G (Neptune Blue, 128 GB)","₹24,999","₹31,999",21% off,4.4,"20,384 Ratings & 1,997 Reviews",8 GB RAM | 128 GB ROM | 17.35 cm (6.83 inch) Display | 50MP + 8MP | 16MP Front Camera | 6000 mAh Battery | Dimensity 8350 Ultra Processor | 1 Year Manufacturer Warranty for Device and 6 Months Manufacturer Warranty for Inbox Accessories,15
"realme P4 5G (Steel Grey, 128 GB)","₹21,999",,,4.4,"16,656 Ratings & 1,127 Reviews",8 GB RAM | 128 GB ROM | 17.2 cm (6.77 inch) Display | 50MP + 8MP | 16MP Front Camera | 7000 mAh Battery | Mediatek Dimensity 7400 Processor | 1 Year Manufacturer Warranty for Device and 6 Months Manufacturer Warranty for Inbox Accessories,15
"Samsung Galaxy F70e 5G (Limelight Green, 128 GB)","₹15,499","₹16,999",8% off,4.2,"1,046 Ratings & 103 Reviews",4 GB RAM | 128 GB ROM | Expandable Upto 2 TB | 17.12 cm (6.74 inch) HD+ Display | 50MP + 2MP | 8MP Front Camera | 6000 mAh Li-ion Battery | Dimensity 6300 Processor | 1 Year Manufacturer Warranty for Device and 6 Months for In-Box Accessories,15
"realme P4 5G (Forge Red, 128 GB)","₹21,999",,,4.4,"16,656 Ratings & 1,127 Reviews",8 GB RAM | 128 GB ROM | 17.2 cm (6.77 inch) Display | 50MP + 8MP | 16MP Front Camera | 7000 mAh Battery | Mediatek Dimensity 7400 Processor | 1 Year Manufacturer Warranty for Device and 6 Months Manufacturer Warranty for Inbox Accessories,15
"POCO F7 5G (Frost White, 256 GB)","₹33,999","₹35,999",5% off,4.4,"22,189 Ratings & 2,177 Reviews","12 GB RAM | 256 GB ROM | 17.35 cm (6.83 inch) Display | 50MP Rear Camera | 20MP Front Camera | 7550 mAh Li-Polymer + Silicon Carbon Battery | 8s Gen 4 Processor | Rear Camera -50MP Main Camera -8MP Ultra-wide Camera with night mode and ultra-wide video recording | Front camera -20MP with Portrait Mode | | Front Video Recording | Night Mode | Display -6.83 inch 1.5K pOLED with 120 Hz refresh rate | Battery 7550mAh, 90W charger, 22.5W reverse charging | 1 Year Manufacturer Warranty for Phone and 6 Months Warranty for In the Box Accessories",15
"Samsung Galaxy A36 5G (Awesome Black, 256 GB)","₹32,399","₹43,999",26% off,4.3,"2,100 Ratings & 166 Reviews",8 GB RAM | 256 GB ROM | 17.02 cm (6.7 inch) Full HD+ Display | 50MP + 8MP | 12MP Front Camera | 5000 mAh Battery | Qualcomm Snapdragon 6 Gen 3 Processor | 1 Year Manufacturer Warranty for Device and 6 Months for In-Box Accessories,15
"Apple iPhone 16 Plus (Pink, 128 GB)","₹77,900","₹79,900",2% off,4.6,"3,979 Ratings & 238 Reviews","128 GB ROM | 17.02 cm (6.7 inch) Super Retina XDR Display | 48MP + 12MP | 12MP Front Camera | A18 Chip, 6 Core Processor Processor | 1 year warranty for phone and 1 year warranty for in Box Accessories.",15
MOTOROLA Moto A200,"₹1,290","₹1,549",16% off,3.9,"1,222 Ratings & 97 Reviews",56 MB RAM | 36 MB ROM | Expandable Upto 64 GB | 4.5 cm (1.77 inch) HVGA Display | 0MP | 0MP Front Camera | 800 mAh Battery | NA Processor | 2 Years Domestic Replacement Warranty,15
"Ai+ Pulse 1 (Black, 128 GB)","₹9,999",,,4,"8,675 Ratings & 531 Reviews",6 GB RAM | 128 GB ROM | Expandable Upto 1 TB | 17.13 cm (6.745 inch) HD+ Display | 50MP Rear Camera | 5MP Front Camera | 5000 mAh Battery | T615 Processor | 1 Year Warranty on Handset and 6 Months Warranty on the Inbox Accessories,15
"Apple iPhone 16 (Black, 256 GB)","₹72,900","₹79,900",8% off,4.6,"1,92,398 Ratings & 6,752 Reviews","256 GB ROM | 15.49 cm (6.1 inch) Super Retina XDR Display | 48MP + 12MP | 12MP Front Camera | A18 Chip, 6 Core Processor Processor | 1 year warranty for phone and 1 year warranty for in Box Accessories.",15
"realme P4x 5G (Matte Silver, 256 GB)","₹20,999",,,4.3,"4,383 Ratings & 325 Reviews",8 GB RAM | 256 GB ROM | 17.07 cm (6.72 inch) Full HD+ Display | 50MP + 2MP | 8MP Front Camera | 7000 mAh Battery | Dimensity 7400 Ultra Processor | 1 Year Manufacturer Warranty for Phone and 6 Months Warranty for In-Box Accessories,15
MOTOROLA Moto A100,"₹1,049","₹1,499",30% off,4.1,215 Ratings & 15 Reviews,36 MB RAM | 36 MB ROM | Expandable Upto 0 MB | 3.66 cm (1.44 inch) HQVGA Display | 0MP | 0MP Front Camera | 800 mAh Battery | Mtk Processor | 2 Years Domestic Replacement Warranty,15
"MOTOROLA Edge 60 Pro (Pantone Walnut, 256 GB)","₹29,999","₹36,999",18% off,4.3,"49,723 Ratings & 3,701 Reviews",8 GB RAM | 256 GB ROM | 17.02 cm (6.7 inch) Display | 50MP + 50MP + 10MP | 50MP Front Camera | 6000 mAh Battery | Dimensity 8350 Processor | 1 Year Warranty on Handset and 6 Months Warranty on Accessories,15
"POCO M7 5G (Ocean Blue, 128 GB)","₹13,499","₹13,999",3% off,4.3,"18,381 Ratings & 885 Reviews",8 GB RAM | 128 GB ROM | Expandable Upto 1 TB | 17.48 cm (6.88 inch) HD+ Display | 50MP Rear Camera | 8MP Front Camera | 5160 mAh Battery | 4 Gen 2 5G Processor | 1 Year Manufacturer Warranty for Phone and 6 Months Warranty for In the Box Accessories,15
"OnePlus 13s 5G (Black Velvet, 256 GB)","₹51,462","₹57,999",11% off,4.6,"1,750 Ratings & 132 Reviews",12 GB RAM | 256 GB ROM | 16.05 cm (6.32 inch) Display | 50MP Rear Camera | 5850 mAh Battery | 1 Year Warranty,15
"REDMI 15 5G (Sandy Purple, 128 GB)","₹17,998","₹17,999",,4.3,"4,106 Ratings & 200 Reviews",8 GB RAM | 128 GB ROM | 17.53 cm (6.9 inch) Display | 50MP Rear Camera | 7000 mAh Battery | 1 year manufacturer warranty for device and 6 months manufacturer warranty for in-box accessories including batteries from the date of purchase,15
"IQOO Z10 5G (Stellar Black / Black, 128 GB)","₹24,459","₹25,999",5% off,4.4,"6,592 Ratings & 333 Reviews",8 GB RAM | 128 GB ROM | 17.02 cm (6.7 inch) Display | 50MP Rear Camera | 7300 mAh Battery | 1 Year Warranty on Handset and 6 Months Warranty on Accessories,15
"Tecno Spark Go 3 (Ink Black, 64 GB)","₹9,999","₹11,999",16% off,4.2,62 Ratings & 0 Reviews,4 GB RAM | 64 GB ROM | 17.12 cm (6.74 inch) HD+ Display | 13MP Rear Camera | 8MP Front Camera | 5000 mAh Lithium Polymer Battery | T7250 Processor | 1 Year Manufacturer Warranty for Phone,15
"vivo T5x 5G (Cyber Green, 128 GB)","₹22,999","₹28,999",20% off,4.4,"5,072 Ratings & 344 Reviews",6 GB RAM | 128 GB ROM | 17.17 cm (6.76 inch) Display | 50MP + 2MP | 32MP Front Camera | 7200 mAh Li-ion Battery | Dimensity 7400-Turbo Processor | 1 Year Manufacturer Warranty for Device and 6 Months Manufacturer Warranty for Inbox Accessories,16
"Samsung Galaxy M17 5G (Sapphire Black, 128 GB)","₹14,682","₹16,499",11% off,4.3,602 Ratings & 33 Reviews,4 GB RAM | 128 GB ROM | 17.02 cm (6.7 inch) Display | 50MP Rear Camera | 5000 mAh Battery | 1 year manufacturer warranty for device and 6 months manufacturer warranty for in-box accessories including batteries from the date of purchase,16
"Samsung Galaxy M17 5G (Sapphire Black, 128 GB)","₹16,498","₹19,499",15% off,4.4,520 Ratings & 28 Reviews,6 GB RAM | 128 GB ROM | 17.02 cm (6.7 inch) Display | 50MP Rear Camera | 5000 mAh Battery | 1 year manufacturer warranty for device and 6 months manufacturer warranty for in-box accessories including batteries from the date of purchase,16
"Samsung Galaxy M17 5G (Moonlight Silver, 128 GB)","₹16,535","₹19,499",15% off,4.4,520 Ratings & 28 Reviews,6 GB RAM | 128 GB ROM | 17.02 cm (6.7 inch) Display | 50MP Rear Camera | 5000 mAh Battery | 1 year manufacturer warranty for device and 6 months manufacturer warranty for in-box accessories including batteries from the date of purchase,16
"vivo T5 Pro 5G (Glacier Blue, 256 GB)","₹33,999","₹61,999",45% off,4.4,"1,043 Ratings & 133 Reviews",8 GB RAM | 256 GB ROM | 17.35 cm (6.83 inch) Full HD+ AMOLED Display | 50MP + 2MP | 32MP Front Camera | 9020 mAh Battery | Snapdragon 7s Gen 4 Processor | 1 Year Warranty,16
"realme P4 Lite (Beach Gold, 128 GB)","₹12,999","₹13,999",7% off,4.2,"1,759 Ratings & 79 Reviews",4 GB RAM | 128 GB ROM | 17.14 cm (6.75 inch) HD+ Display | 13MP Rear Camera | 5MP Front Camera | 6300 mAh Battery | T7250 Processor | 1 Year Manufacturer Warranty for Device and 6 Months Manufacturer Warranty for Inbox Accessories,16
"POCO M8 (Glacial Blue, 128 GB)","₹17,999","₹21,999",18% off,4.3,"1,049 Ratings & 99 Reviews",6 GB RAM | 128 GB ROM | Expandable Upto 1 TB | 17.2 cm (6.77 inch) Full HD+ Display | 50MP Rear Camera | 20MP Front Camera | 5520 mAh Battery | 1 Year Manufacturer Warranty for Phone and 6 Months Warranty for In the Box Accessories,16
"realme P4x 5G (Matte Silver, 256 GB)","₹20,999",,,4.3,"4,383 Ratings & 325 Reviews",8 GB RAM | 256 GB ROM | 17.07 cm (6.72 inch) Full HD+ Display | 50MP + 2MP | 8MP Front Camera | 7000 mAh Battery | Dimensity 7400 Ultra Processor | 1 Year Manufacturer Warranty for Phone and 6 Months Warranty for In-Box Accessories,16
Snexian Guru 310,₹649,₹999,35% off,3.3,"19,031 Ratings & 1,271 Reviews",32 MB RAM | 64 MB ROM | Expandable Upto 16 GB | 4.57 cm (1.8 inch) Quarter QVGA Display | 0.3MP Rear Camera | 800 mAh Battery | NO WARRENTY,16
"realme Narzo 90X 5G (Marine Blue, 128 GB)","₹15,722","₹15,999",1% off,4.1,74 Ratings & 7 Reviews,4 GB RAM | 128 GB ROM | 17.27 cm (6.8 inch) HD+ Display | 50MP Rear Camera | 8MP Front Camera | 7000 mAh Battery | Dimensity 6300 Processor | 1 year manufacturer warranty for device and 6 months manufacturer warranty for in-box accessories including batteries from the date of purchase,16
LAVA A3 Torch,"₹1,339","₹1,649",18% off,4.1,926 Ratings & 53 Reviews,4 MB RAM | 32 MB ROM | Expandable Upto 32 GB | 4.57 cm (1.8 inch) HVGA Display | 0.3MP + 0MP | 0MP Front Camera | 1750 mAh Battery | Mtk Processor | 1 Year Handset Domestic warranty,16
"Ai+ Nova 2 Ultra 5G (Black, 128 GB)","₹18,999","₹25,999",26% off,3.6,17 Ratings & 1 Reviews,6 GB RAM | 128 GB ROM | Expandable Upto 1 TB | 17.22 cm (6.78 inch) Full HD+ AMOLED Display | 50MP + 8MP | 13MP Front Camera | 6000 mAh Li-polymer Battery | Dimensity 7400 Processor | 1 Year Warranty on Handset and 6 Months Warranty on the Inbox Accessories,16
"OnePlus 15R 5G (Mint Breeze, 256 GB)","₹52,970","₹54,999",3% off,4.6,"1,193 Ratings & 80 Reviews",12 GB RAM | 256 GB ROM | 17.35 cm (6.83 inch) Display | 50MP Rear Camera | 7400 mAh Battery | 1 year manufacturer warranty for device and 6 months manufacturer warranty for in-box accessories including batteries from the date of purchase,16
"vivo T4 Ultra 5G (Meteor Grey, 256 GB)","₹37,999","₹42,999",11% off,4.5,"4,393 Ratings & 428 Reviews",12 GB RAM | 256 GB ROM | 16.94 cm (6.67 inch) Full HD+ AMOLED Display | 50MP + 8MP + 50MP Periscope | 32MP Front Camera | 5500 mAh Battery | Dimensity 9300+ Processor | 1 Year Warranty on the Product and 6 Months Warranty on Inbox Accessories,16
"REDMI 15 5G (Sandy Purple, 256 GB)","₹23,488","₹23,999",2% off,4.3,"4,106 Ratings & 200 Reviews",8 GB RAM | 256 GB ROM | 17.53 cm (6.9 inch) Display | 50MP Rear Camera | 7000 mAh Battery | 1 year manufacturer warranty for device and 6 months manufacturer warranty for in-box accessories including batteries from the date of purchase,16
"realme P3 Ultra 5G (Neptune Blue, 128 GB)","₹24,999","₹31,999",21% off,4.4,"20,384 Ratings & 1,997 Reviews",8 GB RAM | 128 GB ROM | 17.35 cm (6.83 inch) Display | 50MP + 8MP | 16MP Front Camera | 6000 mAh Battery | Dimensity 8350 Ultra Processor | 1 Year Manufacturer Warranty for Device and 6 Months Manufacturer Warranty for Inbox Accessories,16
"MOTOROLA Edge 60 Fusion 5G (PANTONE Mykonos Blue, 128 GB)","₹22,999","₹24,999",8% off,4.4,"1,15,882 Ratings & 6,741 Reviews",8 GB RAM | 128 GB ROM | Expandable Upto 1 TB | 16.94 cm (6.67 inch) Display | 50MP + 13MP | 32MP Front Camera | 5500 mAh Battery | Dimensity 7400 Processor | 68W Charger | 1 Year Warranty on Handset and 6 Months Warranty on Accessories,16
"Alcatel V3 Ultra 5G (Champagne Gold, 128 GB)","₹14,999","₹27,999",46% off,4,217 Ratings & 28 Reviews,6 GB RAM | 128 GB ROM | Expandable Upto 2 TB | 17.22 cm (6.78 inch) Full HD+ Display | 108MP + 8MP + 2MP | 32MP Front Camera | 5010 mAh Battery | Dimensity 6300 Processor | 1 Year Warranty on Handset and 6 Months Warranty on in the Box Accessories,16
"Alcatel V3 Ultra 5G (Ocean Grey, 128 GB)","₹14,999","₹27,999",46% off,4,217 Ratings & 28 Reviews,6 GB RAM | 128 GB ROM | Expandable Upto 2 TB | 17.22 cm (6.78 inch) Full HD+ Display | 108MP + 8MP + 2MP | 32MP Front Camera | 5010 mAh Battery | Dimensity 6300 Processor | 1 Year Warranty on Handset and 6 Months Warranty on in the Box Accessories,16
"Nokia 235 4G Dual SIM Keypad Phone, Scan & Pay UPI, USB Type C,","₹4,139","₹4,999",17% off,3.6,865 Ratings & 54 Reviews,64 MB RAM | 128 MB ROM | 7.11 cm (2.8 inch) Display | 2MP Rear Camera | 1450 mAh Battery | 1YR BRAND WARRANTY ON HANDSET & 6 MONTHS WARRANTY ON ACCESSORIES,16
"realme Gt 7 (Icesense Blue, 512 GB)","₹41,999","₹52,999",20% off,4.4,723 Ratings & 68 Reviews,12 GB RAM | 512 GB ROM | 17.22 cm (6.78 inch) Full HD+ AMOLED Display | 50MP + 50MP + 50MP + 8MP | 32MP + 32MP Dual Front Camera | 7000 mAh Battery | Dimensity Processor | 1 Year manufacturer Warranty for handset & 6 months for accessories,16
"Samsung Galaxy A17 5G (Gray, 128 GB)","₹18,979","₹22,999",17% off,4.4,907 Ratings & 61 Reviews,6 GB RAM | 128 GB ROM | Expandable Upto 2 TB | 17.02 cm (6.7 inch) Full HD+ Display | 50MP + 5MP + 2MP | 13MP Front Camera | 5000 mAh Battery | Samsung Exynos 1330 Processor | 1 Year Manufacturer Warranty for Device and 6 Months for In-Box Accessories,16
Motorola Moto A10E,"₹1,180","₹1,599",26% off,4,"9,476 Ratings & 629 Reviews",4 MB RAM | 2 MB ROM | Expandable Upto 32 GB | 4.57 cm (1.8 inch) HVGA Display | 0MP | 0MP Front Camera | 800 mAh Battery | Mtk Processor | 2 Years Domestic Replacement Warranty,16
"Samsung Galaxy A06 (Black, 64 GB)","₹9,699","₹11,499",15% off,4.1,576 Ratings & 31 Reviews,4 GB RAM | 64 GB ROM | Expandable Upto 1 TB | 17.02 cm (6.7 inch) HD+ Display | 50MP + 2MP | 8MP Front Camera | 5000 mAh Battery | Mediatek Helio G85 Processor | 1 Year Manufacturer Warranty for Device and 6 Months for In-Box Accessories,16
"POCO M7 5G (Ocean Blue, 128 GB)","₹13,499","₹13,999",3% off,4.3,"18,381 Ratings & 885 Reviews",8 GB RAM | 128 GB ROM | Expandable Upto 1 TB | 17.48 cm (6.88 inch) HD+ Display | 50MP Rear Camera | 8MP Front Camera | 5160 mAh Battery | 4 Gen 2 5G Processor | 1 Year Manufacturer Warranty for Phone and 6 Months Warranty for In the Box Accessories,17
"POCO F7 5G (Frost White, 256 GB)","₹33,999","₹35,999",5% off,4.4,"22,189 Ratings & 2,177 Reviews","12 GB RAM | 256 GB ROM | 17.35 cm (6.83 inch) Display | 50MP Rear Camera | 20MP Front Camera | 7550 mAh Li-Polymer + Silicon Carbon Battery | 8s Gen 4 Processor | Rear Camera -50MP Main Camera -8MP Ultra-wide Camera with night mode and ultra-wide video recording | Front camera -20MP with Portrait Mode | | Front Video Recording | Night Mode | Display -6.83 inch 1.5K pOLED with 120 Hz refresh rate | Battery 7550mAh, 90W charger, 22.5W reverse charging | 1 Year Manufacturer Warranty for Phone and 6 Months Warranty for In the Box Accessories",17
"vivo T5x 5G (Cyber Green, 128 GB)","₹22,999","₹28,999",20% off,4.4,"5,072 Ratings & 344 Reviews",6 GB RAM | 128 GB ROM | 17.17 cm (6.76 inch) Display | 50MP + 2MP | 32MP Front Camera | 7200 mAh Li-ion Battery | Dimensity 7400-Turbo Processor | 1 Year Manufacturer Warranty for Device and 6 Months Manufacturer Warranty for Inbox Accessories,17
"Samsung Galaxy A36 5G (Awesome Black, 256 GB)","₹32,399","₹43,999",26% off,4.3,"2,100 Ratings & 166 Reviews",8 GB RAM | 256 GB ROM | 17.02 cm (6.7 inch) Full HD+ Display | 50MP + 8MP | 12MP Front Camera | 5000 mAh Battery | Qualcomm Snapdragon 6 Gen 3 Processor | 1 Year Manufacturer Warranty for Device and 6 Months for In-Box Accessories,17
"Apple iPhone 16 Plus (Pink, 128 GB)","₹77,900","₹79,900",2% off,4.6,"3,979 Ratings & 238 Reviews","128 GB ROM | 17.02 cm (6.7 inch) Super Retina XDR Display | 48MP + 12MP | 12MP Front Camera | A18 Chip, 6 Core Processor Processor | 1 year warranty for phone and 1 year warranty for in Box Accessories.",17
Motorola Moto A10E,"₹1,229","₹1,900",35% off,4,"9,476 Ratings & 629 Reviews",4 MB RAM | 2 MB ROM | Expandable Upto 32 GB | 4.57 cm (1.8 inch) HVGA Display | 0MP | 0MP Front Camera | 800 mAh Battery | Mtk Processor | 2 Years Domestic Replacement Warranty,17
Micromax X778,"₹1,362","₹1,999",31% off,3.9,"5,429 Ratings & 420 Reviews",32 MB RAM | 32 MB ROM | 6.1 cm (2.4 inch) Display | 0.3MP Rear Camera | 2700 mAh Battery | One Year manufacturer Warranty,17
"Ai+ Pulse 1 (Black, 128 GB)","₹9,999",,,4,"8,675 Ratings & 531 Reviews",6 GB RAM | 128 GB ROM | Expandable Upto 1 TB | 17.13 cm (6.745 inch) HD+ Display | 50MP Rear Camera | 5MP Front Camera | 5000 mAh Battery | T615 Processor | 1 Year Warranty on Handset and 6 Months Warranty on the Inbox Accessories,17
"Ai+ Nova 2 Ultra 5G (Green, 128 GB)","₹18,999","₹25,999",26% off,3.6,17 Ratings & 1 Reviews,6 GB RAM | 128 GB ROM | Expandable Upto 1 TB | 17.22 cm (6.78 inch) Full HD+ AMOLED Display | 50MP + 8MP | 13MP Front Camera | 6000 mAh Li-polymer Battery | Dimensity 7400 Processor | 1 Year Warranty on Handset and 6 Months Warranty on the Inbox Accessories,17
"Samsung Galaxy A06 5G (Black, 128 GB)","₹12,888","₹16,999",24% off,4.2,"3,393 Ratings & 218 Reviews",4 GB RAM | 128 GB ROM | Expandable Upto 1 TB | 17.02 cm (6.7 inch) HD+ Display | 50MP + 50MP | 2MP + 2MP Dual Front Camera | 5000 mAh Battery | MEDIATEK Processor | 1 Year Manufacturer Warranty for Device and 6 Months for In-Box Accessories,17
"MOTOROLA Edge 60 Pro (Pantone Walnut, 256 GB)","₹29,999","₹36,999",18% off,4.3,"49,723 Ratings & 3,701 Reviews",8 GB RAM | 256 GB ROM | 17.02 cm (6.7 inch) Display | 50MP + 50MP + 10MP | 50MP Front Camera | 6000 mAh Battery | Dimensity 8350 Processor | 1 Year Warranty on Handset and 6 Months Warranty on Accessories,17
"REDMI 15 5G (Sandy Purple, 128 GB)","₹17,998","₹17,999",,4.3,"4,106 Ratings & 200 Reviews",8 GB RAM | 128 GB ROM | 17.53 cm (6.9 inch) Display | 50MP Rear Camera | 7000 mAh Battery | 1 year manufacturer warranty for device and 6 months manufacturer warranty for in-box accessories including batteries from the date of purchase,17
"realme P4 Power 5G (TransOrange, 128 GB)","₹27,999","₹32,999",15% off,4.5,"3,759 Ratings & 340 Reviews",8 GB RAM | 128 GB ROM | 17.27 cm (6.8 inch) Full HD+ AMOLED Display | 50MP + 8MP | Yes | 10001 mAh Battery | Dimensity 7400 Ultra Processor | 1 Year Manufacturer Warranty for Device and 6 Months Manufacturer Warranty for Inbox Accessories,17
"KARBONN Jumbo K9 Keypad Mobile Phone 2.4inch LCD2 MP Camera,1800mAh Battery,FM Vibratore","₹1,297","₹1,890",31% off,4.1,490 Ratings & 23 Reviews,45 MB RAM | 32 MB ROM | Expandable Upto 32 GB | 6.1 cm (2.4 inch) WQXGA+ Display | 2MP + 0MP | 1800 mAh Battery | Not Availble Processor | 12 month Brand Warrenty,17
"realme 15 Pro 5G (Velvet Green, 128 GB)","₹26,999","₹35,999",25% off,4.3,"9,165 Ratings & 815 Reviews",8 GB RAM | 128 GB ROM | 17.27 cm (6.8 inch) Display | 50MP + 50MP | 50MP Front Camera | 7000 mAh Battery | Snapdragon 7 Gen 4 Processor | 1 Year Manufacturer Warranty for Device and 6 Months Manufacturer Warranty for Inbox Accessories,17
Jmax Super 2,₹599,₹999,40% off,3.9,"2,385 Ratings & 186 Reviews",32 MB RAM | 32 MB ROM | 4.57 cm (1.8 inch) Display | 0.3MP Rear Camera | 1100 mAh Battery | 3 months Domestic Warranty,17
"Ai+ Pulse 1 (Pink, 128 GB)","₹9,999",,,4,"8,675 Ratings & 531 Reviews",6 GB RAM | 128 GB ROM | Expandable Upto 1 TB | 17.13 cm (6.745 inch) HD+ Display | 50MP Rear Camera | 5MP Front Camera | 5000 mAh Battery | T615 Processor | 1 Year Warranty on Handset and 6 Months Warranty on the Inbox Accessories,17
"Apple iPhone 17 Pro (Silver, 256 GB)","₹1,19,900","₹1,34,900",11% off,4.6,"1,152 Ratings & 89 Reviews","256 GB ROM | 16.0 cm (6.3 inch) Super Retina XDR Display | 48MP + 48MP + 48MP | 18MP Front Camera | A19 Chip, 6 Core Processor Processor | Apple One (1) Year Limited Warranty",17
"realme 15 Pro 5G (Flowing Silver, 256 GB)","₹30,999","₹39,999",22% off,4.4,"5,407 Ratings & 411 Reviews",12 GB RAM | 256 GB ROM | 17.27 cm (6.8 inch) Display | 50MP + 50MP | 50MP Front Camera | 7000 mAh Battery | Snapdragon 7 Gen 4 Processor | 1 Year Manufacturer Warranty for Device and 6 Months Manufacturer Warranty for Inbox Accessories,17
"REDMI 15 5G (Frosted White, 128 GB)","₹17,997","₹17,999",,4.3,"4,106 Ratings & 200 Reviews",8 GB RAM | 128 GB ROM | 17.53 cm (6.9 inch) Display | 50MP Rear Camera | 7000 mAh Battery | 1 year manufacturer warranty for device and 6 months manufacturer warranty for in-box accessories including batteries from the date of purchase,17
"REDMI 15 5G (Midnight Black, 128 GB)","₹17,998","₹17,999",,4.3,"4,106 Ratings & 200 Reviews",8 GB RAM | 128 GB ROM | 17.53 cm (6.9 inch) Display | 50MP Rear Camera | 7000 mAh Battery | 1 year manufacturer warranty for device and 6 months manufacturer warranty for in-box accessories including batteries from the date of purchase,17
MOTOROLA Moto A200,"₹1,290","₹1,549",16% off,3.9,"1,222 Ratings & 97 Reviews",56 MB RAM | 36 MB ROM | Expandable Upto 64 GB | 4.5 cm (1.77 inch) HVGA Display | 0MP | 0MP Front Camera | 800 mAh Battery | NA Processor | 2 Years Domestic Replacement Warranty,17
"IQOO Z11x 5G (Titan Black, 128 GB)","₹21,972","₹28,999",24% off,4.4,384 Ratings & 31 Reviews,6 GB RAM | 128 GB ROM | 17.02 cm (6.7 inch) Display | 50MP Rear Camera | 7200 mAh Battery | 12 Months Brand Warranty,17
"POCO C81x (Crystal Black, 64 GB)","₹9,999","₹18,999",47% off,3.9,9 Ratings & 1 Reviews,3 GB RAM | 64 GB ROM | Expandable Upto 2 TB | 17.48 cm (6.88 inch) Display | 13MP Rear Camera | 8MP Front Camera | 5200 mAh Lithium-Ion Polymer Battery | T7250 Processor | 1 Year Manufacturer Warranty for Phone and 6 Months Warranty for In the Box Accessories,17
"Samsung Galaxy S24 5G Snapdragon (Marble Gray, 128 GB)","₹49,999","₹74,999",33% off,4.6,"57,084 Ratings & 3,711 Reviews",8 GB RAM | 128 GB ROM | 15.75 cm (6.2 inch) Full HD+ Display | 50MP + 12MP | 12MP Front Camera | 4000 mAh Battery | 8 Gen 3 Processor | 1 Year Manufacturer Warranty for Device and 6 Months for In-Box Accessories,18
"realme Gt 7 (Icesense Black, 256 GB)","₹38,999","₹48,999",20% off,4.4,723 Ratings & 68 Reviews,"12 GB RAM | 256 GB ROM | 17.22 cm (6.78 inch) Full HD+ AMOLED Display | 50MP + 50MP + 50MP + 8MP | 32MP + 32MP Dual Front Camera | 7000 mAh Battery | Dimensity Processor | Phone, Power Adapter, SIM Tray Ejector, Phone Case, USB Cable",18
"realme P4 Power 5G (TransSilver, 128 GB)","₹27,999","₹32,999",15% off,4.5,"3,759 Ratings & 340 Reviews",8 GB RAM | 128 GB ROM | 17.27 cm (6.8 inch) Full HD+ AMOLED Display | 50MP + 8MP | Yes | 10001 mAh Battery | Dimensity 7400 Ultra Processor | 1 Year Manufacturer Warranty for Device and 6 Months Manufacturer Warranty for Inbox Accessories,18
"vivo T5x 5G (Cyber Green, 128 GB)","₹22,999","₹28,999",20% off,4.4,"5,072 Ratings & 344 Reviews",6 GB RAM | 128 GB ROM | 17.17 cm (6.76 inch) Display | 50MP + 2MP | 32MP Front Camera | 7200 mAh Li-ion Battery | Dimensity 7400-Turbo Processor | 1 Year Manufacturer Warranty for Device and 6 Months Manufacturer Warranty for Inbox Accessories,18
KARBONN K9,"₹1,295","₹1,890",31% off,4.1,"9,562 Ratings & 737 Reviews",6.6 cm (2.6 inch) QVGA Display | 2MP Rear Camera | 1800 mAh Battery | 1 Year Manufacturer Warranty,18
"REDMI Note 15 5G (Black, 128 GB)","₹22,935","₹26,999",15% off,4.3,467 Ratings & 20 Reviews,8 GB RAM | 128 GB ROM | 17.2 cm (6.77 inch) Display | 108MP Rear Camera | 5520 mAh Battery | 12 Months Brand Warranty,18
"POCO M7 5G (Satin Black, 128 GB)","₹13,499","₹13,999",3% off,4.3,"18,381 Ratings & 885 Reviews",8 GB RAM | 128 GB ROM | Expandable Upto 1 TB | 17.48 cm (6.88 inch) HD+ Display | 50MP Rear Camera | 8MP Front Camera | 5160 mAh Battery | 4 Gen 2 5G Processor | 1 Year Manufacturer Warranty for Phone and 6 Months Warranty for In the Box Accessories,18
"MOTOROLA G96 5G (Pantone Dresden Blue, 128 GB)","₹20,999",,,4.4,"87,373 Ratings & 4,864 Reviews",8 GB RAM | 128 GB ROM | 16.94 cm (6.67 inch) Full HD+ Display | 50MP + 8MP | 32MP Front Camera | 5500 mAh Battery | 7s Gen 2 Processor | 1 Year Warranty on Handset and 6 Months Warranty on Accessories,18
"POCO M7 Plus 5G (Carbon Black, 128 GB)","₹17,999",,,4.3,"4,819 Ratings & 303 Reviews",8 GB RAM | 128 GB ROM | Expandable Upto 2 TB | 17.53 cm (6.9 inch) Display | 50MP AI Dual Camera | 7000 mAh Battery | Snapdragon 6s Gen 3 5G Processor | 1 Year Manufacturer Warranty for Phone and 6 Months Warranty for In the Box Accessories,18
"Samsung Galaxy F36 5G (Black, 128 GB)","₹21,999","₹22,999",4% off,4.3,"10,639 Ratings & 702 Reviews",6 GB RAM | 128 GB ROM | Expandable Upto 2 TB | 17.02 cm (6.7 inch) Full HD+ Display | 50MP + 8MP + 2MP | 13MP Front Camera | 5000 mAh Battery | Samsung Exynos 1380 Processor | 1 Year Manufacturer Warranty for Device and 6 Months for In-Box Accessories,18
"Samsung Galaxy A06 5G (Black, 128 GB)","₹15,499",,,4.2,"3,393 Ratings & 218 Reviews",4 GB RAM | 128 GB ROM | 17.02 cm (6.7 inch) HD+ Display | 50MP + 2MP | 8MP Front Camera | 5000 mAh Li-ion Battery | Dimensity 6300 Processor | 1 Year Manufacturer Warranty for Device and 6 Months for In-Box Accessories,18
"realme Narzo 80 Lite 4G (Beach Gold, 64 GB)","₹11,999",,,4.3,"2,702 Ratings & 117 Reviews",4 GB RAM | 64 GB ROM | 17.12 cm (6.74 inch) HD+ Display | 32MP Rear Camera | 6300 mAh Battery | 1 year brand Warranty,18
"Tecno Spark Go 3 (Aurora Purple, 64 GB)","₹9,999","₹11,999",16% off,4.2,62 Ratings & 0 Reviews,4 GB RAM | 64 GB ROM | 17.12 cm (6.74 inch) HD+ Display | 13MP Rear Camera | 8MP Front Camera | 5000 mAh Lithium Polymer Battery | T7250 Processor | 1 Year Manufacturer Warranty for Phone,18
"realme P3 Ultra 5G (Glowing Lunar White, 128 GB)","₹24,999","₹31,999",21% off,4.4,"20,384 Ratings & 1,997 Reviews",8 GB RAM | 128 GB ROM | 17.35 cm (6.83 inch) Display | 50MP + 8MP | 16MP Front Camera | 6000 mAh Battery | Dimensity 8350 Ultra Processor | 1 Year Manufacturer Warranty for Device and 6 Months Manufacturer Warranty for Inbox Accessories,18
"OnePlus 13R 5g (Astral Trail, 256 GB)","₹41,899","₹44,999",6% off,4.5,"5,865 Ratings & 360 Reviews",12 GB RAM | 256 GB ROM | 17.22 cm (6.78 inch) Display | 50MP Rear Camera | 6000 mAh Battery | 1 year manufacturer warranty for device and 1 year manufacturer warranty for in-box accessories including batteries from the date of purchase,18
"OnePlus 13R 5G (Nebula Noir, 256 GB)","₹41,767","₹44,999",7% off,4.5,"5,865 Ratings & 360 Reviews",12 GB RAM | 256 GB ROM | 17.22 cm (6.78 inch) Display | 50MP Rear Camera | 6000 mAh Battery | 1 year manufacturer warranty for device and 1 year manufacturer warranty for in-box accessories including batteries from the date of purchase,18
LAVA A3 King,"₹1,231","₹1,549",20% off,4.2,"30,700 Ratings & 2,910 Reviews",4 MB RAM | 4 MB ROM | 4.5 cm (1.77 inch) Display | 0.2MP Rear Camera | 1750 mAh Battery | 1 year warranty from service centre,18
"Apple iPhone 16 Plus (White, 128 GB)","₹77,900","₹79,900",2% off,4.6,"3,979 Ratings & 238 Reviews","128 GB ROM | 17.02 cm (6.7 inch) Super Retina XDR Display | 48MP + 12MP | 12MP Front Camera | A18 Chip, 6 Core Processor Processor | 1 year warranty for phone and 1 year warranty for in Box Accessories.",18
"REDMI 15C 5G (Dusk Purple, 128 GB)","₹17,900","₹31,999",44% off,4.2,213 Ratings & 10 Reviews,6 GB RAM | 128 GB ROM | 17.53 cm (6.9 inch) Display | 50MP Rear Camera | 6000 mAh Battery | 1 year manufacturer warranty for device and 6 months manufacturer warranty for in-box accessories including batteries from the date of purchase,18
hmd 110 Dual Sim Keypad Phone with Built-in Scan & Pay UPI App,"₹1,269","₹1,799",29% off,3.9,899 Ratings & 59 Reviews,4 MB RAM | 4 MB ROM | 5.08 cm (2 inch) NA Display | 0.2MP Rear Camera | 1000 mAh Battery | 1 Year Replacement Warranty For Device And 6 Months Manufacturer Warranty For Inbox Accessories Including Battery From The Date of Purchase,18
KARBONN K1 4G,₹990,"₹1,999",50% off,3.7,"2,061 Ratings & 99 Reviews",20 MB RAM | 36 MB ROM | Expandable Upto 32 GB | 4.57 cm (1.8 inch) Display | 2MP Rear Camera | 1000 mAh Battery | 1 Year Warranty,18
"Tecno Spark Go 3 (Titanium Grey, 64 GB)","₹9,999","₹11,999",16% off,4.2,62 Ratings & 0 Reviews,4 GB RAM | 64 GB ROM | 17.12 cm (6.74 inch) HD+ Display | 13MP Rear Camera | 8MP Front Camera | 5000 mAh Lithium Polymer Battery | T7250 Processor | 1 Year Manufacturer Warranty for Phone,18
TOUCH 18 Rock Z Flip Dual Sim Keypad Mobile with2.4Display Flip Fold Call & SMS Indicator,"₹1,797","₹2,899",38% off,4.1,103 Ratings & 9 Reviews,32 MB RAM | 32 MB ROM | 6.1 cm (2.4 inch) Display | 2MP Rear Camera | 1800 mAh Battery | 1 Month WARRANTY,18
"Samsung Galaxy S25 FE 5G (White, 256 GB)","₹50,999","₹65,999",22% off,4.5,383 Ratings & 32 Reviews,8 GB RAM | 256 GB ROM | 17.02 cm (6.7 inch) Full HD+ Display | 50MP + 12MP + 8MP | 12MP Front Camera | 4900 mAh Li-ion Battery | Exynos 2400 Processor | 1 Year Manufacturer Warranty for Device and 6 Months for In-Box Accessories,18
"hmd Touch 4G Dual Sim Feature Phone, Cloud Phone Apps, Wi-Fi & Hotspot (Dark Blue, 128 MB)","₹4,279","₹4,999",14% off,3.7,216 Ratings & 22 Reviews,4 MB RAM | 128 MB ROM | 8.13 cm (3.2 inch) Display | 2MP Rear Camera | 1950 mAh Battery | 1 Year Replacement,19
"POCO M7 5G (Ocean Blue, 128 GB)","₹12,499","₹12,999",3% off,4.1,"77,088 Ratings & 3,683 Reviews",6 GB RAM | 128 GB ROM | Expandable Upto 1 TB | 17.48 cm (6.88 inch) HD+ Display | 50MP Rear Camera | 8MP Front Camera | 5160 mAh Battery | 4 Gen 2 5G Processor | 1 Year Manufacturer Warranty for Phone and 6 Months Warranty for In the Box Accessories,19
"REDMI 15C 5G (Moonlight Blue, 128 GB)","₹16,818","₹16,999",1% off,4.2,213 Ratings & 10 Reviews,6 GB RAM | 128 GB ROM | 17.53 cm (6.9 inch) Display | 50MP Rear Camera | 6000 mAh Battery | 1 year manufacturer warranty for device and 6 months manufacturer warranty for in-box accessories including batteries from the date of purchase,19
"vivo T4 Ultra 5G (Phoenix Gold, 512 GB)","₹39,999","₹44,999",11% off,4.5,"4,393 Ratings & 428 Reviews",12 GB RAM | 512 GB ROM | 16.94 cm (6.67 inch) Full HD+ AMOLED Display | 50MP + 8MP + 50MP Periscope | 32MP Front Camera | 5500 mAh Battery | Dimensity 9300+ Processor | 1 Year Warranty on the Product and 6 Months Warranty on Inbox Accessories,19
"realme P4 Power 5G (TransSilver, 128 GB)","₹27,999","₹32,999",15% off,4.5,"3,759 Ratings & 340 Reviews",8 GB RAM | 128 GB ROM | 17.27 cm (6.8 inch) Full HD+ AMOLED Display | 50MP + 8MP | Yes | 10001 mAh Battery | Dimensity 7400 Ultra Processor | 1 Year Manufacturer Warranty for Device and 6 Months Manufacturer Warranty for Inbox Accessories,19
"vivo T5x 5G (Cyber Green, 128 GB)","₹22,999","₹28,999",20% off,4.4,"5,072 Ratings & 344 Reviews",6 GB RAM | 128 GB ROM | 17.17 cm (6.76 inch) Display | 50MP + 2MP | 32MP Front Camera | 7200 mAh Li-ion Battery | Dimensity 7400-Turbo Processor | 1 Year Manufacturer Warranty for Device and 6 Months Manufacturer Warranty for Inbox Accessories,19
"realme GT 7T (IceSense Blue, 256 GB)","₹33,499","₹42,999",22% off,4.4,627 Ratings & 58 Reviews,12 GB RAM | 256 GB ROM | 17.27 cm (6.8 inch) Full HD+ AMOLED Display | 50MP + 8MP | 32MP Front Camera | 7000 mAh Li-ion Battery | Dimensity 8400-MAX Processor | standard 1-year warranty for the device  and a 6-month warranty for accessories,19
"vivo T4 Ultra 5G (Phoenix Gold, 256 GB)","₹35,999","₹40,999",12% off,4.5,"5,887 Ratings & 599 Reviews",8 GB RAM | 256 GB ROM | 16.94 cm (6.67 inch) Full HD+ AMOLED Display | 50MP + 8MP + 50MP Periscope | 32MP Front Camera | 5500 mAh Battery | Dimensity 9300+ Processor | 1 Year Warranty on the Product and 6 Months Warranty on Inbox Accessories,19
"realme GT 7T (Racing Yellow, 256 GB)","₹33,499","₹42,999",22% off,4.4,627 Ratings & 58 Reviews,12 GB RAM | 256 GB ROM | 17.27 cm (6.8 inch) Full HD+ AMOLED Display | 50MP + 8MP | 32MP Front Camera | 7000 mAh Li-ion Battery | Dimensity 8400-MAX Processor | standard 1-year warranty for the device  and a 6-month warranty for accessories,19
"vivo T4 Ultra 5G (Phoenix Gold, 256 GB)","₹37,999","₹42,999",11% off,4.5,"4,393 Ratings & 428 Reviews",12 GB RAM | 256 GB ROM | 16.94 cm (6.67 inch) Full HD+ AMOLED Display | 50MP + 8MP + 50MP Periscope | 32MP Front Camera | 5500 mAh Battery | Dimensity 9300+ Processor | 1 Year Warranty on the Product and 6 Months Warranty on Inbox Accessories,19
hmd 110 Dual Sim Keypad Phone with Built-in Scan & Pay UPI App,"₹1,269","₹1,799",29% off,3.9,899 Ratings & 59 Reviews,4 MB RAM | 4 MB ROM | 5.08 cm (2 inch) NA Display | 0.2MP Rear Camera | 1000 mAh Battery | 1 Year Replacement Warranty For Device And 6 Months Manufacturer Warranty For Inbox Accessories Including Battery From The Date of Purchase,19
"vivo T4 Ultra 5G (Meteor Grey, 256 GB)","₹35,999","₹40,999",12% off,4.5,"5,887 Ratings & 599 Reviews",8 GB RAM | 256 GB ROM | 16.94 cm (6.67 inch) Full HD+ AMOLED Display | 50MP + 8MP + 50MP Periscope | 32MP Front Camera | 5500 mAh Battery | Dimensity 9300+ Processor | 1 Year Warranty on the Product and 6 Months Warranty on Inbox Accessories,19
"vivo T4 Ultra 5G (Meteor Grey, 512 GB)","₹39,999","₹44,999",11% off,4.5,"4,393 Ratings & 428 Reviews",12 GB RAM | 512 GB ROM | 16.94 cm (6.67 inch) Full HD+ AMOLED Display | 50MP + 8MP + 50MP Periscope | 32MP Front Camera | 5500 mAh Battery | Dimensity 9300+ Processor | 1 Year Warranty on the Product and 6 Months Warranty on Inbox Accessories,19
itel it2165c,₹969,"₹1,369",29% off,3.5,21 Ratings & 1 Reviews,32 MB RAM | 32 MB ROM | Expandable Upto 32 GB | 5.08 cm (2 inch) Display | 1200 mAh Battery | 1 year manufacturer warranty,19
"vivo T4 Lite 5G Charger in the Box (Titanium Gold, 256 GB)","₹16,999",,,4.3,"22,083 Ratings & 1,064 Reviews",8 GB RAM | 256 GB ROM | Expandable Upto 2 TB | 17.12 cm (6.74 inch) HD+ Display | 50MP + 2MP | 5MP Front Camera | 6000 mAh Battery | Dimensity 6300 5G Processor | 1 Year Manufacturer Warranty for Device and 6 Months Manufacturer Warranty for Inbox Accessories,19
"realme P4 Power 5G (TransSilver, 256 GB)","₹29,999","₹34,999",14% off,4.5,"3,759 Ratings & 340 Reviews",8 GB RAM | 256 GB ROM | 17.27 cm (6.8 inch) Full HD+ AMOLED Display | 50MP + 8MP | Yes | 10001 mAh Battery | Dimensity 7400 Ultra Processor | 1 Year Manufacturer Warranty for Device and 6 Months Manufacturer Warranty for Inbox Accessories,19
"Samsung Galaxy S25 Ultra 5G (Titanium Gray, 512 GB)","₹1,39,999","₹1,41,999",1% off,4.6,"2,548 Ratings & 272 Reviews",12 GB RAM | 512 GB ROM | 17.53 cm (6.9 inch) Quad HD+ Display | 200MP + 50MP + 50MP + 10MP | 12MP Front Camera | 5000 mAh Battery | 8 Elite for Galaxy Processor | 1 Year Manufacturer Warranty for Device and 6 Months for In-Box Accessories,19
"Samsung Galaxy A26 5G (Awesome White, 128 GB)","₹23,998","₹27,999",14% off,4,387 Ratings & 31 Reviews,8 GB RAM | 128 GB ROM | Expandable Upto 1 TB | 17.02 cm (6.7 inch) Full HD+ Display | 50MP + 8MP | 13MP Front Camera | 5000 mAh Battery | Samsung Exynos 1380 Processor | 1 Year Manufacturer Warranty for Device and 6 Months for In-Box Accessories,19
GFive A5-C,₹549,₹999,45% off,3.6,88 Ratings & 4 Reviews,32 MB RAM | 32 MB ROM | Expandable Upto 16 GB | 4.57 cm (1.8 inch) NA Display | 1MP Rear Camera | 1000 mAh Battery | NA Processor | 1 Year Service Warranty,19
UiSmart Ui06,"₹1,485","₹2,199",32% off,4,"1,449 Ratings & 128 Reviews",512 MB RAM | 32 MB ROM | Expandable Upto 32 TB | 4.5 cm (1.77 inch) QVGA Display | 2MP + 0MP | 0MP Front Camera | 1050 mAh Battery | Feature Phone Processor | 1 Year For Handset and Six months for Accessories,19
HOTLINE CLASSIC ULTRA,₹474,₹999,52% off,3.4,"1,508 Ratings & 64 Reviews",32 MB RAM | 32 MB ROM | Expandable Upto 16 GB | 4.57 cm (1.8 inch) NA Display | 1.3MP + 0MP | 0MP Front Camera | 1100 mAh Battery | NA Processor | 3 Months Domestic warranty,19
"OPPO K13 Turbo Pro 5G (Purple Phantom, 256 GB)","₹31,999","₹41,999",23% off,4.3,276 Ratings & 24 Reviews,8 GB RAM | 256 GB ROM | 17.27 cm (6.8 inch) Full HD+ Display | 50MP + 2MP | 16MP Front Camera | 7000 mAh Battery | 8s Gen 4 Mobile Platform Processor | 1 Year Manufacturer Warranty for Device and 6 Months Manufacturer Warranty for Inbox Accessories,19
"Infinix GT 30 Pro 5G+ (Blade White, 256 GB)","₹29,999","₹34,999",14% off,4.3,"1,230 Ratings & 98 Reviews",12 GB RAM | 256 GB ROM | 17.22 cm (6.78 inch) Display | 108MP + 8MP | 13MP Front Camera | 5500 mAh Battery | Dimensity 8350 Ultimate Processor | 1 Year Warranty for Handset and 6 Months Warranty for Accessories,19
"realme Gt 7 (Icesense Black, 256 GB)","₹36,999","₹45,999",19% off,4.4,704 Ratings & 88 Reviews,8 GB RAM | 256 GB ROM | 17.22 cm (6.78 inch) Full HD+ AMOLED Display | 50MP + 50MP + 50MP + 8MP | 32MP + 32MP Dual Front Camera | 7000 mAh Battery | Dimensity Processor | 1 Year manufacturer Warranty for handset & 6 months for accessories,19
"vivo T5x 5G (Cyber Green, 128 GB)","₹22,999","₹28,999",20% off,4.4,"5,072 Ratings & 344 Reviews",6 GB RAM | 128 GB ROM | 17.17 cm (6.76 inch) Display | 50MP + 2MP | 32MP Front Camera | 7200 mAh Li-ion Battery | Dimensity 7400-Turbo Processor | 1 Year Manufacturer Warranty for Device and 6 Months Manufacturer Warranty for Inbox Accessories,20
KARBONN K1 4G,₹999,"₹1,899",47% off,3.7,"2,061 Ratings & 99 Reviews",20 MB RAM | 20 MB ROM | 4.57 cm (1.8 inch) Display | 2MP Rear Camera | 1000 mAh Battery | 1 Year Company Domestic Warranty by Company Authorized Service Center.,20
"POCO M7 Plus 5G (Aqua Blue, 128 GB)","₹17,999",,,4.3,"4,819 Ratings & 303 Reviews",8 GB RAM | 128 GB ROM | Expandable Upto 2 TB | 17.53 cm (6.9 inch) Display | 50MP AI Dual Camera | 7000 mAh Battery | Snapdragon 6s Gen 3 5G Processor | 1 Year Manufacturer Warranty for Phone and 6 Months Warranty for In the Box Accessories,20
"realme P3 Ultra 5G (Glowing Lunar White, 128 GB)","₹24,999","₹31,999",21% off,4.4,"20,384 Ratings & 1,997 Reviews",8 GB RAM | 128 GB ROM | 17.35 cm (6.83 inch) Display | 50MP + 8MP | 16MP Front Camera | 6000 mAh Battery | Dimensity 8350 Ultra Processor | 1 Year Manufacturer Warranty for Device and 6 Months Manufacturer Warranty for Inbox Accessories,20
"OnePlus 13R 5g (Astral Trail, 256 GB)","₹41,899","₹44,999",6% off,4.5,"5,865 Ratings & 360 Reviews",12 GB RAM | 256 GB ROM | 17.22 cm (6.78 inch) Display | 50MP Rear Camera | 6000 mAh Battery | 1 year manufacturer warranty for device and 1 year manufacturer warranty for in-box accessories including batteries from the date of purchase,20
"OnePlus 13R 5G (Nebula Noir, 256 GB)","₹41,767","₹44,999",7% off,4.5,"5,865 Ratings & 360 Reviews",12 GB RAM | 256 GB ROM | 17.22 cm (6.78 inch) Display | 50MP Rear Camera | 6000 mAh Battery | 1 year manufacturer warranty for device and 1 year manufacturer warranty for in-box accessories including batteries from the date of purchase,20
"REDMI Note 15 Pro + 5G (Mirage Blue, 256 GB)","₹36,169","₹39,999",9% off,4.4,40 Ratings & 5 Reviews,8 GB RAM | 256 GB ROM | 17.35 cm (6.83 inch) Display | 200MP Rear Camera | 6500 mAh Battery | 12 Months Brand Warranty,20
"REDMI 15C 5G (Dusk Purple, 128 GB)","₹17,900","₹31,999",44% off,4.2,213 Ratings & 10 Reviews,6 GB RAM | 128 GB ROM | 17.53 cm (6.9 inch) Display | 50MP Rear Camera | 6000 mAh Battery | 1 year manufacturer warranty for device and 6 months manufacturer warranty for in-box accessories including batteries from the date of purchase,20
"POCO M7 5G (Satin Black, 128 GB)","₹13,499","₹13,999",3% off,4.3,"18,381 Ratings & 885 Reviews",8 GB RAM | 128 GB ROM | Expandable Upto 1 TB | 17.48 cm (6.88 inch) HD+ Display | 50MP Rear Camera | 8MP Front Camera | 5160 mAh Battery | 4 Gen 2 5G Processor | 1 Year Manufacturer Warranty for Phone and 6 Months Warranty for In the Box Accessories,20
"Samsung Galaxy S25 FE 5G (White, 256 GB)","₹50,999","₹65,999",22% off,4.5,383 Ratings & 32 Reviews,8 GB RAM | 256 GB ROM | 17.02 cm (6.7 inch) Full HD+ Display | 50MP + 12MP + 8MP | 12MP Front Camera | 4900 mAh Li-ion Battery | Exynos 2400 Processor | 1 Year Manufacturer Warranty for Device and 6 Months for In-Box Accessories,20
"Samsung Galaxy S25 FE 5G (White, 128 GB)","₹44,999","₹59,999",25% off,4.5,383 Ratings & 32 Reviews,8 GB RAM | 128 GB ROM | 17.02 cm (6.7 inch) Full HD+ Display | 50MP + 12MP + 8MP | 12MP Front Camera | 4900 mAh Li-ion Battery | Exynos 2400 Processor | 1 Year Manufacturer Warranty for Device and 6 Months for In-Box Accessories,20
"Tecno Spark Go 3 (Titanium Grey, 64 GB)","₹9,999","₹11,999",16% off,4.2,62 Ratings & 0 Reviews,4 GB RAM | 64 GB ROM | 17.12 cm (6.74 inch) HD+ Display | 13MP Rear Camera | 8MP Front Camera | 5000 mAh Lithium Polymer Battery | T7250 Processor | 1 Year Manufacturer Warranty for Phone,20
TOUCH 18 Rock Z Flip Dual Sim Keypad Mobile with2.4Display Flip Fold Call & SMS Indicator,"₹1,797","₹2,899",38% off,4.1,103 Ratings & 9 Reviews,32 MB RAM | 32 MB ROM | 6.1 cm (2.4 inch) Display | 2MP Rear Camera | 1800 mAh Battery | 1 Month WARRANTY,20
"Tecno Spark Go 3 (Aurora Purple, 64 GB)","₹9,999","₹11,999",16% off,4.2,62 Ratings & 0 Reviews,4 GB RAM | 64 GB ROM | 17.12 cm (6.74 inch) HD+ Display | 13MP Rear Camera | 8MP Front Camera | 5000 mAh Lithium Polymer Battery | T7250 Processor | 1 Year Manufacturer Warranty for Phone,20
LAVA A3 King,"₹1,231","₹1,549",20% off,4.2,"30,700 Ratings & 2,910 Reviews",4 MB RAM | 4 MB ROM | 4.5 cm (1.77 inch) Display | 0.2MP Rear Camera | 1750 mAh Battery | 1 year warranty from service centre,20
"Infinix NOTE 60 Pro (Mocha Brown, 256 GB)","₹34,999","₹44,999",22% off,4.4,301 Ratings & 57 Reviews,8 GB RAM | 256 GB ROM | 17.22 cm (6.78 inch) Full HD+ AMOLED Display | 50MP + 8MP | 13MP Front Camera | 6500 mAh Battery | Snapdragon 7s Gen 4 Processor | 1 year for Handset 6 months for Accessories,20
Snexian ROCK X,"₹1,749","₹2,999",41% off,3.7,"2,973 Ratings & 134 Reviews",32 MB RAM | 32 MB ROM | Expandable Upto 16 GB | 4.57 cm (1.8 inch) Quarter QVGA Display | 0.3MP Rear Camera | 3000 mAh Battery | 3 Months Domestic Warranty,20
"IQOO 15 5G (Legend, 256 GB)","₹68,390","₹76,999",11% off,4.7,232 Ratings & 18 Reviews,12 GB RAM | 256 GB ROM | 17.4 cm (6.85 inch) Display | 50MP Rear Camera | 7000 mAh Battery | 1 year manufacturer warranty for device and 6 months manufacturer warranty for in-box accessories including batteries from the date of purchase,20
"realme P4 Power 5G (TransSilver, 256 GB)","₹29,999","₹34,999",14% off,4.5,"3,759 Ratings & 340 Reviews",8 GB RAM | 256 GB ROM | 17.27 cm (6.8 inch) Full HD+ AMOLED Display | 50MP + 8MP | Yes | 10001 mAh Battery | Dimensity 7400 Ultra Processor | 1 Year Manufacturer Warranty for Device and 6 Months Manufacturer Warranty for Inbox Accessories,20
"REDMI 15C 5G (Moonlight Blue, 128 GB)","₹16,818","₹16,999",1% off,4.2,213 Ratings & 10 Reviews,6 GB RAM | 128 GB ROM | 17.53 cm (6.9 inch) Display | 50MP Rear Camera | 6000 mAh Battery | 1 year manufacturer warranty for device and 6 months manufacturer warranty for in-box accessories including batteries from the date of purchase,20
"OPPO K13 Turbo Pro 5G (Purple Phantom, 256 GB)","₹31,999","₹41,999",23% off,4.3,276 Ratings & 24 Reviews,8 GB RAM | 256 GB ROM | 17.27 cm (6.8 inch) Full HD+ Display | 50MP + 2MP | 16MP Front Camera | 7000 mAh Battery | 8s Gen 4 Mobile Platform Processor | 1 Year Manufacturer Warranty for Device and 6 Months Manufacturer Warranty for Inbox Accessories,20
"Samsung Galaxy A17 5G (Black, 128 GB)","₹21,114","₹24,499",13% off,4.3,962 Ratings & 71 Reviews,8 GB RAM | 128 GB ROM | Expandable Upto 2 TB | 17.02 cm (6.7 inch) Full HD+ Display | 50MP + 5MP + 2MP | 13MP Front Camera | 5000 mAh Battery | Samsung Exynos 1330 Processor | 1 Year Manufacturer Warranty for Device and 6 Months for In-Box Accessories,20
"MOTOROLA Signature (PANTONE Martini Olive, 512 GB)","₹62,499","₹79,999",21% off,4.4,484 Ratings & 82 Reviews,16 GB RAM | 512 GB ROM | 17.27 cm (6.8 inch) Super HD Display | 50MP + 50MP + 50MP | 50MP Front Camera | 5200 mAh Battery | Snapdragon 8 Gen 5 Processor | 1 Year Warranty on Handset and 6 Months Warranty on Accessories,20
"Nokia 235 4G Dual SIM Keypad Phone, Scan & Pay UPI, USB Type C,","₹4,139","₹4,999",17% off,3.6,865 Ratings & 54 Reviews,64 MB RAM | 128 MB ROM | 7.11 cm (2.8 inch) Display | 2MP Rear Camera | 1450 mAh Battery | 1YR BRAND WARRANTY ON HANDSET & 6 MONTHS WARRANTY ON ACCESSORIES,20
"vivo T5x 5G (Cyber Green, 128 GB)","₹22,999","₹28,999",20% off,4.4,"5,072 Ratings & 344 Reviews",6 GB RAM | 128 GB ROM | 17.17 cm (6.76 inch) Display | 50MP + 2MP | 32MP Front Camera | 7200 mAh Li-ion Battery | Dimensity 7400-Turbo Processor | 1 Year Manufacturer Warranty for Device and 6 Months Manufacturer Warranty for Inbox Accessories,21
"POCO M7 5G (Ocean Blue, 128 GB)","₹12,499","₹12,999",3% off,4.1,"77,088 Ratings & 3,683 Reviews",6 GB RAM | 128 GB ROM | Expandable Upto 1 TB | 17.48 cm (6.88 inch) HD+ Display | 50MP Rear Camera | 8MP Front Camera | 5160 mAh Battery | 4 Gen 2 5G Processor | 1 Year Manufacturer Warranty for Phone and 6 Months Warranty for In the Box Accessories,21
"Apple iPhone 16 Plus (White, 128 GB)","₹77,900","₹79,900",2% off,4.6,"3,979 Ratings & 238 Reviews","128 GB ROM | 17.02 cm (6.7 inch) Super Retina XDR Display | 48MP + 12MP | 12MP Front Camera | A18 Chip, 6 Core Processor Processor | 1 year warranty for phone and 1 year warranty for in Box Accessories.",21
"MOTOROLA Signature (PANTONE Martini Olive, 512 GB)","₹62,499","₹79,999",21% off,4.4,484 Ratings & 82 Reviews,16 GB RAM | 512 GB ROM | 17.27 cm (6.8 inch) Super HD Display | 50MP + 50MP + 50MP | 50MP Front Camera | 5200 mAh Battery | Snapdragon 8 Gen 5 Processor | 1 Year Warranty on Handset and 6 Months Warranty on Accessories,21
"Samsung Galaxy A17 5G (Black, 128 GB)","₹21,114","₹24,499",13% off,4.3,962 Ratings & 71 Reviews,8 GB RAM | 128 GB ROM | Expandable Upto 2 TB | 17.02 cm (6.7 inch) Full HD+ Display | 50MP + 5MP + 2MP | 13MP Front Camera | 5000 mAh Battery | Samsung Exynos 1330 Processor | 1 Year Manufacturer Warranty for Device and 6 Months for In-Box Accessories,21
"Nokia 235 4G Dual SIM Keypad Phone, Scan & Pay UPI, USB Type C,","₹4,139","₹4,999",17% off,3.6,865 Ratings & 54 Reviews,64 MB RAM | 128 MB ROM | 7.11 cm (2.8 inch) Display | 2MP Rear Camera | 1450 mAh Battery | 1YR BRAND WARRANTY ON HANDSET & 6 MONTHS WARRANTY ON ACCESSORIES,21
"vivo T4 Lite 5G Charger in the Box (Titanium Gold, 256 GB)","₹16,999",,,4.3,"22,083 Ratings & 1,064 Reviews",8 GB RAM | 256 GB ROM | Expandable Upto 2 TB | 17.12 cm (6.74 inch) HD+ Display | 50MP + 2MP | 5MP Front Camera | 6000 mAh Battery | Dimensity 6300 5G Processor | 1 Year Manufacturer Warranty for Device and 6 Months Manufacturer Warranty for Inbox Accessories,21
"Infinix GT 30 Pro 5G+ (Blade White, 256 GB)","₹29,999","₹34,999",14% off,4.3,"1,230 Ratings & 98 Reviews",12 GB RAM | 256 GB ROM | 17.22 cm (6.78 inch) Display | 108MP + 8MP | 13MP Front Camera | 5500 mAh Battery | Dimensity 8350 Ultimate Processor | 1 Year Warranty for Handset and 6 Months Warranty for Accessories,21
"realme Gt 7 (Icesense Black, 256 GB)","₹36,999","₹45,999",19% off,4.4,704 Ratings & 88 Reviews,8 GB RAM | 256 GB ROM | 17.22 cm (6.78 inch) Full HD+ AMOLED Display | 50MP + 50MP + 50MP + 8MP | 32MP + 32MP Dual Front Camera | 7000 mAh Battery | Dimensity Processor | 1 Year manufacturer Warranty for handset & 6 months for accessories,21
PHILIPS All New E2221 Sleek & Stylish Keypad Mobile,"₹1,480","₹1,799",17% off,4,73 Ratings & 3 Reviews,32 MB RAM | 32 MB ROM | 6.1 cm (2.4 inch) Display | 1MP Rear Camera | 2500 mAh Battery | One Year manufacturer Warranty,21
HOTLINE CLASSIC ULTRA,₹474,₹999,52% off,3.4,"1,508 Ratings & 64 Reviews",32 MB RAM | 32 MB ROM | Expandable Upto 16 GB | 4.57 cm (1.8 inch) NA Display | 1.3MP + 0MP | 0MP Front Camera | 1100 mAh Battery | NA Processor | 3 Months Domestic warranty,21
"OPPO Reno14 5G (Pearl White, 256 GB)","₹44,999",,,4.5,"3,920 Ratings & 359 Reviews",12 GB RAM | 256 GB ROM | 16.74 cm (6.59 inch) Display | 50MP + 8MP + 50MP | 50MP Front Camera | 6000 mAh Battery | Dimensity 8350 Processor | 1 Year Manufacturer Warranty for Device and 6 Months Manufacturer Warranty for Inbox Accessories,21
"OPPO Reno14 5G (Forest Green, 256 GB)","₹44,999",,,4.5,"3,920 Ratings & 359 Reviews",12 GB RAM | 256 GB ROM | 16.74 cm (6.59 inch) Display | 50MP + 8MP + 50MP | 50MP Front Camera | 6000 mAh Battery | Dimensity 8350 Processor | 1 Year Manufacturer Warranty for Device and 6 Months Manufacturer Warranty for Inbox Accessories,21
"OPPO Reno14 5G (Pearl White, 512 GB)","₹47,999",,,4.5,"3,920 Ratings & 359 Reviews",12 GB RAM | 512 GB ROM | 16.74 cm (6.59 inch) Display | 50MP + 8MP + 50MP | 50MP Front Camera | 6000 mAh Battery | Dimensity 8350 Processor | 1 Year Manufacturer Warranty for Device and 6 Months Manufacturer Warranty for Inbox Accessories,21
"Samsung Galaxy A17 5G (Blue, 128 GB)","₹19,700","₹24,499",19% off,4.3,962 Ratings & 71 Reviews,8 GB RAM | 128 GB ROM | Expandable Upto 2 TB | 17.02 cm (6.7 inch) Full HD+ Display | 50MP + 5MP + 2MP | 13MP Front Camera | 5000 mAh Battery | Samsung Exynos 1330 Processor | 1 Year Manufacturer Warranty for Device and 6 Months for In-Box Accessories,21
"Samsung Galaxy S25 FE 5G (Jetblack, 256 GB)","₹50,999","₹65,999",22% off,4.5,383 Ratings & 32 Reviews,8 GB RAM | 256 GB ROM | 17.02 cm (6.7 inch) Full HD+ Display | 50MP + 12MP + 8MP | 12MP Front Camera | 4900 mAh Li-ion Battery | Exynos 2400 Processor | 1 Year Manufacturer Warranty for Device and 6 Months for In-Box Accessories,21
"REDMI Note 15 Pro + 5G (Carbon Black, 256 GB)","₹37,905","₹40,999",7% off,4.4,40 Ratings & 5 Reviews,8 GB RAM | 256 GB ROM | 17.35 cm (6.83 inch) Display | 200MP Rear Camera | 6500 mAh Battery | 12 Months Brand Warranty,21
"Samsung Galaxy A35 5G (Awesome Navy, 128 GB)","₹30,999","₹33,999",8% off,4.4,"77,238 Ratings & 4,996 Reviews",8 GB RAM | 128 GB ROM | Expandable Upto 1 TB | 16.76 cm (6.6 inch) Full HD+ Display | 50MP + 8MP + 5MP | 13MP Front Camera | 5000 mAh Battery | Samsung Exynos 1380 Processor | 1 Year Manufacturer Warranty for Device and 6 Months for In-Box Accessories,21
"Infinix GT 30 Pro 5G+ (Dark Flare, 256 GB)","₹29,999","₹34,999",14% off,4.3,"1,230 Ratings & 98 Reviews",12 GB RAM | 256 GB ROM | 17.22 cm (6.78 inch) Display | 108MP + 8MP | 13MP Front Camera | 5500 mAh Battery | Dimensity 8350 Ultimate Processor | 1 Year Warranty for Handset and 6 Months Warranty for Accessories,21
"Infinix GT 30 Pro 5G+ (Blade White, 256 GB)","₹27,999","₹31,999",12% off,4.3,"2,341 Ratings & 179 Reviews",8 GB RAM | 256 GB ROM | 17.22 cm (6.78 inch) Display | 108MP + 8MP | 13MP Front Camera | 5500 mAh Battery | Dimensity 8350 Ultimate Processor | 1 Year Warranty for Handset and 6 Months Warranty for Accessories,21
"Infinix GT 30 Pro 5G+ (Dark Flare, 256 GB)","₹27,999","₹31,999",12% off,4.3,"2,341 Ratings & 179 Reviews",8 GB RAM | 256 GB ROM | 17.22 cm (6.78 inch) Display | 108MP + 8MP | 13MP Front Camera | 5500 mAh Battery | Dimensity 8350 Ultimate Processor | 1 Year Warranty for Handset and 6 Months Warranty for Accessories,21
itel Muzik 450,"₹1,899","₹1,999",5% off,4,69 Ratings & 5 Reviews,4 MB RAM | 4 MB ROM | Expandable Upto 32 GB | 6.1 cm (2.4 inch) QVGA Display | 0.3MP Rear Camera | 3000 mAh Battery | 13 months manufacturer warranty,21
KARBONN K9,"₹1,295","₹1,890",31% off,4.1,"9,562 Ratings & 737 Reviews",6.6 cm (2.6 inch) QVGA Display | 2MP Rear Camera | 1800 mAh Battery | 1 Year Manufacturer Warranty,21
"vivo Y31 5G (Rose Red, 128 GB)","₹19,999",,,4.4,519 Ratings & 18 Reviews,4 GB RAM | 128 GB ROM | 16.97 cm (6.68 inch) Full HD+ Display | 50MP + 0.08MP | 8MP Front Camera | 6500 mAh Battery | 4 Gen 2 Processor | 1 Year Warranty,21
"Samsung Galaxy F36 5G (Black, 128 GB)","₹21,999","₹22,999",4% off,4.3,"10,639 Ratings & 702 Reviews",6 GB RAM | 128 GB ROM | Expandable Upto 2 TB | 17.02 cm (6.7 inch) Full HD+ Display | 50MP + 8MP + 2MP | 13MP Front Camera | 5000 mAh Battery | Samsung Exynos 1380 Processor | 1 Year Manufacturer Warranty for Device and 6 Months for In-Box Accessories,22
"vivo T5 Pro 5G (Cosmic Black, 256 GB)","₹33,999","₹61,999",45% off,4.4,"1,043 Ratings & 133 Reviews",8 GB RAM | 256 GB ROM | 17.35 cm (6.83 inch) Full HD+ AMOLED Display | 50MP + 2MP | 32MP Front Camera | 9020 mAh Battery | Snapdragon 7s Gen 4 Processor | 1 Year Warranty,22
"realme P4 Power 5G (TransSilver, 128 GB)","₹27,999","₹32,999",15% off,4.5,"3,759 Ratings & 340 Reviews",8 GB RAM | 128 GB ROM | 17.27 cm (6.8 inch) Full HD+ AMOLED Display | 50MP + 8MP | Yes | 10001 mAh Battery | Dimensity 7400 Ultra Processor | 1 Year Manufacturer Warranty for Device and 6 Months Manufacturer Warranty for Inbox Accessories,22
"vivo T5x 5G (Cyber Green, 128 GB)","₹22,999","₹28,999",20% off,4.4,"5,072 Ratings & 344 Reviews",6 GB RAM | 128 GB ROM | 17.17 cm (6.76 inch) Display | 50MP + 2MP | 32MP Front Camera | 7200 mAh Li-ion Battery | Dimensity 7400-Turbo Processor | 1 Year Manufacturer Warranty for Device and 6 Months Manufacturer Warranty for Inbox Accessories,22
"realme GT 7T (IceSense Black, 512 GB)","₹35,999","₹46,999",23% off,4.4,627 Ratings & 58 Reviews,12 GB RAM | 512 GB ROM | 17.27 cm (6.8 inch) Full HD+ AMOLED Display | 50MP + 8MP | 32MP Front Camera | 7000 mAh Li-ion Battery | Dimensity 8400-MAX Processor | standard 1-year warranty for the device  and a 6-month warranty for accessories,22
"OPPO Reno14 5G (Pearl White, 512 GB)","₹47,999",,,4.5,"3,920 Ratings & 359 Reviews",12 GB RAM | 512 GB ROM | 16.74 cm (6.59 inch) Display | 50MP + 8MP + 50MP | 50MP Front Camera | 6000 mAh Battery | Dimensity 8350 Processor | 1 Year Manufacturer Warranty for Device and 6 Months Manufacturer Warranty for Inbox Accessories,22
"OPPO Reno14 5G (Pearl White, 256 GB)","₹44,999",,,4.5,"3,920 Ratings & 359 Reviews",12 GB RAM | 256 GB ROM | 16.74 cm (6.59 inch) Display | 50MP + 8MP + 50MP | 50MP Front Camera | 6000 mAh Battery | Dimensity 8350 Processor | 1 Year Manufacturer Warranty for Device and 6 Months Manufacturer Warranty for Inbox Accessories,22
Kechaoda K28,"₹1,249","₹1,999",37% off,4,"5,445 Ratings & 392 Reviews",32 MB RAM | 64 MB ROM | Expandable Upto 16 GB | 6.1 cm (2.4 inch) QVGA Display | 0.3MP Rear Camera | 1700 mAh Battery | 3 Months Company Warranty,22
"vivo Y31 5G (Rose Red, 128 GB)","₹19,999",,,4.4,519 Ratings & 18 Reviews,4 GB RAM | 128 GB ROM | 16.97 cm (6.68 inch) Full HD+ Display | 50MP + 0.08MP | 8MP Front Camera | 6500 mAh Battery | 4 Gen 2 Processor | 1 Year Warranty,22
"OPPO K13 Turbo Pro 5G (Purple Phantom, 256 GB)","₹33,999","₹44,999",24% off,4.4,473 Ratings & 39 Reviews,12 GB RAM | 256 GB ROM | 17.27 cm (6.8 inch) Full HD+ Display | 50MP + 2MP | 16MP Front Camera | 7000 mAh Battery | 8s Gen 4 Mobile Platform Processor | 1 Year Manufacturer Warranty for Device and 6 Months Manufacturer Warranty for Inbox Accessories,22
HOTLINE CLASSIC ULTRA,₹499,₹999,50% off,3.4,"1,508 Ratings & 64 Reviews",32 MB RAM | 32 MB ROM | Expandable Upto 16 GB | 4.57 cm (1.8 inch) NA Display | 1.3MP + 0MP | 0MP Front Camera | 1100 mAh Battery | NA Processor | 3 Months Domestic warranty,22
"POCO M7 Plus 5G (Chrome Silver, 128 GB)","₹15,499","₹15,999",3% off,4,"2,609 Ratings & 204 Reviews",4 GB RAM | 128 GB ROM | Expandable Upto 2 TB | 17.53 cm (6.9 inch) Display | 50MP Rear Camera | 7000 mAh Battery | Snapdragon 6s Gen 3 5G Processor | 1 Year Manufacturer Warranty for Phone and 6 Months Warranty for In the Box Accessories,22
"REDMI Note 15 Pro + 5G (Carbon Black, 256 GB)","₹37,905","₹40,999",7% off,4.4,40 Ratings & 5 Reviews,8 GB RAM | 256 GB ROM | 17.35 cm (6.83 inch) Display | 200MP Rear Camera | 6500 mAh Battery | 12 Months Brand Warranty,22
Snexian ROCK X,"₹1,749","₹2,999",41% off,3.7,"2,973 Ratings & 134 Reviews",32 MB RAM | 32 MB ROM | Expandable Upto 16 GB | 4.57 cm (1.8 inch) Quarter QVGA Display | 0.3MP Rear Camera | 3000 mAh Battery | 3 Months Domestic Warranty,22
"Samsung Galaxy M17e (Blitz Blue, 128 GB)","₹13,676","₹18,999",28% off,3.9,19 Ratings & 1 Reviews,4 GB RAM | 128 GB ROM | Expandable Upto 128 GB | 17.02 cm (6.7 inch) Full HD+ Display | 50MP Rear Camera | 2MP Front Camera | 6000 mAh Battery | MediaTek Dimensity Processor | 1-year manufacturer warranty for the device and 6 months for in-box accessories.,22
"realme P3 Ultra 5G (Orion Red, 128 GB)","₹24,999","₹31,999",21% off,4.4,"20,384 Ratings & 1,997 Reviews",8 GB RAM | 128 GB ROM | 17.35 cm (6.83 inch) Display | 50MP + 8MP | 16MP Front Camera | 6000 mAh Battery | Dimensity 8350 Ultra Processor | 1 Year Manufacturer Warranty for Device and 6 Months Manufacturer Warranty for Inbox Accessories,22
"Infinix GT 30 Pro 5G+ (Dark Flare, 256 GB)","₹29,999","₹34,999",14% off,4.3,"1,230 Ratings & 98 Reviews",12 GB RAM | 256 GB ROM | 17.22 cm (6.78 inch) Display | 108MP + 8MP | 13MP Front Camera | 5500 mAh Battery | Dimensity 8350 Ultimate Processor | 1 Year Warranty for Handset and 6 Months Warranty for Accessories,22
"realme P4 Power 5G (TransSilver, 256 GB)","₹32,999","₹37,999",13% off,4.4,"1,047 Ratings & 134 Reviews",12 GB RAM | 256 GB ROM | 17.27 cm (6.8 inch) Full HD+ AMOLED Display | 50MP + 8MP | Yes | 10001 mAh Battery | Dimensity 7400 Ultra Processor | 1 Year Manufacturer Warranty for Device and 6 Months Manufacturer Warranty for Inbox Accessories,22
"Google Pixel 10a (Lavender, 256 GB)","₹49,999",,,4.4,709 Ratings & 78 Reviews,8 GB RAM | 256 GB ROM | 16.0 cm (6.3 inch) Full HD+ AMOLED Display | 48MP + 13MP | 13MP Front Camera | 5100 mAh Lithium Battery | Tensor G4 Processor | 1 year domestic warranty,22
"Infinix NOTE 60 Pro (Deep Ocean Blue, 128 GB)","₹31,999","₹39,999",20% off,4.4,301 Ratings & 57 Reviews,8 GB RAM | 128 GB ROM | 17.22 cm (6.78 inch) Full HD+ AMOLED Display | 50MP + 8MP | 13MP Front Camera | 6500 mAh Battery | Snapdragon 7s Gen 4 Processor | 1 year for Handset 6 months for Accessories,22
"Infinix NOTE 60 Pro (Mocha Brown, 128 GB)","₹31,999","₹39,999",20% off,4.4,301 Ratings & 57 Reviews,8 GB RAM | 128 GB ROM | 17.22 cm (6.78 inch) Full HD+ AMOLED Display | 50MP + 8MP | 13MP Front Camera | 6500 mAh Battery | Snapdragon 7s Gen 4 Processor | 1 year for Handset 6 months for Accessories,22
"Infinix NOTE 60 Pro (Solar Orange, 128 GB)","₹31,999","₹39,999",20% off,4.4,301 Ratings & 57 Reviews,8 GB RAM | 128 GB ROM | 17.22 cm (6.78 inch) Full HD+ AMOLED Display | 50MP + 8MP | 13MP Front Camera | 6500 mAh Battery | Snapdragon 7s Gen 4 Processor | 1 year for Handset 6 months for Accessories,22
"realme GT 7T (IceSense Blue, 256 GB)","₹33,499","₹42,999",22% off,4.4,627 Ratings & 58 Reviews,12 GB RAM | 256 GB ROM | 17.27 cm (6.8 inch) Full HD+ AMOLED Display | 50MP + 8MP | 32MP Front Camera | 7000 mAh Li-ion Battery | Dimensity 8400-MAX Processor | standard 1-year warranty for the device  and a 6-month warranty for accessories,22
Kechaoda A27,₹899,"₹1,499",40% off,4,"16,828 Ratings & 888 Reviews",32 MB RAM | 32 MB ROM | Expandable Upto 16 GB | 1.68 cm (0.66 inch) QVGA Display | 0MP | 0MP Front Camera | 800 mAh Battery | NA Processor | 3 Months Company Warranty,22
Jio JioBharat V4 4G,₹776,"₹1,799",56% off,3.8,"6,088 Ratings & 389 Reviews",20 MB RAM | 36 MB ROM | 4.5 cm (1.77 inch) Display | 0.3MP Rear Camera | 1000 mAh Battery | 1 Year Manufacturer Warranty,23
"IQOO 15 5G (Legend, 512 GB)","₹78,490","₹83,999",6% off,4.5,74 Ratings & 7 Reviews,16 GB RAM | 512 GB ROM | 17.4 cm (6.85 inch) Display | 50MP Rear Camera | 7000 mAh Battery | 1 year manufacturer warranty for device and 6 months manufacturer warranty for in-box accessories including batteries from the date of purchase,23
"realme P4 Power 5G (TransSilver, 128 GB)","₹27,999","₹32,999",15% off,4.5,"3,759 Ratings & 340 Reviews",8 GB RAM | 128 GB ROM | 17.27 cm (6.8 inch) Full HD+ AMOLED Display | 50MP + 8MP | Yes | 10001 mAh Battery | Dimensity 7400 Ultra Processor | 1 Year Manufacturer Warranty for Device and 6 Months Manufacturer Warranty for Inbox Accessories,23
"vivo T5x 5G (Cyber Green, 128 GB)","₹22,999","₹28,999",20% off,4.4,"5,072 Ratings & 344 Reviews",6 GB RAM | 128 GB ROM | 17.17 cm (6.76 inch) Display | 50MP + 2MP | 32MP Front Camera | 7200 mAh Li-ion Battery | Dimensity 7400-Turbo Processor | 1 Year Manufacturer Warranty for Device and 6 Months Manufacturer Warranty for Inbox Accessories,23
"REDMI Note 15 5G (Black, 256 GB)","₹25,946","₹28,999",10% off,4.3,467 Ratings & 20 Reviews,8 GB RAM | 256 GB ROM | 17.2 cm (6.77 inch) Display | 108MP Rear Camera | 5520 mAh Battery | 12 Months Brand Warranty,23
"Nokia 235 4G Dual SIM Keypad Phone, Scan & Pay UPI, USB Type C,","₹4,139","₹4,999",17% off,3.6,865 Ratings & 54 Reviews,64 MB RAM | 128 MB ROM | 7.11 cm (2.8 inch) Display | 2MP Rear Camera | 1450 mAh Battery | 1YR BRAND WARRANTY ON HANDSET & 6 MONTHS WARRANTY ON ACCESSORIES,23
"Ai+ Pulse 2 (Purple, 128 GB)","₹9,999","₹11,999",16% off,3.9,"1,566 Ratings & 117 Reviews",6 GB RAM | 128 GB ROM | Expandable Upto 1 TB | 17.13 cm (6.745 inch) HD+ Display | 50MP Rear Camera | 8MP Front Camera | 6000 mAh Battery | T7250 Processor | 1 Year Warranty on Handset and 6 Months Warranty on the Inbox Accessories,23
Micromax X1i Smart Plus,₹979,"₹2,099",53% off,3.6,402 Ratings & 25 Reviews,32 MB RAM | 32 MB ROM | 6.1 cm (2.4 inch) Display | 0.08MP Rear Camera | 1750 mAh Battery | 1 Year,23
GFive A1-C,₹549,₹999,45% off,3.7,742 Ratings & 38 Reviews,32 MB RAM | 32 MB ROM | 4.57 cm (1.8 inch) Display | 0.3MP Rear Camera | 1000 mAh Battery | 3 Month Company Warranty.,23
"POCO M7 Pro 5G (Lunar Dust, 128 GB)","₹14,999","₹18,999",21% off,4.3,"38,223 Ratings & 2,853 Reviews",6 GB RAM | 128 GB ROM | 16.94 cm (6.67 inch) Full HD+ Display | 50MP + 2MP | 20MP Front Camera | 5110 mAh Battery | Dimensity 7025 Ultra Processor | 1 Year Manufacturer Warranty for Phone and 6 Months Warranty for In the Box Accessories,23
"OPPO K13 Turbo Pro 5G (Midnight Maverick, 256 GB)","₹33,999","₹44,999",24% off,4.4,473 Ratings & 39 Reviews,12 GB RAM | 256 GB ROM | 17.27 cm (6.8 inch) Full HD+ Display | 50MP + 2MP | 16MP Front Camera | 7000 mAh Battery | 8s Gen 4 Mobile Platform Processor | 1 Year Manufacturer Warranty for Device and 6 Months Manufacturer Warranty for Inbox Accessories,23
Kechaoda 888,"₹1,799","₹1,999",10% off,4.3,614 Ratings & 41 Reviews,64 MB RAM | 32 MB ROM | 4.57 cm (1.8 inch) Display | 3000 mAh Battery | 3 Months Company Warranty,23
"POCO M7 Plus 5G (Carbon Black, 128 GB)","₹15,499","₹15,999",3% off,4,"2,609 Ratings & 204 Reviews",4 GB RAM | 128 GB ROM | Expandable Upto 2 TB | 17.53 cm (6.9 inch) Display | 50MP Rear Camera | 7000 mAh Battery | Snapdragon 6s Gen 3 5G Processor | 1 Year Manufacturer Warranty for Phone and 6 Months Warranty for In the Box Accessories,23
"Samsung Galaxy M17e (Vibe Violet, 128 GB)","₹13,649","₹14,990",8% off,3.9,19 Ratings & 1 Reviews,4 GB RAM | 128 GB ROM | Expandable Upto 128 GB | 17.02 cm (6.7 inch) Full HD+ Display | 50MP Rear Camera | 2MP Front Camera | 6000 mAh Battery | MediaTek Dimensity Processor | 1-year manufacturer warranty for the device and 6 months for in-box accessories.,23
"realme P3 Ultra 5G (Orion Red, 256 GB)","₹28,999","₹33,999",14% off,4.4,"20,384 Ratings & 1,997 Reviews",8 GB RAM | 256 GB ROM | 17.35 cm (6.83 inch) Display | 50MP + 8MP | 16MP Front Camera | 6000 mAh Battery | Dimensity 8350 Ultra Processor | 1 Year Manufacturer Warranty for Device and 6 Months Manufacturer Warranty for Inbox Accessories,23
"realme P3 Ultra 5G (Neptune Blue, 256 GB)","₹28,999","₹33,999",14% off,4.4,"20,384 Ratings & 1,997 Reviews",8 GB RAM | 256 GB ROM | 17.35 cm (6.83 inch) Display | 50MP + 8MP | 16MP Front Camera | 6000 mAh Battery | Dimensity 8350 Ultra Processor | 1 Year Manufacturer Warranty for Device and 6 Months Manufacturer Warranty for Inbox Accessories,23
"IQOO Z10 Lite 5G (Titanium Blue, 128 GB)","₹15,885","₹16,999",6% off,4.2,"3,039 Ratings & 130 Reviews",4 GB RAM | 128 GB ROM | 17.12 cm (6.74 inch) Display | 50MP Rear Camera | 6000 mAh Battery | 1 Year Warranty,23
Snexian ROCK X,"₹1,799","₹2,999",40% off,3.7,"2,973 Ratings & 134 Reviews",32 MB RAM | 32 MB ROM | Expandable Upto 16 GB | 4.57 cm (1.8 inch) Quarter QVGA Display | 0.3MP Rear Camera | 3000 mAh Battery | 3 Months Domestic Warranty,23
Snexian ROCK X,"₹1,799","₹2,999",40% off,3.7,"2,973 Ratings & 134 Reviews",32 MB RAM | 32 MB ROM | Expandable Upto 16 GB | 4.57 cm (1.8 inch) Quarter QVGA Display | 0.3MP Rear Camera | 3000 mAh Battery | 3 Months Domestic Warranty,23
"realme P3 Ultra 5G (Glowing Lunar White, 256 GB)","₹28,999","₹33,999",14% off,4.4,"20,384 Ratings & 1,997 Reviews",8 GB RAM | 256 GB ROM | 17.35 cm (6.83 inch) Display | 50MP + 8MP | 16MP Front Camera | 6000 mAh Battery | Dimensity 8350 Ultra Processor | 1 Year Manufacturer Warranty for Device and 6 Months Manufacturer Warranty for Inbox Accessories,23
MTR M150,₹700,"₹1,599",56% off,4.1,20 Ratings & 2 Reviews,32 MB RAM | 32 MB ROM | 4.5 cm (1.77 inch) Display | 0.3MP Rear Camera | 1100 mAh Battery | 1 year(domestic),23
"Infinix NOTE 60 Pro (Deep Ocean Blue, 256 GB)","₹34,999","₹44,999",22% off,4.4,301 Ratings & 57 Reviews,8 GB RAM | 256 GB ROM | 17.22 cm (6.78 inch) Full HD+ AMOLED Display | 50MP + 8MP | 13MP Front Camera | 6500 mAh Battery | Snapdragon 7s Gen 4 Processor | 1 year for Handset 6 months for Accessories,23
"OnePlus 15R 5G (Charcoal Black, 256 GB)","₹53,400","₹54,999",2% off,4.6,"1,193 Ratings & 80 Reviews",12 GB RAM | 256 GB ROM | 17.35 cm (6.83 inch) Display | 50MP Rear Camera | 7400 mAh Battery | 1 year manufacturer warranty for device and 6 months manufacturer warranty for in-box accessories including batteries from the date of purchase,23
"realme 15 Pro 5G (Velvet Green, 256 GB)","₹28,999","₹37,999",23% off,4.3,"9,165 Ratings & 815 Reviews",8 GB RAM | 256 GB ROM | 17.27 cm (6.8 inch) Display | 50MP + 50MP | 50MP Front Camera | 7000 mAh Battery | Snapdragon 7 Gen 4 Processor | 1 Year Manufacturer Warranty for Device and 6 Months Manufacturer Warranty for Inbox Accessories,23
MTR M150,₹700,"₹1,599",56% off,4.1,20 Ratings & 2 Reviews,32 MB RAM | 32 MB ROM | 4.5 cm (1.77 inch) Display | 0.3MP Rear Camera | 1100 mAh Battery | 1 year(domestic),24
Jmax LUNA,₹777,"₹1,299",40% off,3.8,13 Ratings & 0 Reviews,32 MB RAM | 32 MB ROM | 1.68 cm (0.66 inch) Display | 800 mAh Battery | 3 Months Service Center Warranty,24
"OPPO A6 x 4G (Olive Green, 64 GB)","₹12,999",,,4,53 Ratings & 0 Reviews,4 GB RAM | 64 GB ROM | 17.14 cm (6.75 inch) HD+ Display | 13MP Rear Camera | 5MP Front Camera | 6500 mAh Battery | 685 Processor | 1 Year Manufacturer Warranty for Device and 6 Months Manufacturer Warranty for Inbox Accessories,24
"OPPO A6 x 4G (Ice Blue, 64 GB)","₹12,999",,,4,53 Ratings & 0 Reviews,4 GB RAM | 64 GB ROM | 17.14 cm (6.75 inch) HD+ Display | 13MP Rear Camera | 5MP Front Camera | 6500 mAh Battery | 685 Processor | 1 Year Manufacturer Warranty for Device and 6 Months Manufacturer Warranty for Inbox Accessories,24
"vivo T5x 5G (Cyber Green, 128 GB)","₹22,999","₹28,999",20% off,4.4,"5,072 Ratings & 344 Reviews",6 GB RAM | 128 GB ROM | 17.17 cm (6.76 inch) Display | 50MP + 2MP | 32MP Front Camera | 7200 mAh Li-ion Battery | Dimensity 7400-Turbo Processor | 1 Year Manufacturer Warranty for Device and 6 Months Manufacturer Warranty for Inbox Accessories,24
"Samsung Galaxy A06 5G (Light Green, 64 GB)","₹12,299","₹16,999",27% off,4.2,"3,393 Ratings & 218 Reviews",4 GB RAM | 64 GB ROM | 17.02 cm (6.7 inch) HD+ Display | 50MP + 2MP | 8MP Front Camera | 5000 mAh Li-ion Battery | Dimensity 6300 Processor | 1 Year Manufacturer Warranty for Device and 6 Months for In-Box Accessories,24
"POCO M7 Plus 5G (Aqua Blue, 128 GB)","₹15,499","₹15,999",3% off,4,"2,609 Ratings & 204 Reviews",4 GB RAM | 128 GB ROM | Expandable Upto 2 TB | 17.53 cm (6.9 inch) Display | 50MP Rear Camera | 7000 mAh Battery | Snapdragon 6s Gen 3 5G Processor | 1 Year Manufacturer Warranty for Phone and 6 Months Warranty for In the Box Accessories,24
"realme P4 Power 5G (TransOrange, 256 GB)","₹29,999","₹34,999",14% off,4.5,"3,759 Ratings & 340 Reviews",8 GB RAM | 256 GB ROM | 17.27 cm (6.8 inch) Full HD+ AMOLED Display | 50MP + 8MP | Yes | 10001 mAh Battery | Dimensity 7400 Ultra Processor | 1 Year Manufacturer Warranty for Device and 6 Months Manufacturer Warranty for Inbox Accessories,24
"OnePlus 13s 5G (Black Velvet, 512 GB)","₹52,683","₹62,999",16% off,4.6,"1,750 Ratings & 132 Reviews",12 GB RAM | 512 GB ROM | 16.05 cm (6.32 inch) Display | 50MP Rear Camera | 5850 mAh Battery | 1 Year Warranty,24
LAVA A3 King,"₹1,229","₹1,549",20% off,4.2,"30,700 Ratings & 2,910 Reviews",4 MB RAM | 32 MB ROM | Expandable Upto 32 GB | 4.5 cm (1.77 inch) Display | 0.3MP Front Camera | 1750 mAh Battery | 1 year manufacturer Replacement for device and 6 months manufacturer warranty for in-box accessories including batteries from the date of purchase,24
PHILIPS All New E2221 Sleek & Stylish Keypad Mobile,"₹1,499","₹1,799",16% off,4,73 Ratings & 3 Reviews,32 MB RAM | 32 MB ROM | 6.1 cm (2.4 inch) Display | 1MP Rear Camera | 2500 mAh Battery | One Year manufacturer Warranty,24
"OPPO K13 Turbo 5G (White Knight, 128 GB)","₹27,999","₹33,999",17% off,4.4,"7,999 Ratings & 568 Reviews",8 GB RAM | 128 GB ROM | 17.27 cm (6.8 inch) Full HD+ Display | 50MP + 2MP | 16MP Front Camera | 7000 mAh Battery | Dimensity 8450 Processor | 1 Year Manufacturer Warranty for Device and 6 Months Manufacturer Warranty for Inbox Accessories,24
Kechaoda K28,"₹1,249","₹1,999",37% off,4,"5,445 Ratings & 392 Reviews",32 MB RAM | 64 MB ROM | Expandable Upto 16 GB | 6.1 cm (2.4 inch) QVGA Display | 0.3MP Rear Camera | 1700 mAh Battery | 3 Months Company Warranty,24
KARBONN 2500mAh Battery|Type C Cable|MemoryCardSupport upto 32GB,"₹1,740","₹1,990",12% off,3.8,453 Ratings & 34 Reviews,70 MB RAM | 65 MB ROM | Expandable Upto 32 GB | 7.11 cm (2.8 inch) FWVGA Display | 1MP Rear Camera | 2500 mAh Battery | NA Processor | 12 month Service Warranty Handset and 6 month Accessories,24
"POCO M7 Plus 5G (Carbon Black, 128 GB)","₹15,499","₹15,999",3% off,4,"2,609 Ratings & 204 Reviews",4 GB RAM | 128 GB ROM | Expandable Upto 2 TB | 17.53 cm (6.9 inch) Display | 50MP Rear Camera | 7000 mAh Battery | Snapdragon 6s Gen 3 5G Processor | 1 Year Manufacturer Warranty for Phone and 6 Months Warranty for In the Box Accessories,24
HOTLINE H312,₹500,₹999,49% off,3.5,"3,424 Ratings & 200 Reviews",32 MB RAM | 32 MB ROM | 4.57 cm (1.8 inch) Display | 0.3MP Rear Camera | 1000 mAh Battery | The Hotline Mobiles has 3 Months Manufacture’s Warranty & after Warranty period we would like to help our customers with the best possible service under low expenses,24
Kechaoda 888_black,"₹1,799","₹1,999",10% off,4.2,312 Ratings & 16 Reviews,32 MB RAM | 32 MB ROM | Expandable Upto 32 MB | 4.57 cm (1.8 inch) NA Display | 0.3MP + 0MP | 0MP Front Camera | 3000 mAh Battery | NA Processor | 3 Months Company Warranty,24
"realme GT 7T (IceSense Black, 256 GB)","₹33,499","₹42,999",22% off,4.4,627 Ratings & 58 Reviews,12 GB RAM | 256 GB ROM | 17.27 cm (6.8 inch) Full HD+ AMOLED Display | 50MP + 8MP | 32MP Front Camera | 7000 mAh Li-ion Battery | Dimensity 8400-MAX Processor | standard 1-year warranty for the device  and a 6-month warranty for accessories,24
"MOTOROLA Signature (PANTONE Martini Olive, 1 TB)","₹67,499","₹84,999",20% off,4.4,484 Ratings & 82 Reviews,16 GB RAM | 1 TB ROM | 17.27 cm (6.8 inch) Super HD Display | 50MP + 50MP + 50MP | 50MP Front Camera | 5200 mAh Battery | Snapdragon 8 Gen 5 Processor | 1 Year Warranty on Handset and 6 Months Warranty on Accessories,24
"OPPO Reno15c 5G (Afterglow Pink, 256 GB)","₹44,999","₹46,999",4% off,4.4,148 Ratings & 16 Reviews,12 GB RAM | 256 GB ROM | 16.69 cm (6.57 inch) Full HD+ Display | 50MP + 8MP + 2MP | Yes | 7000 mAh Battery | 6 Gen 1 Processor | 1 Year Manufacturer Warranty for Device and 6 Months Manufacturer Warranty for Inbox Accessories,24
"IQOO 15 5G (Alpha, 512 GB)","₹78,499","₹83,999",6% off,4.5,74 Ratings & 7 Reviews,16 GB RAM | 512 GB ROM | 17.4 cm (6.85 inch) Display | 50MP Rear Camera | 7000 mAh Battery | 1 year manufacturer warranty for device and 6 months manufacturer warranty for in-box accessories including batteries from the date of purchase,24
"MOTOROLA Edge 70 (PANTONE Bronze Green, 256 GB)","₹27,999","₹34,999",20% off,4.4,"3,105 Ratings & 284 Reviews",8 GB RAM | 256 GB ROM | 17.02 cm (6.7 inch) Display | 50MP + 50MP | 50MP Front Camera | 5000 mAh Battery | Snapdragon® 7 Gen 4 Processor | 1 Year Warranty on Handset and 6 Months Warranty on Accessories,24
"Samsung Galaxy A17 5G (Black, 256 GB)","₹25,480","₹27,499",7% off,4.3,962 Ratings & 71 Reviews,8 GB RAM | 256 GB ROM | Expandable Upto 2 TB | 17.02 cm (6.7 inch) Full HD+ Display | 50MP + 5MP + 2MP | 13MP Front Camera | 5000 mAh Battery | Samsung Exynos 1330 Processor | 1 Year Manufacturer Warranty for Device and 6 Months for In-Box Accessories,24
"Samsung Galaxy F70e 5G (Spotlight Blue, 128 GB)","₹15,499","₹16,999",8% off,4.2,"1,046 Ratings & 103 Reviews",4 GB RAM | 128 GB ROM | Expandable Upto 2 TB | 17.12 cm (6.74 inch) HD+ Display | 50MP + 2MP | 8MP Front Camera | 6000 mAh Li-ion Battery | Dimensity 6300 Processor | 1 Year Manufacturer Warranty for Device and 6 Months for In-Box Accessories,24
"realme P4 Power 5G (TransSilver, 128 GB)","₹27,999","₹32,999",15% off,4.5,"3,759 Ratings & 340 Reviews",8 GB RAM | 128 GB ROM | 17.27 cm (6.8 inch) Full HD+ AMOLED Display | 50MP + 8MP | Yes | 10001 mAh Battery | Dimensity 7400 Ultra Processor | 1 Year Manufacturer Warranty for Device and 6 Months Manufacturer Warranty for Inbox Accessories,25
"vivo T5x 5G (Cyber Green, 128 GB)","₹22,999","₹28,999",20% off,4.4,"5,072 Ratings & 344 Reviews",6 GB RAM | 128 GB ROM | 17.17 cm (6.76 inch) Display | 50MP + 2MP | 32MP Front Camera | 7200 mAh Li-ion Battery | Dimensity 7400-Turbo Processor | 1 Year Manufacturer Warranty for Device and 6 Months Manufacturer Warranty for Inbox Accessories,25
"Samsung Galaxy A17 5G (Black, 256 GB)","₹25,480","₹27,499",7% off,4.3,962 Ratings & 71 Reviews,8 GB RAM | 256 GB ROM | Expandable Upto 2 TB | 17.02 cm (6.7 inch) Full HD+ Display | 50MP + 5MP + 2MP | 13MP Front Camera | 5000 mAh Battery | Samsung Exynos 1330 Processor | 1 Year Manufacturer Warranty for Device and 6 Months for In-Box Accessories,25
"Samsung Galaxy A17 5G (Black, 128 GB)","₹19,999","₹23,499",14% off,4.3,962 Ratings & 71 Reviews,8 GB RAM | 128 GB ROM | Expandable Upto 2 TB | 17.02 cm (6.7 inch) Full HD+ Display | 50MP + 5MP + 2MP | 13MP Front Camera | 5000 mAh Battery | Samsung Exynos 1330 Processor | 1 Year Manufacturer Warranty for Device and 6 Months for In-Box Accessories,25
"Nothing Phone (4a) Pro (Silver, 256 GB)","₹50,999","₹55,999",8% off,4.6,771 Ratings & 101 Reviews,12 GB RAM | 256 GB ROM | 17.35 cm (6.83 inch) Full HD+ AMOLED Display | 50MP + 50MP + 8MP | 32MP Front Camera | 5400 mAh Lithium ion Battery | Snapdragon 7 Gen 4 Processor | 1 Year Manufacturing Warranty,25
"Samsung Galaxy F70e 5G (Spotlight Blue, 128 GB)","₹15,499","₹16,999",8% off,4.2,"1,046 Ratings & 103 Reviews",4 GB RAM | 128 GB ROM | Expandable Upto 2 TB | 17.12 cm (6.74 inch) HD+ Display | 50MP + 2MP | 8MP Front Camera | 6000 mAh Li-ion Battery | Dimensity 6300 Processor | 1 Year Manufacturer Warranty for Device and 6 Months for In-Box Accessories,25
"Nothing Phone (4a) Pro (Black, 256 GB)","₹50,999","₹55,999",8% off,4.6,771 Ratings & 101 Reviews,12 GB RAM | 256 GB ROM | 17.35 cm (6.83 inch) Full HD+ AMOLED Display | 50MP + 50MP + 8MP | 32MP Front Camera | 5400 mAh Lithium ion Battery | Snapdragon 7 Gen 4 Processor | 1 Year Manufacturing Warranty,25
"Alcatel V3 Pro 5G (Metallic Grey, 256 GB)","₹13,999","₹25,999",46% off,3.8,338 Ratings & 43 Reviews,8 GB RAM | 256 GB ROM | Expandable Upto 2 TB | 16.94 cm (6.67 inch) HD+ Display | 50MP + 5MP | 8MP Front Camera | 5200 mAh Battery | Dimensity 6300 Processor | 1 Year Warranty on Handset and 6 Months Warranty on in the Box Accessories,25
"Infinix Hot 12 Pro (Racing Black, 128 GB)","₹12,999","₹15,999",18% off,4,"5,655 Ratings & 443 Reviews",8 GB RAM | 128 GB ROM | Expandable Upto 256 GB | 16.76 cm (6.6 inch) HD+ Display | 50 MP + Depth Lens | 8MP Front Camera | 5000 mAh Lithium-ion Polymer Battery | Unisoc T616 Processor | 1 Year on Handset and 6 Months on Accessories,25
"Alcatel V3 Pro 5G (Matcha Green, 256 GB)","₹13,999","₹25,999",46% off,3.8,338 Ratings & 43 Reviews,8 GB RAM | 256 GB ROM | Expandable Upto 2 TB | 16.94 cm (6.67 inch) HD+ Display | 50MP + 5MP | 8MP Front Camera | 5200 mAh Battery | Dimensity 6300 Processor | 1 Year Warranty on Handset and 6 Months Warranty on in the Box Accessories,25
"Samsung Galaxy A36 5G (Awesome Lavender, 128 GB)","₹29,738","₹35,999",17% off,4.3,"2,100 Ratings & 166 Reviews",8 GB RAM | 128 GB ROM | 17.02 cm (6.7 inch) Full HD+ Display | 50MP + 8MP | 12MP Front Camera | 5000 mAh Battery | Qualcomm Snapdragon 6 Gen 3 Processor | 1 Year Manufacturer Warranty for Device and 6 Months for In-Box Accessories,25
"MOTOROLA Signature (PANTONE Martini Olive, 256 GB)","₹57,499","₹74,999",23% off,4.4,320 Ratings & 44 Reviews,12 GB RAM | 256 GB ROM | 17.27 cm (6.8 inch) Super HD Display | 50MP + 50MP + 50MP | 50MP Front Camera | 5200 mAh Battery | Snapdragon 8 Gen 5 Processor | 1 Year Warranty on Handset and 6 Months Warranty on Accessories,25
"realme 16 Pro 5G (Pebble Grey, 256 GB)","₹38,999","₹46,999",17% off,4.4,"1,640 Ratings & 137 Reviews",8 GB RAM | 256 GB ROM | 17.22 cm (6.78 inch) Full HD+ Display | 200MP + 8MP | 50MP Front Camera | 7000 mAh Battery | Dimensity 7300 Max Processor | 1 Year Manufacturer Warranty for Phone and 6 Months Warranty for In-Box Accessories,25
"IQOO 15 5G (Alpha, 512 GB)","₹78,499","₹83,999",6% off,4.5,74 Ratings & 7 Reviews,16 GB RAM | 512 GB ROM | 17.4 cm (6.85 inch) Display | 50MP Rear Camera | 7000 mAh Battery | 1 year manufacturer warranty for device and 6 months manufacturer warranty for in-box accessories including batteries from the date of purchase,25
"Nokia 3210 4G Dual SIM Keypad Phone, Scan & Pay UPI, USB Type C","₹4,409","₹5,299",16% off,3.6,"1,229 Ratings & 79 Reviews",64 MB RAM | 128 MB ROM | 6.1 cm (2.4 inch) Display | 2MP Rear Camera | 1450 mAh Battery | 1YR BRAND WARRANTY ON HANDSET & 6 MONTHS WARRANTY ON ACCESSORIES,25
"POCO M7 Plus 5G (Aqua Blue, 128 GB)","₹16,999",,,4.3,"7,922 Ratings & 460 Reviews",6 GB RAM | 128 GB ROM | Expandable Upto 2 TB | 17.53 cm (6.9 inch) Display | 50MP AI Dual Camera | 7000 mAh Battery | Snapdragon 6s Gen 3 5G Processor | 1 Year Manufacturer Warranty for Phone and 6 Months Warranty for In the Box Accessories,25
"REDMI Note 15 5G (Mist Purple, 128 GB)","₹22,774","₹26,999",15% off,4.3,467 Ratings & 20 Reviews,8 GB RAM | 128 GB ROM | 17.2 cm (6.77 inch) Display | 108MP Rear Camera | 5520 mAh Battery | 12 Months Brand Warranty,25
"Samsung Galaxy Z Flip4 5G (Graphite, 256 GB)","₹54,499","₹1,06,999",49% off,3.9,371 Ratings & 25 Reviews,8 GB RAM | 256 GB ROM | 17.02 cm (6.7 inch) Full HD+ Display | 12MP + 12MP | 10MP Front Camera | 3700 mAh Lithium Ion Battery | Qualcomm Snapdragon 8+ Gen 1 Processor | 1 Year Manufacturer Warranty for Device and 6 Months Manufacturer Warranty for In-Box Accessories,25
"Samsung Galaxy A06 (Gold, 64 GB)","₹9,999","₹11,499",13% off,4.1,576 Ratings & 31 Reviews,4 GB RAM | 64 GB ROM | Expandable Upto 1 TB | 17.02 cm (6.7 inch) HD+ Display | 50MP + 2MP | 8MP Front Camera | 5000 mAh Battery | Mediatek Helio G85 Processor | 1 Year Manufacturer Warranty for Device and 6 Months for In-Box Accessories,25
"MOTOROLA Edge 60 Fusion 5G (PANTONE Slipstream, 128 GB)","₹22,999","₹24,999",8% off,4.4,"1,15,882 Ratings & 6,741 Reviews",8 GB RAM | 128 GB ROM | Expandable Upto 1 TB | 16.94 cm (6.67 inch) Display | 50MP + 13MP | 32MP Front Camera | 5500 mAh Battery | Dimensity 7400 Processor | 68W Charger | 1 Year Warranty on Handset and 6 Months Warranty on Accessories,25
"POCO C85x Charger in the Box (Elite Black, 64 GB)","₹11,999","₹20,999",42% off,4,850 Ratings & 49 Reviews,4 GB RAM | 64 GB ROM | Expandable Upto 2 TB | 17.53 cm (6.9 inch) HD+ Display | 32MP Rear Camera | 6300 mAh Lithium-Ion Polymer Battery | T8300 Processor | 1 Year Manufacturer Warranty for Phone and 6 Months Warranty for In the Box Accessories,25
"vivo X200T (Seaside Lilac, 256 GB)","₹59,999","₹79,999",25% off,4.6,"1,636 Ratings & 271 Reviews",12 GB RAM | 256 GB ROM | 16.94 cm (6.67 inch) Full HD+ AMOLED Display | 50MP + 50MP + 50MP | 32MP Front Camera | 6200 mAh Battery | Dimensity 9400+ Processor | 1 Year Warranty on Handset and 6 Months Warranty on Accessories,25
"realme Gt 7 (Icesense Black, 512 GB)","₹41,999","₹52,999",20% off,4.4,723 Ratings & 68 Reviews,"12 GB RAM | 512 GB ROM | 17.22 cm (6.78 inch) Full HD+ AMOLED Display | 50MP + 50MP + 50MP + 8MP | 32MP + 32MP Dual Front Camera | 7000 mAh Battery | Dimensity Processor | Phone, Power Adapter, SIM Tray Ejector, Phone Case, USB Cable",25
"Samsung Galaxy F56 5G (Green, 128 GB)","₹22,995","₹33,999",32% off,4.4,346 Ratings & 20 Reviews,8 GB RAM | 128 GB ROM | 17.02 cm (6.7 inch) Full HD+ Display | 50MP + 8MP + 2MP | 12MP Front Camera | 5000 mAh Battery | Exynos 1480 Processor | 1 Year Manufacturer Warranty for Device and 6 Months for In-Box Accessories,25
"realme P4 Power 5G (TransSilver, 128 GB)","₹27,999","₹32,999",15% off,4.5,"3,759 Ratings & 340 Reviews",8 GB RAM | 128 GB ROM | 17.27 cm (6.8 inch) Full HD+ AMOLED Display | 50MP + 8MP | Yes | 10001 mAh Battery | Dimensity 7400 Ultra Processor | 1 Year Manufacturer Warranty for Device and 6 Months Manufacturer Warranty for Inbox Accessories,26
"vivo T5x 5G (Cyber Green, 128 GB)","₹22,999","₹28,999",20% off,4.4,"5,072 Ratings & 344 Reviews",6 GB RAM | 128 GB ROM | 17.17 cm (6.76 inch) Display | 50MP + 2MP | 32MP Front Camera | 7200 mAh Li-ion Battery | Dimensity 7400-Turbo Processor | 1 Year Manufacturer Warranty for Device and 6 Months Manufacturer Warranty for Inbox Accessories,26
"Samsung Galaxy A17 5G (Gray, 256 GB)","₹25,440","₹27,499",7% off,4.3,962 Ratings & 71 Reviews,8 GB RAM | 256 GB ROM | Expandable Upto 2 TB | 17.02 cm (6.7 inch) Full HD+ Display | 50MP + 5MP + 2MP | 13MP Front Camera | 5000 mAh Battery | Samsung Exynos 1330 Processor | 1 Year Manufacturer Warranty for Device and 6 Months for In-Box Accessories,26
"POCO C85x Charger in the Box (Elite Black, 64 GB)","₹11,999","₹20,999",42% off,4,850 Ratings & 49 Reviews,4 GB RAM | 64 GB ROM | Expandable Upto 2 TB | 17.53 cm (6.9 inch) HD+ Display | 32MP Rear Camera | 6300 mAh Lithium-Ion Polymer Battery | T8300 Processor | 1 Year Manufacturer Warranty for Phone and 6 Months Warranty for In the Box Accessories,26
"vivo X200T (Seaside Lilac, 256 GB)","₹59,999","₹79,999",25% off,4.6,"1,636 Ratings & 271 Reviews",12 GB RAM | 256 GB ROM | 16.94 cm (6.67 inch) Full HD+ AMOLED Display | 50MP + 50MP + 50MP | 32MP Front Camera | 6200 mAh Battery | Dimensity 9400+ Processor | 1 Year Warranty on Handset and 6 Months Warranty on Accessories,26
"realme Gt 7 (Icesense Black, 512 GB)","₹41,999","₹52,999",20% off,4.4,723 Ratings & 68 Reviews,"12 GB RAM | 512 GB ROM | 17.22 cm (6.78 inch) Full HD+ AMOLED Display | 50MP + 50MP + 50MP + 8MP | 32MP + 32MP Dual Front Camera | 7000 mAh Battery | Dimensity Processor | Phone, Power Adapter, SIM Tray Ejector, Phone Case, USB Cable",26
"Samsung Galaxy F56 5G (Green, 128 GB)","₹22,995","₹33,999",32% off,4.4,346 Ratings & 20 Reviews,8 GB RAM | 128 GB ROM | 17.02 cm (6.7 inch) Full HD+ Display | 50MP + 8MP + 2MP | 12MP Front Camera | 5000 mAh Battery | Exynos 1480 Processor | 1 Year Manufacturer Warranty for Device and 6 Months for In-Box Accessories,26
"Samsung Galaxy S25 Ultra 5G (Titanium Silverblue, 256 GB)","₹1,04,499","₹1,29,999",19% off,4.6,"2,548 Ratings & 272 Reviews",12 GB RAM | 256 GB ROM | 17.53 cm (6.9 inch) Quad HD+ Display | 200MP + 50MP + 50MP + 10MP | 12MP Front Camera | 5000 mAh Battery | 8 Elite for Galaxy Processor | 1 Year Manufacturer Warranty for Device and 6 Months for In-Box Accessories,26
Kechaoda A26,₹980,"₹1,599",38% off,4,"30,888 Ratings & 1,653 Reviews",32 MB RAM | 32 MB ROM | Expandable Upto 16 GB | 1.68 cm (0.66 inch) QVGA Display | 0MP | 0MP Front Camera | 800 mAh Battery | NA Processor | 1 Year DOMESTIC WARRANTY,26
"IQOO Z10 Lite 5G (Titanium Blue, 128 GB)","₹17,599","₹17,999",2% off,4.3,"4,058 Ratings & 168 Reviews",6 GB RAM | 128 GB ROM | 17.12 cm (6.74 inch) Display | 50MP Rear Camera | 6000 mAh Battery | 1 Year Warranty,26
Nokia 105 Dual Sim Keypad Phone with Built-in UPI Payments,"₹1,314","₹1,699",22% off,3.3,"7,686 Ratings & 470 Reviews",32 MB RAM | 32 MB ROM | Expandable Upto 32 MB | 4.5 cm (1.77 inch) Display | 0MP | 0MP Front Camera | 1000 mAh Battery | 1YR BRAND WARRANTY ON HANDSET & 6 MONTHS WARRANTY ON ACCESSORIES,26
Jio JioBharat V4 4G,₹785,"₹1,699",53% off,3.8,"2,490 Ratings & 186 Reviews",32 MB RAM | 32 MB ROM | 4.5 cm (1.77 inch) Display | 0.3MP Rear Camera | 1000 mAh Battery | 1 YEAR,26
"vivo V70 (Lemon Yellow, 256 GB)","₹49,999","₹50,999",1% off,4.6,"1,060 Ratings & 122 Reviews",8 GB RAM | 256 GB ROM | 16.74 cm (6.59 inches) Full HD+ AMOLED Display | 50MP + 50MP + 8MP | Yes | 6500 mAh Li-ion battery Battery | Snapdragon 7 Gen 4 Processor | 1 Year Warranty on Handset and 6 Months Warranty on Accessories,26
"Samsung Galaxy S25 FE 5G (Navy, 128 GB)","₹44,999","₹59,999",25% off,4.5,383 Ratings & 32 Reviews,8 GB RAM | 128 GB ROM | 17.02 cm (6.7 inch) Full HD+ Display | 50MP + 12MP + 8MP | 12MP Front Camera | 4900 mAh Li-ion Battery | Exynos 2400 Processor | 1 Year Manufacturer Warranty for Device and 6 Months for In-Box Accessories,26
Kechaoda A27,₹940,"₹1,599",41% off,4,"16,828 Ratings & 888 Reviews",32 MB RAM | 32 MB ROM | Expandable Upto 16 GB | 1.68 cm (0.66 inch) QVGA Display | 0MP | 0MP Front Camera | 800 mAh Battery | NA Processor | 3 Months Company Warranty,26
"Samsung Galaxy S24 Exynos 5G (Amber Yellow, 128 GB)","₹49,999","₹74,999",33% off,4.5,"6,845 Ratings & 445 Reviews",8 GB RAM | 128 GB ROM | 15.75 cm (6.2 inch) Full HD+ Display | 50MP + 10MP + 12MP | 12MP Front Camera | 4000 mAh Battery | Exynos 2400 Processor | 1 Year Manufacturer Warranty for Device and 6 Months for In-Box Accessories,26
"realme P4 Power 5G (TransSilver, 128 GB)","₹27,999","₹32,999",15% off,4.5,"3,759 Ratings & 340 Reviews",8 GB RAM | 128 GB ROM | 17.27 cm (6.8 inch) Full HD+ AMOLED Display | 50MP + 8MP | Yes | 10001 mAh Battery | Dimensity 7400 Ultra Processor | 1 Year Manufacturer Warranty for Device and 6 Months Manufacturer Warranty for Inbox Accessories,26
"vivo X200T (Seaside Lilac, 512 GB)","₹69,999","₹87,999",20% off,4.6,"1,636 Ratings & 271 Reviews",12 GB RAM | 512 GB ROM | 16.94 cm (6.67 inch) Full HD+ AMOLED Display | 50MP + 50MP + 50MP | 32MP Front Camera | 6200 mAh Battery | Dimensity 9400+ Processor | 1 Year Warranty on Handset and 6 Months Warranty on Accessories,26
Snexian ROCK 7600,₹999,"₹1,999",50% off,3.6,566 Ratings & 32 Reviews,512 MB RAM | 256 MB ROM | 4.57 cm (1.8 inch) Display | 0.3MP Rear Camera | 1000 mAh Battery | 3 months domestic warranty,26
"REDMI 15C 5G (Moonlight Blue, 128 GB)","₹19,990","₹19,999",,4.3,164 Ratings & 12 Reviews,8 GB RAM | 128 GB ROM | 17.53 cm (6.9 inch) Display | 50MP Rear Camera | 6000 mAh Battery | 1 year manufacturer warranty for device and 6 months manufacturer warranty for in-box accessories including batteries from the date of purchase,26
"realme 15 Pro 5G (Silk Purple, 256 GB)","₹30,999","₹39,999",22% off,4.4,"5,407 Ratings & 411 Reviews",12 GB RAM | 256 GB ROM | 17.27 cm (6.8 inch) Display | 50MP + 50MP | 50MP Front Camera | 7000 mAh Battery | Snapdragon 7 Gen 4 Processor | 1 Year Manufacturer Warranty for Device and 6 Months Manufacturer Warranty for Inbox Accessories,26
"realme 15 Pro 5G (Silk Purple, 256 GB)","₹28,999","₹37,999",23% off,4.3,"9,165 Ratings & 815 Reviews",8 GB RAM | 256 GB ROM | 17.27 cm (6.8 inch) Display | 50MP + 50MP | 50MP Front Camera | 7000 mAh Battery | Snapdragon 7 Gen 4 Processor | 1 Year Manufacturer Warranty for Device and 6 Months Manufacturer Warranty for Inbox Accessories,26
"REDMI A7 Pro 5G (Mist Blue, 128 GB)","₹13,934","₹16,999",18% off,3.8,50 Ratings & 8 Reviews,4 GB RAM | 128 GB ROM | Expandable Upto 128 GB | 17.53 cm (6.9 inch) Full HD+ Display | 32MP Rear Camera | 6300 mAh Battery | UNISOC T8300 octa-core processor Processor | 1 year manufacturer warranty for device and 6 months manufacturer warranty for in-box accessories including batteries from the date of purchase,26
"REDMI A7 Pro 5G (Sunset Orange, 64 GB)","₹12,827","₹15,999",19% off,3.8,50 Ratings & 8 Reviews,4 GB RAM | 64 GB ROM | Expandable Upto 64 GB | 17.53 cm (6.9 inch) Full HD+ Display | 32MP Rear Camera | 6300 mAh Battery | UNISOC T8300 octa-core processor Processor | 1 year manufacturer warranty for device and 6 months manufacturer warranty for in-box accessories including batteries from the date of purchase,26
"REDMI A7 Pro 5G (Sunset Orange, 128 GB)","₹13,899","₹16,999",18% off,3.8,50 Ratings & 8 Reviews,4 GB RAM | 128 GB ROM | Expandable Upto 128 GB | 17.53 cm (6.9 inch) Full HD+ Display | 32MP Rear Camera | 6300 mAh Battery | UNISOC T8300 octa-core processor Processor | 1 year manufacturer warranty for device and 6 months manufacturer warranty for in-box accessories including batteries from the date of purchase,27
"Samsung Galaxy S24 Exynos 5G (Amber Yellow, 128 GB)","₹49,999","₹74,999",33% off,4.5,"6,845 Ratings & 445 Reviews",8 GB RAM | 128 GB ROM | 15.75 cm (6.2 inch) Full HD+ Display | 50MP + 10MP + 12MP | 12MP Front Camera | 4000 mAh Battery | Exynos 2400 Processor | 1 Year Manufacturer Warranty for Device and 6 Months for In-Box Accessories,27
"vivo T5x 5G (Cyber Green, 128 GB)","₹22,999","₹28,999",20% off,4.4,"5,072 Ratings & 344 Reviews",6 GB RAM | 128 GB ROM | 17.17 cm (6.76 inch) Display | 50MP + 2MP | 32MP Front Camera | 7200 mAh Li-ion Battery | Dimensity 7400-Turbo Processor | 1 Year Manufacturer Warranty for Device and 6 Months Manufacturer Warranty for Inbox Accessories,27
itel it5330 | 2.8 inch Big Display | 1900 mAh Battery | Kingvoice,"₹1,579","₹1,799",12% off,4.1,"26,581 Ratings & 1,523 Reviews",32 MB RAM | 32 MB ROM | Expandable Upto 32 GB | 7.11 cm (2.8 inch) Quarter QVGA Display | 0.8MP + 0MP | 0MP Front Camera | 1900 mAh Battery | Unisoc Processor | 12+1 month manufacturer warranty,27
"Samsung Galaxy S25 FE 5G (Navy, 256 GB)","₹50,999","₹65,999",22% off,4.5,383 Ratings & 32 Reviews,8 GB RAM | 256 GB ROM | 17.02 cm (6.7 inch) Full HD+ Display | 50MP + 12MP + 8MP | 12MP Front Camera | 4900 mAh Li-ion Battery | Exynos 2400 Processor | 1 Year Manufacturer Warranty for Device and 6 Months for In-Box Accessories,27
"REDMI Note 15 Pro + 5G (Coffee Mocha, 256 GB)","₹39,995","₹41,999",4% off,4.2,29 Ratings & 2 Reviews,12 GB RAM | 256 GB ROM | 17.35 cm (6.83 inch) Display | 200MP Rear Camera | 6500 mAh Battery | 12 Months Brand Warranty,27
"Motorola Edge 40 Neo (Caneel Bay, 128 GB)","₹27,999",,,4.3,"58,241 Ratings & 5,944 Reviews",8 GB RAM | 128 GB ROM | 16.64 cm (6.55 inch) Full HD+ Display | 50MP + 13MP | 32MP Front Camera | 5000 mAh Battery | Dimensity 7030 Processor | 1 Year on Handset and 6 Months on Accessories,27
"Samsung Galaxy S25 FE 5G (Jetblack, 128 GB)","₹44,999","₹59,999",25% off,4.5,383 Ratings & 32 Reviews,8 GB RAM | 128 GB ROM | 17.02 cm (6.7 inch) Full HD+ Display | 50MP + 12MP + 8MP | 12MP Front Camera | 4900 mAh Li-ion Battery | Exynos 2400 Processor | 1 Year Manufacturer Warranty for Device and 6 Months for In-Box Accessories,27
"REDMI Note 15 SE 5G (Crimson Reserve, 256 GB)","₹23,999","₹27,999",14% off,4.3,463 Ratings & 57 Reviews,8 GB RAM | 256 GB ROM | Expandable Upto 1 TB | 17.2 cm (6.77 inch) Full HD+ AMOLED Display | 50MP Rear Camera | 20MP Front Camera | 5800 mAh Lithium-Ion Polymer Battery | Snapdragon 6 Gen 3 Processor | 1 Year Manufacturer Warranty for Phone and 6 Months Warranty for In the Box Accessories,27
"REDMI A7 Pro 5G (Mist Blue, 128 GB)","₹13,934","₹16,999",18% off,3.8,50 Ratings & 8 Reviews,4 GB RAM | 128 GB ROM | Expandable Upto 128 GB | 17.53 cm (6.9 inch) Full HD+ Display | 32MP Rear Camera | 6300 mAh Battery | UNISOC T8300 octa-core processor Processor | 1 year manufacturer warranty for device and 6 months manufacturer warranty for in-box accessories including batteries from the date of purchase,27
LAVA Hero Shakti 2026,₹989,"₹1,249",20% off,3.9,9 Ratings & 0 Reviews,4 MB RAM | 4 MB ROM | Expandable Upto 32 GB | 4.57 cm (1.8 inch) HQVGA Display | 0MP | 0MP Front Camera | 1000 mAh Battery | Mtk Processor | Brand Warranty of 1 Year Available for Mobile and 6 Months for Battery and Accessories,27
"REDMI A7 Pro 5G (Black, 128 GB)","₹13,938","₹16,999",18% off,3.8,50 Ratings & 8 Reviews,4 GB RAM | 128 GB ROM | Expandable Upto 128 GB | 17.53 cm (6.9 inch) Full HD+ Display | 32MP Rear Camera | 6300 mAh Battery | UNISOC T8300 octa-core processor Processor | 1 year manufacturer warranty for device and 6 months manufacturer warranty for in-box accessories including batteries from the date of purchase,27
"REDMI A7 Pro 5G (Sunset Orange, 64 GB)","₹12,827","₹15,999",19% off,3.8,50 Ratings & 8 Reviews,4 GB RAM | 64 GB ROM | Expandable Upto 64 GB | 17.53 cm (6.9 inch) Full HD+ Display | 32MP Rear Camera | 6300 mAh Battery | UNISOC T8300 octa-core processor Processor | 1 year manufacturer warranty for device and 6 months manufacturer warranty for in-box accessories including batteries from the date of purchase,27
"OPPO K13 Turbo 5G (Purple Phantom, 128 GB)","₹27,999","₹33,999",17% off,4.4,"7,999 Ratings & 568 Reviews",8 GB RAM | 128 GB ROM | 17.27 cm (6.8 inch) Full HD+ Display | 50MP + 2MP | 16MP Front Camera | 7000 mAh Battery | Dimensity 8450 Processor | 1 Year Manufacturer Warranty for Device and 6 Months Manufacturer Warranty for Inbox Accessories,27
"OPPO K13 Turbo 5G (Midnight Maverick, 128 GB)","₹27,999","₹33,999",17% off,4.4,"7,999 Ratings & 568 Reviews",8 GB RAM | 128 GB ROM | 17.27 cm (6.8 inch) Full HD+ Display | 50MP + 2MP | 16MP Front Camera | 7000 mAh Battery | Dimensity 8450 Processor | 1 Year Manufacturer Warranty for Device and 6 Months Manufacturer Warranty for Inbox Accessories,27
"OPPO K13 Turbo 5G (White Knight, 256 GB)","₹29,999","₹35,999",16% off,4.4,"7,999 Ratings & 568 Reviews",8 GB RAM | 256 GB ROM | 17.27 cm (6.8 inch) Full HD+ Display | 50MP + 2MP | 16MP Front Camera | 7000 mAh Battery | Dimensity 8450 Processor | 1 Year Manufacturer Warranty for Device and 6 Months Manufacturer Warranty for Inbox Accessories,27
"OPPO K13 Turbo 5G (Purple Phantom, 256 GB)","₹29,999","₹35,999",16% off,4.4,"7,999 Ratings & 568 Reviews",8 GB RAM | 256 GB ROM | 17.27 cm (6.8 inch) Full HD+ Display | 50MP + 2MP | 16MP Front Camera | 7000 mAh Battery | Dimensity 8450 Processor | 1 Year Manufacturer Warranty for Device and 6 Months Manufacturer Warranty for Inbox Accessories,27
Jmax Prime,₹828,"₹1,499",44% off,3.7,50 Ratings & 4 Reviews,32 MB RAM | 32 MB ROM | 6.1 cm (2.4 inch) NA Display | 1.3MP Rear Camera | 2250 mAh Battery | 3 Months Domestic Warranty 7698174900,27
MTR M16,"₹5,990","₹5,999",,5,4 Ratings & 2 Reviews,3 GB RAM | 32 GB ROM | 10.16 cm (4 inch) HD Display | 5MP Rear Camera | 2000 mAh Battery | Cortex-A7 quad core Processor | 6 MONTHS WARRENTY,27
"realme P3 Ultra 5G (Orion Red, 256 GB)","₹35,759","₹35,999",,4.5,"4,364 Ratings & 390 Reviews",12 GB RAM | 256 GB ROM | 17.35 cm (6.83 inch) Display | 50MP + 8MP | 16MP Front Camera | 6000 mAh Battery | Dimensity 8350 Ultra Processor | 1 Year Manufacturer Warranty for Device and 6 Months Manufacturer Warranty for Inbox Accessories,27
"REDMI A7 Pro 5G (Black, 64 GB)","₹12,890","₹15,999",19% off,3.8,50 Ratings & 8 Reviews,4 GB RAM | 64 GB ROM | Expandable Upto 64 GB | 17.53 cm (6.9 inch) Full HD+ Display | 32MP Rear Camera | 6300 mAh Battery | UNISOC T8300 octa-core processor Processor | 1 year manufacturer warranty for device and 6 months manufacturer warranty for in-box accessories including batteries from the date of purchase,27
"POCO M7 5G (Mint Green, 128 GB)","₹12,499","₹12,999",3% off,4.1,"77,088 Ratings & 3,683 Reviews",6 GB RAM | 128 GB ROM | Expandable Upto 1 TB | 17.48 cm (6.88 inch) HD+ Display | 50MP Rear Camera | 8MP Front Camera | 5160 mAh Battery | 4 Gen 2 5G Processor | 1 Year Manufacturer Warranty for Phone and 6 Months Warranty for In the Box Accessories,27
"Samsung Galaxy F36 5G (Red, 128 GB)","₹21,999","₹22,999",4% off,4.3,"10,639 Ratings & 702 Reviews",6 GB RAM | 128 GB ROM | Expandable Upto 2 TB | 17.02 cm (6.7 inch) Full HD+ Display | 50MP + 8MP + 2MP | 13MP Front Camera | 5000 mAh Battery | Samsung Exynos 1380 Processor | 1 Year Manufacturer Warranty for Device and 6 Months for In-Box Accessories,27
"REDMI Note 14 Pro 5G (Titan Black, 256 GB)","₹25,999","₹30,999",16% off,4.4,"5,889 Ratings & 395 Reviews",8 GB RAM | 256 GB ROM | 16.94 cm (6.67 inch) Display | 50MP + 8MP + 2MP | 20MP Front Camera | 5500 mAh Battery | Dimensity 7300 Ultra Processor | 1 Year Manufacturer Warranty for Phone and 6 Months Warranty for In the Box Accessories,27
"OPPO K13 Turbo 5G (Midnight Maverick, 128 GB)","₹27,999","₹33,999",17% off,4.4,"7,999 Ratings & 568 Reviews",8 GB RAM | 128 GB ROM | 17.27 cm (6.8 inch) Full HD+ Display | 50MP + 2MP | 16MP Front Camera | 7000 mAh Battery | Dimensity 8450 Processor | 1 Year Manufacturer Warranty for Device and 6 Months Manufacturer Warranty for Inbox Accessories,28
"REDMI Note 15 SE 5G (Crimson Reserve, 256 GB)","₹23,999","₹27,999",14% off,4.3,463 Ratings & 57 Reviews,8 GB RAM | 256 GB ROM | Expandable Upto 1 TB | 17.2 cm (6.77 inch) Full HD+ AMOLED Display | 50MP Rear Camera | 20MP Front Camera | 5800 mAh Lithium-Ion Polymer Battery | Snapdragon 6 Gen 3 Processor | 1 Year Manufacturer Warranty for Phone and 6 Months Warranty for In the Box Accessories,28
"vivo T5x 5G (Cyber Green, 128 GB)","₹22,999","₹28,999",20% off,4.4,"5,072 Ratings & 344 Reviews",6 GB RAM | 128 GB ROM | 17.17 cm (6.76 inch) Display | 50MP + 2MP | 32MP Front Camera | 7200 mAh Li-ion Battery | Dimensity 7400-Turbo Processor | 1 Year Manufacturer Warranty for Device and 6 Months Manufacturer Warranty for Inbox Accessories,28
"MOTOROLA Signature (PANTONE Carbon, 512 GB)","₹62,499","₹79,999",21% off,4.4,484 Ratings & 82 Reviews,16 GB RAM | 512 GB ROM | 17.27 cm (6.8 inch) Super HD Display | 50MP + 50MP + 50MP | 50MP Front Camera | 5200 mAh Battery | Snapdragon 8 Gen 5 Processor | 1 Year Warranty on Handset and 6 Months Warranty on Accessories,28
"OPPO Reno15 5G (Twilight Blue, 256 GB)","₹47,999","₹49,999",4% off,4.5,606 Ratings & 67 Reviews,8 GB RAM | 256 GB ROM | 16.74 cm (6.59 inch) Full HD+ Display | 50MP + 50MP + 8MP | Yes | 6500 mAh Battery | 7 Gen 4 Processor | 1 Year Manufacturer Warranty for Device and 6 Months Manufacturer Warranty for Inbox Accessories,28
"REDMI A7 Pro 5G (Black, 64 GB)","₹12,890","₹15,999",19% off,3.8,50 Ratings & 8 Reviews,4 GB RAM | 64 GB ROM | Expandable Upto 64 GB | 17.53 cm (6.9 inch) Full HD+ Display | 32MP Rear Camera | 6300 mAh Battery | UNISOC T8300 octa-core processor Processor | 1 year manufacturer warranty for device and 6 months manufacturer warranty for in-box accessories including batteries from the date of purchase,28
"realme P3 Ultra 5G (Orion Red, 256 GB)","₹35,759","₹35,999",,4.5,"4,364 Ratings & 390 Reviews",12 GB RAM | 256 GB ROM | 17.35 cm (6.83 inch) Display | 50MP + 8MP | 16MP Front Camera | 6000 mAh Battery | Dimensity 8350 Ultra Processor | 1 Year Manufacturer Warranty for Device and 6 Months Manufacturer Warranty for Inbox Accessories,28
"Samsung Galaxy A26 5G (White, 128 GB)","₹21,990","₹27,999",21% off,4,387 Ratings & 31 Reviews,8 GB RAM | 128 GB ROM | Expandable Upto 1 TB | 17.02 cm (6.7 inch) Full HD+ Display | 50MP + 8MP | 13MP Front Camera | 5000 mAh Battery | Samsung Exynos 1380 Processor | 1 Year Manufacturer Warranty for Device and 6 Months for In-Box Accessories,28
Jmax Prime,₹828,"₹1,499",44% off,3.7,50 Ratings & 4 Reviews,32 MB RAM | 32 MB ROM | 6.1 cm (2.4 inch) NA Display | 1.3MP Rear Camera | 2250 mAh Battery | 3 Months Domestic Warranty 7698174900,28
"realme GT 7T (IceSense Black, 256 GB)","₹30,999","₹39,999",22% off,4.3,"1,043 Ratings & 103 Reviews",8 GB RAM | 256 GB ROM | 17.27 cm (6.8 inch) Full HD+ AMOLED Display | 50MP + 8MP | 32MP Front Camera | 7000 mAh Li-ion Battery | Dimensity 8400-MAX Processor | standard 1-year warranty for the device  and a 6-month warranty for accessories,28
"realme C85 5G (Peacock Green, 128.0 GB)","₹20,999","₹24,999",16% off,4.3,181 Ratings & 11 Reviews,4 GB RAM | 128.0 GB ROM | 17.27 cm (6.8 inch) HD+ Display | 50MP Rear Camera | 8MP Front Camera | 7000 mAh Battery | Dimensity 6300 Processor | 1 Year Manufacturer Warranty for Phone and 6 Months Warranty for In-Box Accessories,28
"OPPO K13 Turbo 5G (White Knight, 256 GB)","₹29,999","₹35,999",16% off,4.4,"7,999 Ratings & 568 Reviews",8 GB RAM | 256 GB ROM | 17.27 cm (6.8 inch) Full HD+ Display | 50MP + 2MP | 16MP Front Camera | 7000 mAh Battery | Dimensity 8450 Processor | 1 Year Manufacturer Warranty for Device and 6 Months Manufacturer Warranty for Inbox Accessories,28
LAVA A2 Smart,"₹1,284","₹1,549",17% off,4,"1,172 Ratings & 64 Reviews",4 MB RAM | 24 MB ROM | Expandable Upto 32 GB | 6.1 cm (2.4 inch) HVGA Display | 1.3MP + 0MP | 0MP Front Camera | 1200 mAh Battery | Mtk Processor | 1 year manufacturer Replacement for device and 6 months manufacturer warranty for in-box accessories including batteries from the date of purchase,28
"REDMI A7 Pro 5G (Mist Blue, 64 GB)","₹12,968","₹15,999",18% off,3.8,50 Ratings & 8 Reviews,4 GB RAM | 64 GB ROM | Expandable Upto 64 GB | 17.53 cm (6.9 inch) Full HD+ Display | 32MP Rear Camera | 6300 mAh Battery | UNISOC T8300 octa-core processor Processor | 1 year manufacturer warranty for device and 6 months manufacturer warranty for in-box accessories including batteries from the date of purchase,28
"POCO M7 5G (Mint Green, 128 GB)","₹12,499","₹12,999",3% off,4.1,"77,088 Ratings & 3,683 Reviews",6 GB RAM | 128 GB ROM | Expandable Upto 1 TB | 17.48 cm (6.88 inch) HD+ Display | 50MP Rear Camera | 8MP Front Camera | 5160 mAh Battery | 4 Gen 2 5G Processor | 1 Year Manufacturer Warranty for Phone and 6 Months Warranty for In the Box Accessories,28
"POCO M8 (Frost Silver, 128 GB)","₹19,999","₹22,999",13% off,4.3,"1,053 Ratings & 99 Reviews",8 GB RAM | 128 GB ROM | Expandable Upto 1 TB | 17.2 cm (6.77 inch) Full HD+ Display | 50MP Rear Camera | 20MP Front Camera | 5520 mAh Battery | 1 Year Manufacturer Warranty for Phone and 6 Months Warranty for In the Box Accessories,28
"Apple iPhone 17 Pro (Silver, 512 GB)","₹1,39,900","₹1,54,900",9% off,4.6,"1,152 Ratings & 89 Reviews","512 GB ROM | 16.0 cm (6.3 inch) Super Retina XDR Display | 48MP + 48MP + 48MP | 18MP Front Camera | A19 Chip, 6 Core Processor Processor | Apple One (1) Year Limited Warranty",28
KARBONN Bharat K1 4G KW101 /KW102 Jio Sim Supported,₹990,"₹1,999",50% off,3.7,89 Ratings & 4 Reviews,20 MB RAM | 20 MB ROM | 4.57 cm (1.8 inch) Display | 0.3MP Rear Camera | 1000 mAh Battery | 1 Year Company Domestic Warranty by Jio Company Authorized Jio Service Center.,28
"REDMI Note 15 Pro + 5G (Mirage Blue, 512 GB)","₹42,299","₹44,999",6% off,4.2,29 Ratings & 2 Reviews,12 GB RAM | 512 GB ROM | 17.35 cm (6.83 inch) Display | 200MP Rear Camera | 6500 mAh Battery | 12 Months Brand Warranty,28
"Apple iPhone 16 Plus (Black, 128 GB)","₹77,900","₹79,900",2% off,4.6,"3,979 Ratings & 238 Reviews","128 GB ROM | 17.02 cm (6.7 inch) Super Retina XDR Display | 48MP + 12MP | 12MP Front Camera | A18 Chip, 6 Core Processor Processor | 1 year warranty for phone and 1 year warranty for in Box Accessories.",28
"OPPO K13 Turbo Pro 5G (Silver Knight, 256 GB)","₹33,999","₹44,999",24% off,4.4,473 Ratings & 39 Reviews,12 GB RAM | 256 GB ROM | 17.27 cm (6.8 inch) Full HD+ Display | 50MP + 2MP | 16MP Front Camera | 7000 mAh Battery | 8s Gen 4 Mobile Platform Processor | 1 Year Manufacturer Warranty for Device and 6 Months Manufacturer Warranty for Inbox Accessories,28
MTR M16,"₹5,990","₹5,999",,5,4 Ratings & 2 Reviews,3 GB RAM | 32 GB ROM | 10.16 cm (4 inch) HD Display | 5MP Rear Camera | 2000 mAh Battery | Cortex-A7 quad core Processor | 6 MONTHS WARRENTY,28
"REDMI Note 15 5G (Glacier Blue, 128 GB)","₹23,468","₹26,999",13% off,4.3,467 Ratings & 20 Reviews,8 GB RAM | 128 GB ROM | 17.2 cm (6.77 inch) Display | 108MP Rear Camera | 5520 mAh Battery | 12 Months Brand Warranty,28
KARBONN Jumbo K9,"₹1,289","₹1,890",31% off,4,"16,627 Ratings & 1,500 Reviews",40 MB ROM | Expandable Upto 8 GB | 6.6 cm (2.6 inch) QVGA Display | 1.3MP Rear Camera | 1800 mAh Li-Ion Battery | 1 Year for Mobile & 6 Months for Accessories,28
"Samsung Galaxy F36 5G (Black, 256 GB)","₹27,999","₹29,999",6% off,4.2,"5,488 Ratings & 405 Reviews",8 GB RAM | 256 GB ROM | Expandable Upto 2 TB | 17.02 cm (6.7 inch) Full HD+ Display | 50MP + 8MP + 2MP | 13MP Front Camera | 5000 mAh Battery | Samsung Exynos 1380 Processor | 1 Year Manufacturer Warranty for Device and 6 Months for In-Box Accessories,29
"OPPO Reno15 5G (Aurora Blue, 256 GB)","₹50,999","₹54,999",7% off,4.5,316 Ratings & 21 Reviews,12 GB RAM | 256 GB ROM | 16.74 cm (6.59 inch) Full HD+ Display | 50MP + 50MP + 8MP | Yes | 6500 mAh Battery | 7 Gen 4 Processor | 1 Year Manufacturer Warranty for Device and 6 Months Manufacturer Warranty for Inbox Accessories,29
"POCO X7 Pro 5G (Obsidian Black, 256 GB)","₹25,999","₹33,999",23% off,4.4,"9,085 Ratings & 852 Reviews",12 GB RAM | 256 GB ROM | 16.94 cm (6.67 inch) Display | 50MP + 8MP | 20MP Front Camera | 6550 mAh Battery | Dimensity D8400 Ultra Processor | 1 Year Manufacturer Warranty for Phone and 6 Months Warranty for In the Box Accessories,29
"realme P4 5G (Engine Blue, 128 GB)","₹21,999","₹29,999",26% off,4.4,"16,656 Ratings & 1,127 Reviews",8 GB RAM | 128 GB ROM | 17.2 cm (6.77 inch) Display | 50MP + 8MP | 16MP Front Camera | 7000 mAh Battery | Mediatek Dimensity 7400 Processor | 1 Year Manufacturer Warranty for Device and 6 Months Manufacturer Warranty for Inbox Accessories,29
"vivo T5x 5G (Cyber Green, 128 GB)","₹22,999","₹28,999",20% off,4.4,"5,072 Ratings & 344 Reviews",6 GB RAM | 128 GB ROM | 17.17 cm (6.76 inch) Display | 50MP + 2MP | 32MP Front Camera | 7200 mAh Li-ion Battery | Dimensity 7400-Turbo Processor | 1 Year Manufacturer Warranty for Device and 6 Months Manufacturer Warranty for Inbox Accessories,29
"Samsung Galaxy A36 5G (Awesome Lavender, 256 GB)","₹32,490","₹38,999",16% off,4.3,"2,100 Ratings & 166 Reviews",8 GB RAM | 256 GB ROM | 17.02 cm (6.7 inch) Full HD+ Display | 50MP + 8MP | 12MP Front Camera | 5000 mAh Battery | Qualcomm Snapdragon 6 Gen 3 Processor | 1 Year Manufacturer Warranty for Device and 6 Months for In-Box Accessories,29
G'Five A26I,₹777,"₹1,499",48% off,3.8,34 Ratings & 1 Reviews,32 MB RAM | 32 MB ROM | 1.68 cm (0.66 inch) Display | 800 mAh Battery | 3 months Manufacturer Warranty,29
"OPPO K13 Turbo Pro 5G (Silver Knight, 256 GB)","₹33,999","₹44,999",24% off,4.4,473 Ratings & 39 Reviews,12 GB RAM | 256 GB ROM | 17.27 cm (6.8 inch) Full HD+ Display | 50MP + 2MP | 16MP Front Camera | 7000 mAh Battery | 8s Gen 4 Mobile Platform Processor | 1 Year Manufacturer Warranty for Device and 6 Months Manufacturer Warranty for Inbox Accessories,29
MTR M150,₹700,"₹1,599",56% off,4.1,20 Ratings & 2 Reviews,32 MB RAM | 32 MB ROM | 4.5 cm (1.77 inch) Display | 0.3MP Rear Camera | 1100 mAh Battery | 1 year(domestic),29
"KARBONN K101i Dual SIM,Keypad Mobile,1.8''LCD,1000mAh Battery,TypeC USB,Memory Up to32GB",₹894,"₹1,190",24% off,3.9,293 Ratings & 17 Reviews,40 MB RAM | 35 MB ROM | Expandable Upto 32 GB | 4.57 cm (1.8 inch) FWVGA Display | 0MP | 0MP Front Camera | 1000 mAh Battery | NA Processor | 12 month Handset and 6 Month Box Accessories,29
"Xiaomi 14 CIVI (Matcha Green, 256 GB)","₹39,999","₹54,999",27% off,4.2,"1,870 Ratings & 221 Reviews",8 GB RAM | 256 GB ROM | 16.64 cm (6.55 inch) Display | 50MP Rear Camera | 32MP + 32MP Dual Front Camera | 4700 mAh Battery | 8s Gen 3 Mobile Platform Processor | 1 Year Manufacturer Warranty for Phone and 6 Months Warranty for In the Box Accessories,29
"OPPO Reno15 5G (Twilight Blue, 512 GB)","₹55,999","₹59,999",6% off,4.5,316 Ratings & 21 Reviews,12 GB RAM | 512 GB ROM | 16.74 cm (6.59 inch) Full HD+ Display | 50MP + 50MP + 8MP | Yes | 6500 mAh Battery | 7 Gen 4 Processor | 1 Year Manufacturer Warranty for Device and 6 Months Manufacturer Warranty for Inbox Accessories,29
"POCO C85x Charger in the Box (Sunset Gold, 64 GB)","₹11,999","₹20,999",42% off,4,850 Ratings & 49 Reviews,4 GB RAM | 64 GB ROM | Expandable Upto 2 TB | 17.53 cm (6.9 inch) HD+ Display | 32MP Rear Camera | 6300 mAh Lithium-Ion Polymer Battery | T8300 Processor | 1 Year Manufacturer Warranty for Phone and 6 Months Warranty for In the Box Accessories,29
LAVA Hero Shakti 2026,₹989,"₹1,249",20% off,3.9,9 Ratings & 0 Reviews,4 MB RAM | 4 MB ROM | Expandable Upto 32 GB | 4.57 cm (1.8 inch) HQVGA Display | 0MP | 0MP Front Camera | 1000 mAh Battery | Mtk Processor | Brand Warranty of 1 Year Available for Mobile and 6 Months for Battery and Accessories,29
"Nokia 2660 Flip 4G Dual SIM keypad Phone, Dual Screen, inbuilt MP3 Player","₹5,899",,,4.2,"2,107 Ratings & 134 Reviews",0.046875 GB RAM | 0.125 GB ROM | 7.11 cm (2.8 inch) QVGA Display | 0.3MP Rear Camera | 1450 mAh Lithium Ion Battery | No Warranty on this Product,29
"realme C85 5G (Peacock Green, 128.0 GB)","₹20,999","₹24,999",16% off,4.3,181 Ratings & 11 Reviews,4 GB RAM | 128.0 GB ROM | 17.27 cm (6.8 inch) HD+ Display | 50MP Rear Camera | 8MP Front Camera | 7000 mAh Battery | Dimensity 6300 Processor | 1 Year Manufacturer Warranty for Phone and 6 Months Warranty for In-Box Accessories,29
"OPPO K13 5G SUPERVOOC (Prism Black, 128 GB)","₹22,980","₹27,999",17% off,4.6,37 Ratings & 5 Reviews,8 GB RAM | 128 GB ROM | 16.94 cm (6.67 inch) Display | 50MP + 2MP | 16MP Front Camera | 7000 mAh Battery | Snapdragon 6 Gen 4 Processor | 1 Year Warranty on the Product and 6 Months Warranty on Inbox Accessories,29
"ROCK TOUCH Rock X Flip Dual Sim |Keypad Mobile| with 1.8"" Display Call & SMS Indicator","₹1,861","₹3,299",43% off,4,58 Ratings & 6 Reviews,32 MB RAM | 32 MB ROM | 4.57 cm (1.8 inch) Display | 0.3MP Rear Camera | 2000 mAh Battery | 1 Month Warranty,29
"Snexan Rock X Flip Dual Sim |Keypad Mobile| with 1.8"" Display |Flip|Fold| Call & SMS","₹2,178","₹2,999",27% off,4.7,3 Ratings & 0 Reviews,32 MB RAM | 32 MB ROM | 4.57 cm (1.8 inch) Display | 0.3MP Rear Camera | 1800 mAh Battery | 3 Months Company Warranty,29
"Apple iPhone 16 Plus (Black, 128 GB)","₹77,900","₹79,900",2% off,4.6,"3,979 Ratings & 238 Reviews","128 GB ROM | 17.02 cm (6.7 inch) Super Retina XDR Display | 48MP + 12MP | 12MP Front Camera | A18 Chip, 6 Core Processor Processor | 1 year warranty for phone and 1 year warranty for in Box Accessories.",29
"Apple iPhone 16 Pro Max (Natural Titanium, 256 GB)","₹1,44,990",,,4.7,"16,752 Ratings & 895 Reviews","256 GB ROM | 17.53 cm (6.9 inch) Super Retina XDR Display | 48MP + 48MP + 12MP | 12MP Front Camera | A18 Pro Chip, 6 Core Processor Processor | 1 year warranty for phone and 1 year warranty for in Box Accessories.",29
"OnePlus 13s 5G (Green Silk, 512 GB)","₹56,295","₹62,999",10% off,4.6,"1,750 Ratings & 132 Reviews",12 GB RAM | 512 GB ROM | 16.05 cm (6.32 inch) Display | 50MP Rear Camera | 5850 mAh Battery | 1 Year Warranty,29
"vivo X300 Pro (Elite Black, 512 GB)","₹1,09,999","₹1,19,999",8% off,4.7,383 Ratings & 57 Reviews,16 GB RAM | 512 GB ROM | 43.74 cm (17.22 cm) Display | 50MP + 50MP + 200MP | 50MP Front Camera | 6510 mAh Battery | Dimensity 9500 Processor | 1 Year Warranty on Handset and 6 Months Warranty on Accessories,29
KARBONN KX29 DS Keypad Mobile|3000 mAh Battery|0.3MP Rear Camera|Expandable Upto 32 GB,"₹1,380","₹1,890",26% off,3.7,"2,727 Ratings & 172 Reviews",32 MB RAM | 32 MB ROM | Expandable Upto 32 GB | 6.1 cm (2.4 inch) Display | 0.3MP Rear Camera | 2700 mAh Battery | 1 Year Company Domestic Warranty by Company Authorized Service Center.,29
"vivo T5x 5G (Cyber Green, 128 GB)","₹22,999","₹28,999",20% off,4.4,"5,072 Ratings & 344 Reviews",6 GB RAM | 128 GB ROM | 17.17 cm (6.76 inch) Display | 50MP + 2MP | 32MP Front Camera | 7200 mAh Li-ion Battery | Dimensity 7400-Turbo Processor | 1 Year Manufacturer Warranty for Device and 6 Months Manufacturer Warranty for Inbox Accessories,30
"POCO M7 Pro 5G (Olive Twilight, 128 GB)","₹14,999","₹18,999",21% off,4.3,"38,223 Ratings & 2,853 Reviews",6 GB RAM | 128 GB ROM | 16.94 cm (6.67 inch) Full HD+ Display | 50MP + 2MP | 20MP Front Camera | 5110 mAh Battery | Dimensity 7025 Ultra Processor | 1 Year Manufacturer Warranty for Phone and 6 Months Warranty for In the Box Accessories,30
"Apple iPhone 17 (Lavender, 256 GB)","₹75,900","₹82,900",8% off,4.6,"9,611 Ratings & 575 Reviews","256 GB ROM | 16.0 cm (6.3 inch) Super Retina XDR Display | 48MP + 48MP | 18MP Front Camera | A19 Chip, 6 Core Processor Processor | Apple One (1) Year Limited Warranty",30
"Apple iPhone 17 Pro (Silver, 512 GB)","₹1,39,900","₹1,54,900",9% off,4.6,"1,152 Ratings & 89 Reviews","512 GB ROM | 16.0 cm (6.3 inch) Super Retina XDR Display | 48MP + 48MP + 48MP | 18MP Front Camera | A19 Chip, 6 Core Processor Processor | Apple One (1) Year Limited Warranty",30
"Google Pixel 10 (Indigo, 256 GB)","₹74,999","₹79,999",6% off,4.5,"1,954 Ratings & 148 Reviews",12 GB RAM | 256 GB ROM | 16.0 cm (6.3 inch) Quad HD+ Display | 48MP + 13MP + 10.8MP | 10.5MP Front Camera | 4970 mAh Battery | Tensor G5 Processor | 1 Year Domestic Warranty,30
KARBONN KX29 DS Keypad Mobile|3000 mAh Battery|0.3MP Rear Camera|Expandable Upto 32 GB,"₹1,399","₹1,890",25% off,3.7,"2,727 Ratings & 172 Reviews",32 MB RAM | 32 MB ROM | Expandable Upto 32 GB | 6.1 cm (2.4 inch) Display | 0.3MP Rear Camera | 2700 mAh Battery | 1 Year Company Domestic Warranty by Company Authorized Service Center.,30
"vivo V70 FE (Northern Lights Purple, 128 GB)","₹37,999","₹41,999",9% off,4.4,181 Ratings & 23 Reviews,8 GB RAM | 128 GB ROM | 17.35 cm (6.83 inch) Full HD+ AMOLED Display | 200MP + 8MP | 50MP Front Camera | 7000 mAh Li-ion Battery | Dimensity 7360-Turbo Processor | 1 Year Manufacturer Warranty for Device and 6 Months Manufacturer Warranty for Inbox Accessories,30
"vivo Y31 5G (Diamond Green, 128 GB)","₹19,999",,,4.4,519 Ratings & 18 Reviews,4 GB RAM | 128 GB ROM | 16.97 cm (6.68 inch) Full HD+ Display | 50MP + 0.08MP | 8MP Front Camera | 6500 mAh Battery | 4 Gen 2 Processor | 1 Year Warranty,30
"MOTOROLA Edge 60 Pro (Pantone Sparkling Grape, 256 GB)","₹33,999","₹40,999",17% off,4.3,"14,968 Ratings & 1,205 Reviews",12 GB RAM | 256 GB ROM | 17.02 cm (6.7 inch) Display | 50MP + 50MP + 10MP | 50MP Front Camera | 6000 mAh Battery | Dimensity 8350 Processor | 1 Year Warranty on Handset and 6 Months Warranty on Accessories,30
G'Five A6-C,₹689,₹999,31% off,3.8,118 Ratings & 6 Reviews,32 MB RAM | 32 MB ROM | 4.57 cm (1.8 inch) VGA Display | 0.3MP + 1MP | 1150 mAh Battery | UNISOC Processor | 3 Month Manufacturer Warranty,30
Kechaoda A26,₹899,"₹1,499",40% off,4,"30,888 Ratings & 1,653 Reviews",32 MB RAM | 32 MB ROM | Expandable Upto 16 GB | 1.68 cm (0.66 inch) QVGA Display | 0MP | 0MP Front Camera | 800 mAh Battery | NA Processor | 3 Months Company Warranty,30
"realme 16 5G (Air White, 256 GB)","₹36,999","₹49,999",26% off,4.4,73 Ratings & 9 Reviews,12 GB RAM | 256 GB ROM | 16.69 cm (6.57 inch) Full HD+ AMOLED Display | 50MP + 2MP | 50MP Front Camera | 7000 mAh Battery | Dimensity 6400 Turbo Processor | 1 Year Manufacturer Warranty for Device and 6 Months Manufacturer Warranty for Inbox Accessories,30
"Samsung Galaxy F15 5G (Jazzy Green, 128 GB)","₹14,999","₹16,999",11% off,4.2,"35,436 Ratings & 2,670 Reviews",6 GB RAM | 128 GB ROM | Expandable Upto 1 TB | 16.51 cm (6.5 inch) Full HD+ Display | 50MP + 5MP + 2MP | 13MP Front Camera | 6000 mAh Lithium ion Battery | MediaTek Dimensity 6100+ Processor | 1 Year Manufacturer Warranty for Device and 6 Months Manufacturer Warranty for In-Box Accessories,30
"OPPO K13 Turbo 5G (Midnight Maverick, 256 GB)","₹29,999","₹35,999",16% off,4.4,"7,999 Ratings & 568 Reviews",8 GB RAM | 256 GB ROM | 17.27 cm (6.8 inch) Full HD+ Display | 50MP + 2MP | 16MP Front Camera | 7000 mAh Battery | Dimensity 8450 Processor | 1 Year Manufacturer Warranty for Device and 6 Months Manufacturer Warranty for Inbox Accessories,30
"Samsung Galaxy S25 5G (Navy, 256 GB)","₹62,999","₹80,999",22% off,4.6,"2,873 Ratings & 336 Reviews",12 GB RAM | 256 GB ROM | 15.75 cm (6.2 inch) Full HD+ Display | 50MP + 10MP + 12MP | 12MP Front Camera | 4000 mAh Battery | 8 Elite for Galaxy Processor | 1 Year Manufacturer Warranty for Device and 6 Months for In-Box Accessories,30
LAVA Hero Shakti 2026,₹989,"₹1,249",20% off,3.9,9 Ratings & 0 Reviews,4 MB RAM | 4 MB ROM | Expandable Upto 32 GB | 4.57 cm (1.8 inch) HQVGA Display | 0MP | 0MP Front Camera | 1000 mAh Battery | Mtk Processor | Brand Warranty of 1 Year Available for Mobile and 6 Months for Battery and Accessories,30
HOTLINE 106,₹499,₹999,50% off,3.4,"1,229 Ratings & 63 Reviews",32 MB RAM | 32 MB ROM | 4.5 cm (1.77 inch) Display | 1.3MP Rear Camera | 1000 mAh Battery | The Hotline Mobiles has 3 Months Manufacture’s Warranty & after Warranty period we would like to help our customers with the best possible service under low expenses,30
"realme P4 Pro 5G (Midnight Ivy, 256 GB)","₹27,999","₹30,999",9% off,4.4,"18,129 Ratings & 1,468 Reviews",8 GB RAM | 256 GB ROM | 17.27 cm (6.8 inch) Display | 50MP + 8MP | 50MP Front Camera | 7000 mAh Battery | Snapdragon 7 Gen 4 Mobile Processor | 1 Year Manufacturer Warranty for Device and 6 Months Manufacturer Warranty for Inbox Accessories,30
"vivo V70 FE (Monsoon Blue, 256 GB)","₹44,999","₹47,999",6% off,4.3,58 Ratings & 5 Reviews,12 GB RAM | 256 GB ROM | 17.35 cm (6.83 inch) Full HD+ AMOLED Display | 200MP + 8MP | 50MP Front Camera | 7000 mAh Li-ion Battery | Dimensity 7360-Turbo Processor | 1 Year Manufacturer Warranty for Device and 6 Months Manufacturer Warranty for Inbox Accessories,30
"vivo V70 (Passion Red, 256 GB)","₹53,999",,,4.4,178 Ratings & 18 Reviews,12 GB RAM | 256 GB ROM | 16.74 cm (6.59 inches) Full HD+ AMOLED Display | 50MP + 50MP + 8MP | Yes | 6500 mAh Li-ion battery Battery | Snapdragon 7 Gen 4 Processor | 1 Year Warranty on Handset and 6 Months Warranty on Accessories,30
"Nokia 110 Power Keypad Phone,Dual SIM, Camera, Long Lasting Battery,Phone Talker","₹1,769","₹2,099",15% off,4,119 Ratings & 17 Reviews,4 MB RAM | 4 MB ROM | 5.08 cm (2 inch) Display | 1750 mAh Battery | 1 Year Replacement,30
"Motorola g04s (Satin Blue, 64 GB)","₹9,999",,,4.2,"30,461 Ratings & 1,624 Reviews",4 GB RAM | 64 GB ROM | Expandable Upto 1 TB | 16.76 cm (6.6 inch) HD+ Display | 50MP Rear Camera | 5MP Front Camera | 5000 mAh Battery | T606 Processor | 1 Year on Handset and 6 Months on Accessories,30
"vivo X300 Pro (Dune Gold, 512 GB)","₹1,09,999","₹1,19,999",8% off,4.7,383 Ratings & 57 Reviews,16 GB RAM | 512 GB ROM | 43.74 cm (17.22 cm) Display | 50MP + 50MP + 200MP | 50MP Front Camera | 6510 mAh Battery | Dimensity 9500 Processor | 1 Year Warranty on Handset and 6 Months Warranty on Accessories,30
"realme Narzo 80 Lite 5G (Onyx Black, 128 GB)","₹13,957","₹13,999",,4.2,"1,691 Ratings & 89 Reviews",4 GB RAM | 128 GB ROM | 16.94 cm (6.67 inch) Display | 32MP Rear Camera | 6000 mAh Battery | 1 Year Warranty,30
"realme P4 Power 5G (TransSilver, 128 GB)","₹27,999","₹32,999",15% off,4.5,"3,759 Ratings & 340 Reviews",8 GB RAM | 128 GB ROM | 17.27 cm (6.8 inch) Full HD+ AMOLED Display | 50MP + 8MP | Yes | 10001 mAh Battery | Dimensity 7400 Ultra Processor | 1 Year Manufacturer Warranty for Device and 6 Months Manufacturer Warranty for Inbox Accessories,31
"vivo T5x 5G (Cyber Green, 128 GB)","₹22,999","₹28,999",20% off,4.4,"5,072 Ratings & 344 Reviews",6 GB RAM | 128 GB ROM | 17.17 cm (6.76 inch) Display | 50MP + 2MP | 32MP Front Camera | 7200 mAh Li-ion Battery | Dimensity 7400-Turbo Processor | 1 Year Manufacturer Warranty for Device and 6 Months Manufacturer Warranty for Inbox Accessories,31
"realme P4 Pro 5G (Midnight Ivy, 128 GB)","₹25,999","₹28,999",10% off,4.4,"18,129 Ratings & 1,468 Reviews",8 GB RAM | 128 GB ROM | 17.27 cm (6.8 inch) Display | 50MP + 8MP | 50MP Front Camera | 7000 mAh Battery | Snapdragon 7 Gen 4 Mobile Processor | 1 Year Manufacturer Warranty for Device and 6 Months Manufacturer Warranty for Inbox Accessories,31
"realme P4 Pro 5G (Midnight Ivy, 256 GB)","₹27,999","₹30,999",9% off,4.4,"18,129 Ratings & 1,468 Reviews",8 GB RAM | 256 GB ROM | 17.27 cm (6.8 inch) Display | 50MP + 8MP | 50MP Front Camera | 7000 mAh Battery | Snapdragon 7 Gen 4 Mobile Processor | 1 Year Manufacturer Warranty for Device and 6 Months Manufacturer Warranty for Inbox Accessories,31
"Motorola g04s (Satin Blue, 64 GB)","₹9,999",,,4.2,"30,461 Ratings & 1,624 Reviews",4 GB RAM | 64 GB ROM | Expandable Upto 1 TB | 16.76 cm (6.6 inch) HD+ Display | 50MP Rear Camera | 5MP Front Camera | 5000 mAh Battery | T606 Processor | 1 Year on Handset and 6 Months on Accessories,31
KARBONN KX29 DS Keypad Mobile|3000 mAh Battery|0.3MP Rear Camera|Expandable Upto 32 GB,"₹1,498","₹1,840",18% off,3.7,"2,727 Ratings & 172 Reviews",32 MB RAM | 32 MB ROM | Expandable Upto 32 GB | 6.1 cm (2.4 inch) Display | 0.3MP Rear Camera | 3000 mAh Battery | 1 Year Company Domestic Warranty by Company Authorized Service Center.,31
itel Muzik 450,"₹1,899","₹1,999",5% off,4,69 Ratings & 5 Reviews,4 MB RAM | 4 MB ROM | Expandable Upto 32 GB | 6.1 cm (2.4 inch) QVGA Display | 0.3MP Rear Camera | 3000 mAh Battery | NA Processor | 1 year manufacturer warranty,31
"vivo V70 FE (Monsoon Blue, 256 GB)","₹44,999","₹47,999",6% off,4.3,58 Ratings & 5 Reviews,12 GB RAM | 256 GB ROM | 17.35 cm (6.83 inch) Full HD+ AMOLED Display | 200MP + 8MP | 50MP Front Camera | 7000 mAh Li-ion Battery | Dimensity 7360-Turbo Processor | 1 Year Manufacturer Warranty for Device and 6 Months Manufacturer Warranty for Inbox Accessories,31
itel it5027 Slim Keypad Mobile | 2.4 inch Display| Type C Charging,"₹1,377","₹1,649",16% off,4.1,"1,667 Ratings & 107 Reviews",4 MB RAM | 4 MB ROM | 6.1 cm (2.4 inch) Display | 0.3MP Rear Camera | 1200 mAh Battery | 1 year manufacturer,31
"vivo X300 (Summit Red, 512 GB)","₹81,999","₹89,999",8% off,4.7,"1,149 Ratings & 148 Reviews",12 GB RAM | 512 GB ROM | 40.74 cm (16.04 cm) Display | 200MP + 50MP + 50MP | 50MP Front Camera | 6040 mAh Battery | Dimensity 9500 Processor | 1 Year Warranty on Handset and 6 Months Warranty on Accessories,31
"vivo X300 (Summit Red, 256 GB)","₹75,999","₹83,999",9% off,4.7,"1,149 Ratings & 148 Reviews",12 GB RAM | 256 GB ROM | 40.74 cm (16.04 cm) Display | 200MP + 50MP + 50MP | 50MP Front Camera | 6040 mAh Battery | Dimensity 9500 Processor | 1 Year Warranty on Handset and 6 Months Warranty on Accessories,31
"vivo X300 (Elite Black, 512 GB)","₹81,999","₹89,999",8% off,4.7,"1,149 Ratings & 148 Reviews",12 GB RAM | 512 GB ROM | 40.74 cm (16.04 cm) Display | 200MP + 50MP + 50MP | 50MP Front Camera | 6040 mAh Battery | Dimensity 9500 Processor | 1 Year Warranty on Handset and 6 Months Warranty on Accessories,31
"vivo X300 (Elite Black, 256 GB)","₹75,999","₹83,999",9% off,4.7,"1,149 Ratings & 148 Reviews",12 GB RAM | 256 GB ROM | 40.74 cm (16.04 cm) Display | 200MP + 50MP + 50MP | 50MP Front Camera | 6040 mAh Battery | Dimensity 9500 Processor | 1 Year Warranty on Handset and 6 Months Warranty on Accessories,31
"Nokia 110 Power Keypad Phone,Dual SIM, Camera, Long Lasting Battery,Phone Talker","₹1,769","₹2,099",15% off,4,119 Ratings & 17 Reviews,4 MB RAM | 4 MB ROM | 5.08 cm (2 inch) Display | 1750 mAh Battery | 1 Year Replacement,31
"REDMI Note 15 Pro + 5G (Mirage Blue, 512 GB)","₹42,299","₹44,999",6% off,4.2,29 Ratings & 2 Reviews,12 GB RAM | 512 GB ROM | 17.35 cm (6.83 inch) Display | 200MP Rear Camera | 6500 mAh Battery | 12 Months Brand Warranty,31
"POCO M8 (Frost Silver, 128 GB)","₹19,999","₹22,999",13% off,4.3,"1,053 Ratings & 99 Reviews",8 GB RAM | 128 GB ROM | Expandable Upto 1 TB | 17.2 cm (6.77 inch) Full HD+ Display | 50MP Rear Camera | 20MP Front Camera | 5520 mAh Battery | 1 Year Manufacturer Warranty for Phone and 6 Months Warranty for In the Box Accessories,31
"realme 16 5G (Air Black, 256 GB)","₹33,999","₹44,999",24% off,4,346 Ratings & 44 Reviews,8 GB RAM | 256 GB ROM | 16.69 cm (6.57 inch) Full HD+ AMOLED Display | 50MP + 2MP | 50MP Front Camera | 7000 mAh Battery | Dimensity 6400 Turbo Processor | 1 Year Manufacturer Warranty for Device and 6 Months Manufacturer Warranty for Inbox Accessories,31
"vivo X300 Pro (Dune Gold, 512 GB)","₹1,09,999","₹1,19,999",8% off,4.7,383 Ratings & 57 Reviews,16 GB RAM | 512 GB ROM | 43.74 cm (17.22 cm) Display | 50MP + 50MP + 200MP | 50MP Front Camera | 6510 mAh Battery | Dimensity 9500 Processor | 1 Year Warranty on Handset and 6 Months Warranty on Accessories,31
Jio JioBharat V4 4G,₹783,"₹1,699",53% off,3.8,"6,088 Ratings & 389 Reviews",20 MB RAM | 20 MB ROM | Expandable Upto 128 GB | 4.5 cm (1.77 inch) VGA Display | 0.3MP + 0.3MP | 1000 mAh Battery | mediatek Processor | 1 Year Manufacturing warranty,31
"Samsung Galaxy S24 5G Snapdragon (Marble Gray, 128 GB)","₹49,999","₹74,999",33% off,4.6,"57,084 Ratings & 3,711 Reviews",8 GB RAM | 128 GB ROM | 15.75 cm (6.2 inch) Full HD+ Display | 50MP + 12MP | 12MP Front Camera | 4000 mAh Battery | 8 Gen 3 Processor | 1 Year Manufacturer Warranty for Device and 6 Months for In-Box Accessories,31
"Motorola G32 (Mineral Gray, 64 GB)","₹16,999",,,4.2,"46,613 Ratings & 3,930 Reviews",4 GB RAM | 64 GB ROM | 16.51 cm (6.5 inch) Full HD+ Display | 50MP + 8MP + 2MP | 16MP Front Camera | 5000 mAh Lithium Polymer Battery | Qualcomm Snapdragon 680 Processor | 1 Year on Handset and 6 Months on Accessories,31
"Samsung Galaxy S25 FE 5G (White, 128 GB)","₹44,999","₹59,999",25% off,4.5,383 Ratings & 32 Reviews,8 GB RAM | 128 GB ROM | 17.02 cm (6.7 inch) Full HD+ Display | 50MP + 12MP + 8MP | 12MP Front Camera | 4900 mAh Li-ion Battery | Exynos 2400 Processor | 1 Year Manufacturer Warranty for Device and 6 Months for In-Box Accessories,31
"Motorola G32 (Satin Silver, 64 GB)","₹16,999",,,4.2,"46,613 Ratings & 3,930 Reviews",4 GB RAM | 64 GB ROM | 16.51 cm (6.5 inch) Full HD+ Display | 50MP + 8MP + 2MP | 16MP Front Camera | 5000 mAh Lithium Polymer Battery | Qualcomm Snapdragon 680 Processor | 1 Year on Handset and 6 Months on Accessories,31
"realme P4 Pro 5G (Birch Wood, 128 GB)","₹25,999","₹28,999",10% off,4.4,"18,129 Ratings & 1,468 Reviews",8 GB RAM | 128 GB ROM | 17.27 cm (6.8 inch) Display | 50MP + 8MP | 50MP Front Camera | 7000 mAh Battery | Snapdragon 7 Gen 4 Mobile Processor | 1 Year Manufacturer Warranty for Device and 6 Months Manufacturer Warranty for Inbox Accessories,31
"realme 16 5G (Air Black, 256 GB)","₹36,999","₹49,999",26% off,4.4,73 Ratings & 9 Reviews,12 GB RAM | 256 GB ROM | 16.69 cm (6.57 inch) Full HD+ AMOLED Display | 50MP + 2MP | 50MP Front Camera | 7000 mAh Battery | Dimensity 6400 Turbo Processor | 1 Year Manufacturer Warranty for Device and 6 Months Manufacturer Warranty for Inbox Accessories,32
"vivo V70 FE (Monsoon Blue, 256 GB)","₹40,999","₹44,999",8% off,4.4,181 Ratings & 23 Reviews,8 GB RAM | 256 GB ROM | 17.35 cm (6.83 inch) Full HD+ AMOLED Display | 200MP + 8MP | 50MP Front Camera | 7000 mAh Li-ion Battery | Dimensity 7360-Turbo Processor | 1 Year Manufacturer Warranty for Device and 6 Months Manufacturer Warranty for Inbox Accessories,32
"realme P4 Power 5G (TransSilver, 128 GB)","₹27,999","₹32,999",15% off,4.5,"3,759 Ratings & 340 Reviews",8 GB RAM | 128 GB ROM | 17.27 cm (6.8 inch) Full HD+ AMOLED Display | 50MP + 8MP | Yes | 10001 mAh Battery | Dimensity 7400 Ultra Processor | 1 Year Manufacturer Warranty for Device and 6 Months Manufacturer Warranty for Inbox Accessories,32
"vivo T5x 5G (Cyber Green, 128 GB)","₹22,999","₹28,999",20% off,4.4,"5,072 Ratings & 344 Reviews",6 GB RAM | 128 GB ROM | 17.17 cm (6.76 inch) Display | 50MP + 2MP | 32MP Front Camera | 7200 mAh Li-ion Battery | Dimensity 7400-Turbo Processor | 1 Year Manufacturer Warranty for Device and 6 Months Manufacturer Warranty for Inbox Accessories,32
"vivo V70 FE (Monsoon Blue, 128 GB)","₹37,999","₹41,999",9% off,4.4,181 Ratings & 23 Reviews,8 GB RAM | 128 GB ROM | 17.35 cm (6.83 inch) Full HD+ AMOLED Display | 200MP + 8MP | 50MP Front Camera | 7000 mAh Li-ion Battery | Dimensity 7360-Turbo Processor | 1 Year Manufacturer Warranty for Device and 6 Months Manufacturer Warranty for Inbox Accessories,32
"realme GT 7T (Racing Yellow, 256 GB)","₹30,999","₹39,999",22% off,4.3,"1,043 Ratings & 103 Reviews",8 GB RAM | 256 GB ROM | 17.27 cm (6.8 inch) Full HD+ AMOLED Display | 50MP + 8MP | 32MP Front Camera | 7000 mAh Li-ion Battery | Dimensity 8400-MAX Processor | standard 1-year warranty for the device  and a 6-month warranty for accessories,32
LAVA A7 Torch+,"₹1,589","₹1,899",16% off,4,"1,759 Ratings & 131 Reviews",4 MB RAM | 32 MB ROM | Expandable Upto 32 GB | 6.1 cm (2.4 inch) Quarter QVGA Display | 0.3MP + 0MP | 0MP Front Camera | 2575 mAh Battery | Mtk Processor | 1 Year Handset Domestic warranty,32
"realme GT 7T (IceSense Blue, 256 GB)","₹30,999","₹39,999",22% off,4.3,"1,043 Ratings & 103 Reviews",8 GB RAM | 256 GB ROM | 17.27 cm (6.8 inch) Full HD+ AMOLED Display | 50MP + 8MP | 32MP Front Camera | 7000 mAh Li-ion Battery | Dimensity 8400-MAX Processor | standard 1-year warranty for the device  and a 6-month warranty for accessories,32
"MOTOROLA Edge 60 Fusion 5G (PANTONE Mykonos Blue, 256 GB)","₹24,999","₹25,999",3% off,4.4,"1,15,882 Ratings & 6,741 Reviews",8 GB RAM | 256 GB ROM | Expandable Upto 1 TB | 16.94 cm (6.67 inch) Display | 50MP + 13MP | 32MP Front Camera | 5500 mAh Battery | Dimensity 7400 Processor | 68W Charger | 1 Year Warranty on Handset and 6 Months Warranty on Accessories,32
"REDMI Note 14 Pro 5G (Titan Black, 128 GB)","₹23,999","₹28,999",17% off,4.4,"5,889 Ratings & 395 Reviews",8 GB RAM | 128 GB ROM | 16.94 cm (6.67 inch) Display | 50MP + 8MP + 2MP | 20MP Front Camera | 5500 mAh Battery | Dimensity 7300 Ultra Processor | 1 Year Manufacturer Warranty for Phone and 6 Months Warranty for In the Box Accessories,32
"Apple iPhone 17 Pro Max (Silver, 256 GB)","₹1,34,900","₹1,49,900",10% off,4.8,709 Ratings & 51 Reviews,"256 GB ROM | 17.53 cm (6.9 inch) Super Retina XDR Display | 48MP + 48MP + 48MP | 18MP Front Camera | A19 Chip, 6 Core Processor Processor | Apple One (1) Year Limited Warranty",32
"REDMI 15C 5G (Dusk Purple, 128 GB)","₹20,316","₹21,999",7% off,4.3,164 Ratings & 12 Reviews,8 GB RAM | 128 GB ROM | 17.53 cm (6.9 inch) Display | 50MP Rear Camera | 6000 mAh Battery | 1 year manufacturer warranty for device and 6 months manufacturer warranty for in-box accessories including batteries from the date of purchase,32
Jio V4 BLUE,₹775,"₹1,699",54% off,4,91 Ratings & 12 Reviews,32 MB RAM | 32 MB ROM | Expandable Upto 128 MB | 11.43 cm (4.5 inch) QVGA Display | 0.3MP Rear Camera | 0MP Front Camera | 1000 mAh Battery | NA Processor | 1 YEAR,32
BlackZone PEPSO,₹959,"₹1,699",43% off,4.3,64 Ratings & 13 Reviews,32 MB RAM | 32 MB ROM | 2.54 cm (1 inch) Display | 0.3MP Rear Camera | 800 mAh Battery | 1 Year Manufacturer Warranty for Device,32
"vivo V70 FE (Northern Lights Purple, 256 GB)","₹40,999","₹44,999",8% off,4.4,181 Ratings & 23 Reviews,8 GB RAM | 256 GB ROM | 17.35 cm (6.83 inch) Full HD+ AMOLED Display | 200MP + 8MP | 50MP Front Camera | 7000 mAh Li-ion Battery | Dimensity 7360-Turbo Processor | 1 Year Manufacturer Warranty for Device and 6 Months Manufacturer Warranty for Inbox Accessories,32
"realme P4x 5G (Matte Silver, 128 GB)","₹18,499","₹21,999",15% off,4.4,"8,941 Ratings & 678 Reviews",6 GB RAM | 128 GB ROM | 17.07 cm (6.72 inch) Full HD+ Display | 50MP + 2MP | 8MP Front Camera | 7000 mAh Battery | Dimensity 7400 Ultra Processor | 1 Year Manufacturer Warranty for Phone and 6 Months Warranty for In-Box Accessories,32
"realme P4x 5G (Elegant Pink, 128 GB)","₹18,499","₹21,999",15% off,4.4,"8,941 Ratings & 678 Reviews",6 GB RAM | 128 GB ROM | 17.07 cm (6.72 inch) Full HD+ Display | 50MP + 2MP | 8MP Front Camera | 7000 mAh Battery | Dimensity 7400 Ultra Processor | 1 Year Manufacturer Warranty for Phone and 6 Months Warranty for In-Box Accessories,32
"realme P4x 5G (Lake Green, 128 GB)","₹18,499","₹21,999",15% off,4.4,"8,941 Ratings & 678 Reviews",6 GB RAM | 128 GB ROM | 17.07 cm (6.72 inch) Full HD+ Display | 50MP + 2MP | 8MP Front Camera | 7000 mAh Battery | Dimensity 7400 Ultra Processor | 1 Year Manufacturer Warranty for Phone and 6 Months Warranty for In-Box Accessories,32
"Samsung Galaxy F56 5G (Violet, 128 GB)","₹23,449","₹30,999",24% off,4.4,346 Ratings & 20 Reviews,8 GB RAM | 128 GB ROM | 17.02 cm (6.7 inch) Full HD+ Display | 50MP + 8MP + 2MP | 12MP Front Camera | 5000 mAh Battery | Exynos 1480 Processor | 1 Year Manufacturer Warranty for Device and 6 Months for In-Box Accessories,32
"IQOO 15R 5G (Triumph Silver, 256 GB)","₹52,990","₹56,999",7% off,4.6,74 Ratings & 5 Reviews,12 GB RAM | 256 GB ROM | 16.74 cm (6.59 inch) Display | 50MP Rear Camera | 7600 mAh Battery | 12 Months Brand Warranty,32
"MOTOROLA Edge 60 Fusion 5G (PANTONE Amazonite, 256 GB)","₹24,999","₹25,999",3% off,4.4,"1,15,882 Ratings & 6,741 Reviews",8 GB RAM | 256 GB ROM | Expandable Upto 1 TB | 16.94 cm (6.67 inch) Display | 50MP + 13MP | 32MP Front Camera | 5500 mAh Battery | Dimensity 7400 Processor | 68W Charger | 1 Year Warranty on Handset and 6 Months Warranty on Accessories,32
UiSmart Ui06,"₹1,485","₹2,199",32% off,4,"1,449 Ratings & 128 Reviews",512 MB RAM | 32 MB ROM | Expandable Upto 32 TB | 4.5 cm (1.77 inch) QVGA Display | 2MP + 0MP | 0MP Front Camera | 1050 mAh Battery | Feature Phone Processor | 1 Year For Handset and Six months for Accessories,32
HOTLINE CLASSIC PROLITE,₹480,₹999,51% off,3.4,74 Ratings & 3 Reviews,32 MB RAM | 32 MB ROM | Expandable Upto 16 GB | 4.57 cm (1.8 inch) NA Display | 1.3MP + 0MP | 0MP Front Camera | 1100 mAh Battery | NA Processor | 6 Months Manufacturer Warranty,32
"IQOO 15R 5G (Dark Knight, 256 GB)","₹49,990","₹53,999",7% off,4.7,87 Ratings & 12 Reviews,8 GB RAM | 256 GB ROM | 16.74 cm (6.59 inch) Display | 50MP Rear Camera | 7600 mAh Battery | 12 Months Brand Warranty,32
"vivo V70 FE (Northern Lights Purple, 256 GB)","₹44,999","₹47,999",6% off,4.3,58 Ratings & 5 Reviews,12 GB RAM | 256 GB ROM | 17.35 cm (6.83 inch) Full HD+ AMOLED Display | 200MP + 8MP | 50MP Front Camera | 7000 mAh Li-ion Battery | Dimensity 7360-Turbo Processor | 1 Year Manufacturer Warranty for Device and 6 Months Manufacturer Warranty for Inbox Accessories,33
"realme 15T 5G (Suit Titanium, 128 GB)","₹27,999","₹31,999",12% off,4.2,"6,294 Ratings & 441 Reviews",8 GB RAM | 128 GB ROM | 16.69 cm (6.57 inch) Full HD Display | 50MP + 2MP | 50MP Front Camera | 7000 mAh Battery | MediaTek Dimensity 6400 MAX Processor | 1 Year Manufacturer Warranty for Device and 6 Months Manufacturer Warranty for Inbox Accessories,33
"realme P4 Power 5G (TransSilver, 128 GB)","₹27,999","₹32,999",15% off,4.5,"3,759 Ratings & 340 Reviews",8 GB RAM | 128 GB ROM | 17.27 cm (6.8 inch) Full HD+ AMOLED Display | 50MP + 8MP | Yes | 10001 mAh Battery | Dimensity 7400 Ultra Processor | 1 Year Manufacturer Warranty for Device and 6 Months Manufacturer Warranty for Inbox Accessories,33
"vivo T5x 5G (Cyber Green, 128 GB)","₹22,999","₹28,999",20% off,4.4,"5,072 Ratings & 344 Reviews",6 GB RAM | 128 GB ROM | 17.17 cm (6.76 inch) Display | 50MP + 2MP | 32MP Front Camera | 7200 mAh Li-ion Battery | Dimensity 7400-Turbo Processor | 1 Year Manufacturer Warranty for Device and 6 Months Manufacturer Warranty for Inbox Accessories,33
"OPPO Reno15 Pro Mini 5G (Crystal Pink, 256 GB)","₹59,999","₹64,999",7% off,4.6,542 Ratings & 51 Reviews,12 GB RAM | 256 GB ROM | 16.05 cm (6.32 inch) Full HD+ Display | 200MP + 50MP + 50MP | Yes | 6200 mAh Battery | Dimensity 8450 Processor | 1 Year Manufacturer Warranty for Device and 6 Months Manufacturer Warranty for Inbox Accessories,33
"Samsung Galaxy S26 Ultra 5G (Sky Blue, 256 GB)","₹1,30,999","₹1,39,999",6% off,4.6,419 Ratings & 84 Reviews,12 GB RAM | 256 GB ROM | 17.53 cm (6.9 inch) Quad HD+ Display | 200MP + 50MP | 12MP Front Camera | 5000 mAh Li-ion Battery | Snapdragon 8 Elite Gen 5 Processor | 1 Year Manufacturer Warranty for Device and 6 Months for In-Box Accessories,33
Easyfone Royale,"₹5,100","₹5,990",14% off,4.1,"1,575 Ratings & 153 Reviews","32 MB RAM | 32 MB ROM | Expandable Upto 32 GB | 7.11 cm (2.8 inch) QVGA Display | 0.3MP Rear Camera | 0MP Front Camera | 1150 mAh Battery | Easy to Dial, Use and Charge | Clear Sound with Sound Boost Option | Configure Easyfone Remotely from Anywhere | 1 Year for Handset",33
"vivo X300 (Mist Blue, 256 GB)","₹75,999","₹83,999",9% off,4.7,"1,149 Ratings & 148 Reviews",12 GB RAM | 256 GB ROM | 40.74 cm (16.04 cm) Display | 200MP + 50MP + 50MP | 50MP Front Camera | 6040 mAh Battery | Dimensity 9500 Processor | 1 Year Warranty on Handset and 6 Months Warranty on Accessories,33
Jmax DELUXE 6,₹599,₹999,40% off,4,718 Ratings & 58 Reviews,32 MB RAM | 32 MB ROM | 4.57 cm (1.8 inch) Display | 0.3MP Rear Camera | 1000 mAh Battery | 1 Year Manufacturer warranty,33
"Samsung Galaxy S25 5G (Silver Shadow, 256 GB)","₹62,999","₹80,999",22% off,4.6,"2,873 Ratings & 336 Reviews",12 GB RAM | 256 GB ROM | 15.75 cm (6.2 inch) Full HD+ Display | 50MP + 10MP + 12MP | 12MP Front Camera | 4000 mAh Battery | 8 Elite Processor | 1 Year Manufacturer Warranty for Device and 6 Months for In-Box Accessories,33
itel Ace2 Heera | King Talker | Auto Call Recording | Expendable Storage32GB,₹990,"₹1,099",9% off,4,409 Ratings & 19 Reviews,32 MB RAM | 32 MB ROM | Expandable Upto 32 GB | 4.57 cm (1.8 inch) Display | 1000 mAh Battery | 1 year manufacturer Warranty,33
"realme GT 7T (Racing Yellow, 256 GB)","₹33,499","₹42,999",22% off,4.4,627 Ratings & 58 Reviews,12 GB RAM | 256 GB ROM | 17.27 cm (6.8 inch) Full HD+ AMOLED Display | 50MP + 8MP | 32MP Front Camera | 7000 mAh Li-ion Battery | Dimensity 8400-MAX Processor | standard 1-year warranty for the device  and a 6-month warranty for accessories,33
"Infinix Note 12 (Force Black, 64 GB)","₹11,999","₹15,999",25% off,4.2,"28,153 Ratings & 2,655 Reviews",4 GB RAM | 64 GB ROM | Expandable Upto 512 GB | 17.02 cm (6.7 inch) Full HD+ AMOLED Display | 50MP + 2MP Depth + AI Lens | 16MP Front Camera | 5000 mAh Li-ion Polymer Battery | MediaTek Helio G88 Processor | 1 Year on Handset and 6 Months on Accessories,33
"vivo X300 (Summit Red, 512 GB)","₹85,999","₹93,999",8% off,4.5,74 Ratings & 8 Reviews,16 GB RAM | 512 GB ROM | 40.74 cm (16.04 cm) Display | 200MP + 50MP + 50MP | 50MP Front Camera | 6040 mAh Battery | Dimensity 9500 Processor | 1 Year Warranty on Handset and 6 Months Warranty on Accessories,33
"realme C85 5G (Parrot Purple, 128.0 GB)","₹20,999","₹24,999",16% off,4.3,181 Ratings & 11 Reviews,4 GB RAM | 128.0 GB ROM | 17.27 cm (6.8 inch) HD+ Display | 50MP Rear Camera | 8MP Front Camera | 7000 mAh Battery | Dimensity 6300 Processor | 1 Year Manufacturer Warranty for Phone and 6 Months Warranty for In-Box Accessories,33
"Samsung Galaxy S26 Ultra 5G (White, 512 GB)","₹1,50,999","₹1,59,999",5% off,4.6,419 Ratings & 84 Reviews,12 GB RAM | 512 GB ROM | 17.53 cm (6.9 inch) Quad HD+ Display | 200MP + 50MP | 12MP Front Camera | 5000 mAh Li-ion Battery | Snapdragon 8 Elite Gen 5 Processor | 1 Year Manufacturer Warranty for Device and 6 Months for In-Box Accessories,33
"REDMI A7 Pro (Black, 64 GB)","₹11,499","₹15,999",28% off,3.3,24 Ratings & 2 Reviews,4 GB RAM | 64 GB ROM | Expandable Upto 2 TB | 17.53 cm (6.9 inch) HD+ Display | 13MP Rear Camera | 8MP Front Camera | 6300 mAh Lithium-Ion Battery | T7250 Processor | 1 Year Manufacturer Warranty for Phone and 6 Months Warranty for In the Box Accessories,33
Jio Bharat v4 black with upi,₹787,"₹1,699",53% off,3.8,365 Ratings & 32 Reviews,32 MB RAM | 32 MB ROM | Expandable Upto 128 MB | 11.43 cm (4.5 inch) QVGA Display | 0.3MP Rear Camera | 0MP Front Camera | 1000 mAh Battery | NA Processor | 1 year,33
"Samsung Galaxy S25 FE 5G (Jetblack, 512 GB)","₹62,999","₹77,999",19% off,4.5,383 Ratings & 32 Reviews,8 GB RAM | 512 GB ROM | 17.02 cm (6.7 inch) Full HD+ Display | 50MP + 12MP + 8MP | 12MP Front Camera | 4900 mAh Li-ion Battery | Exynos 2400 Processor | 1 Year Manufacturer Warranty for Device and 6 Months for In-Box Accessories,33
"IQOO 15R 5G (Dark Knight, 256 GB)","₹53,999","₹56,999",5% off,4.6,74 Ratings & 5 Reviews,12 GB RAM | 256 GB ROM | 16.74 cm (6.59 inch) Display | 50MP Rear Camera | 7600 mAh Battery | 12 Months Brand Warranty,33
"IQOO 15R 5G (Triumph Silver, 256 GB)","₹48,990","₹49,999",2% off,4.7,87 Ratings & 12 Reviews,8 GB RAM | 256 GB ROM | 16.74 cm (6.59 inch) Display | 50MP Rear Camera | 7600 mAh Battery | 12 Months Brand Warranty,33
"MOTOROLA Signature (PANTONE Martini Olive, 1 TB)","₹67,499","₹84,999",20% off,4.4,484 Ratings & 82 Reviews,16 GB RAM | 1 TB ROM | 17.27 cm (6.8 inch) Super HD Display | 50MP + 50MP + 50MP | 50MP Front Camera | 5200 mAh Battery | Snapdragon 8 Gen 5 Processor | 1 Year Warranty on Handset and 6 Months Warranty on Accessories,33
"OPPO K13 Turbo Pro 5G (Silver Knight, 256 GB)","₹31,999","₹41,999",23% off,4.3,276 Ratings & 24 Reviews,8 GB RAM | 256 GB ROM | 17.27 cm (6.8 inch) Full HD+ Display | 50MP + 2MP | 16MP Front Camera | 7000 mAh Battery | 8s Gen 4 Mobile Platform Processor | 1 Year Manufacturer Warranty for Device and 6 Months Manufacturer Warranty for Inbox Accessories,33
"REDMI Note 14 Pro 5G (Phantom Purple, 128 GB)","₹23,999","₹28,999",17% off,4.4,"5,889 Ratings & 395 Reviews",8 GB RAM | 128 GB ROM | 16.94 cm (6.67 inch) Display | 50MP + 8MP + 2MP | 20MP Front Camera | 5500 mAh Battery | Dimensity 7300 Ultra Processor | 1 Year Manufacturer Warranty for Phone and 6 Months Warranty for In the Box Accessories,33
"realme Narzo Power (Titan Blue, 256 GB)","₹26,099","₹37,999",31% off,4.1,7 Ratings & 1 Reviews,8 GB RAM | 256 GB ROM | 17.27 cm (6.8 inch) Display | 50MP Rear Camera | 10001 mAh Battery | 12 months,34
LAVA A1 Tejas,"₹1,154","₹1,499",23% off,4,8 Ratings & 1 Reviews,4 MB RAM | 4 MB ROM | Expandable Upto 32 GB | 5.08 cm (2 inch) Quarter QVGA Display | 0.3MP + 0MP | 0MP Front Camera | 1000 mAh Battery | Mtk Processor | 1 Year Manufacturer Replacement Guarantee for Phone and 6 months Replacement for Accessories in the Box,34
"POCO X7 5G (Glacier Green, 256 GB)","₹19,999","₹27,999",28% off,4.3,"28,853 Ratings & 2,310 Reviews",8 GB RAM | 256 GB ROM | 16.94 cm (6.67 inch) Display | 50MP + 8MP + 2MP | 20MP Front Camera | 5500 mAh Battery | Dimensity 7300 Ultra Processor | 1 Year Manufacturer Warranty for Phone and 6 Months Warranty for In the Box Accessories,34
LAVA A1 Josh,"₹1,099","₹1,499",26% off,4.2,"23,027 Ratings & 2,139 Reviews",4 MB RAM | 32 MB ROM | Expandable Upto 32 GB | 4.57 cm (1.8 inch) Quarter QVGA Display | 800 mAh Battery | 1 Year Manufacturer Warranty for Device and 6 Months Manufacturer Warranty for In-box Accessories Including Battery from the Date of Purchase,34
"realme P4 Power 5G (TransSilver, 128 GB)","₹27,999","₹32,999",15% off,4.5,"3,759 Ratings & 340 Reviews",8 GB RAM | 128 GB ROM | 17.27 cm (6.8 inch) Full HD+ AMOLED Display | 50MP + 8MP | Yes | 10001 mAh Battery | Dimensity 7400 Ultra Processor | 1 Year Manufacturer Warranty for Device and 6 Months Manufacturer Warranty for Inbox Accessories,34
"vivo T5x 5G (Cyber Green, 128 GB)","₹22,999","₹28,999",20% off,4.4,"5,072 Ratings & 344 Reviews",6 GB RAM | 128 GB ROM | 17.17 cm (6.76 inch) Display | 50MP + 2MP | 32MP Front Camera | 7200 mAh Li-ion Battery | Dimensity 7400-Turbo Processor | 1 Year Manufacturer Warranty for Device and 6 Months Manufacturer Warranty for Inbox Accessories,34
"POCO C85x Charger in the Box (Emerald Green, 64 GB)","₹11,999","₹20,999",42% off,4,850 Ratings & 49 Reviews,4 GB RAM | 64 GB ROM | Expandable Upto 2 TB | 17.53 cm (6.9 inch) HD+ Display | 32MP Rear Camera | 6300 mAh Lithium-Ion Polymer Battery | T8300 Processor | 1 Year Manufacturer Warranty for Phone and 6 Months Warranty for In the Box Accessories,34
leysky hotline H312 Amaze Keypad Phone,₹666,₹999,33% off,4,8 Ratings & 1 Reviews,16 MB RAM | 16 MB ROM | Expandable Upto 16 GB | 1.68 cm (0.66 inch) NA Display | 0.3MP Rear Camera | 1100 mAh Battery | Mediatek Processor | 3 months warranty,34
"POCO X8 Pro (Iron man edition, 256 GB)","₹37,999","₹48,999",22% off,4.4,315 Ratings & 57 Reviews,12 GB RAM | 256 GB ROM | 16.74 cm (6.59 inch) Full HD+ AMOLED Display | 50MP + 8MP | 20MP Front Camera | 6500 mAh Lithium-Ion Polymer With Silicon Carbon Technology Battery | Dimensity 8500-Ultra Processor | 1 Year Manufacturer Warranty for Phone and 6 Months Warranty for In the Box Accessories,34
"Apple iPhone 16 Plus (Pink, 256 GB)","₹87,900","₹89,900",2% off,4.6,"3,979 Ratings & 238 Reviews","256 GB ROM | 17.02 cm (6.7 inch) Super Retina XDR Display | 48MP + 12MP | 12MP Front Camera | A18 Chip, 6 Core Processor Processor | 1 year warranty for phone and 1 year warranty for in Box Accessories.",34
"OPPO Reno15 Pro Mini 5G (Glacier White, 256 GB)","₹59,999","₹64,999",7% off,4.6,542 Ratings & 51 Reviews,12 GB RAM | 256 GB ROM | 16.05 cm (6.32 inch) Full HD+ Display | 200MP + 50MP + 50MP | Yes | 6200 mAh Battery | Dimensity 8450 Processor | 1 Year Manufacturer Warranty for Device and 6 Months Manufacturer Warranty for Inbox Accessories,34
"vivo X300 (Mist Blue, 512 GB)","₹85,999","₹93,999",8% off,4.5,74 Ratings & 8 Reviews,16 GB RAM | 512 GB ROM | 40.74 cm (16.04 cm) Display | 200MP + 50MP + 50MP | 50MP Front Camera | 6040 mAh Battery | Dimensity 9500 Processor | 1 Year Warranty on Handset and 6 Months Warranty on Accessories,34
"vivo V70 (Lemon Yellow, 256 GB)","₹53,999",,,4.4,178 Ratings & 18 Reviews,12 GB RAM | 256 GB ROM | 16.74 cm (6.59 inches) Full HD+ AMOLED Display | 50MP + 50MP + 8MP | Yes | 6500 mAh Li-ion battery Battery | Snapdragon 7 Gen 4 Processor | 1 Year Warranty on Handset and 6 Months Warranty on Accessories,34
"vivo X300 (Mist Blue, 512 GB)","₹81,990","₹89,999",8% off,4.7,"1,149 Ratings & 148 Reviews",12 GB RAM | 512 GB ROM | 40.74 cm (16.04 cm) Display | 200MP + 50MP + 50MP | 50MP Front Camera | 6040 mAh Battery | Dimensity 9500 Processor | 1 Year Warranty on Handset and 6 Months Warranty on Accessories,34
"Samsung Galaxy A35 5G (Awesome Iceblue, 128 GB)","₹33,999",,,4.4,"77,238 Ratings & 4,996 Reviews",8 GB RAM | 128 GB ROM | Expandable Upto 1 TB | 16.76 cm (6.6 inch) Full HD+ Display | 50MP + 8MP + 5MP | 13MP Front Camera | 5000 mAh Battery | Samsung Exynos 1380 Processor | 1 Year Manufacturer Warranty for Device and 6 Months for In-Box Accessories,34
"vivo X300 (Elite Black, 512 GB)","₹85,999","₹93,999",8% off,4.5,74 Ratings & 8 Reviews,16 GB RAM | 512 GB ROM | 40.74 cm (16.04 cm) Display | 200MP + 50MP + 50MP | 50MP Front Camera | 6040 mAh Battery | Dimensity 9500 Processor | 1 Year Warranty on Handset and 6 Months Warranty on Accessories,34
"realme P4 Pro 5G (Birch Wood, 256 GB)","₹29,999","₹32,999",9% off,4.4,"4,112 Ratings & 337 Reviews",12 GB RAM | 256 GB ROM | 17.27 cm (6.8 inch) Display | 50MP + 8MP | 50MP Front Camera | 7000 mAh Battery | Snapdragon 7 Gen 4 Mobile Processor | 1 Year Manufacturer Warranty for Device and 6 Months Manufacturer Warranty for Inbox Accessories,34
"realme P4 Pro 5G (Dark Oak Wood, 256 GB)","₹27,999","₹30,999",9% off,4.4,"18,129 Ratings & 1,468 Reviews",8 GB RAM | 256 GB ROM | 17.27 cm (6.8 inch) Display | 50MP + 8MP | 50MP Front Camera | 7000 mAh Battery | Snapdragon 7 Gen 4 Mobile Processor | 1 Year Manufacturer Warranty for Device and 6 Months Manufacturer Warranty for Inbox Accessories,34
itel King Signal Keypad Mobile | Type C Charging | Auto Call recording | Triple Sim,"₹1,390","₹1,899",26% off,4,101 Ratings & 9 Reviews,4 MB RAM | 4 MB ROM | Expandable Upto 32 GB | 5.08 cm (2 inch) Display | 0.3MP Rear Camera | 1500 mAh Battery | 12+1 months manufacturer warranty,34
"LAVA Blaze AMOLED 2 5G (Midnight Black, 128 GB)","₹15,890","₹16,999",6% off,4.3,147 Ratings & 22 Reviews,6 GB RAM | 128 GB ROM | 17.02 cm (6.7 inch) Full HD+ Display | 50MP Rear Camera | 5000 mAh Battery | 1 Year Handset Warranty and 6 Months Warranty on Accessories,34
"REDMI Note 14 Pro 5G (Ivy Green, 256 GB)","₹25,999","₹30,999",16% off,4.4,"5,889 Ratings & 395 Reviews",8 GB RAM | 256 GB ROM | 16.94 cm (6.67 inch) Display | 50MP + 8MP + 2MP | 20MP Front Camera | 5500 mAh Battery | Dimensity 7300 Ultra Processor | 1 Year Manufacturer Warranty for Phone and 6 Months Warranty for In the Box Accessories,34
leysky Bold V1 Luxury Magic Voice Keypad Phone,"₹2,490","₹2,999",16% off,4.3,21 Ratings & 1 Reviews,32 MB RAM | 32 MB ROM | Expandable Upto 16 GB | 4.57 cm (1.8 inch) VGA Display | 0.3MP Rear Camera | 1000 mAh Battery | Mediatek Processor | 3 months warranty,34
"Samsung Galaxy F17 5G (Violet Pop, 128 GB)","₹17,990","₹25,999",30% off,4.3,146 Ratings & 7 Reviews,6 GB RAM | 128 GB ROM | Expandable Upto 2 TB | 17.02 cm (6.7 inch) Full HD+ Display | 50MP + 5MP | 13MP Front Camera | 5000 mAh Battery | Exynos 1330 Processor | 1 Year Manufacturer Warranty for Device and 6 Months for In-Box Accessories,34
"realme 15x 5G (Maroon Red, 128 GB)","₹23,999","₹28,999",17% off,4.3,"3,541 Ratings & 249 Reviews",6 GB RAM | 128 GB ROM | Expandable Upto 2 TB | 17.27 cm (6.8 inch) Display | 50MP Rear Camera | 50MP Front Camera | 7000 mAh Battery | Dimensity 6300 6nm Octa-core chipset Processor | 1 Year Manufacturer Warranty for Device and 6 Months Manufacturer Warranty for Inbox Accessories,34
"realme P4 Power 5G (TransSilver, 128 GB)","₹27,999","₹32,999",15% off,4.5,"3,759 Ratings & 340 Reviews",8 GB RAM | 128 GB ROM | 17.27 cm (6.8 inch) Full HD+ AMOLED Display | 50MP + 8MP | Yes | 10001 mAh Battery | Dimensity 7400 Ultra Processor | 1 Year Manufacturer Warranty for Device and 6 Months Manufacturer Warranty for Inbox Accessories,35
"vivo T5x 5G (Cyber Green, 128 GB)","₹22,999","₹28,999",20% off,4.4,"5,072 Ratings & 344 Reviews",6 GB RAM | 128 GB ROM | 17.17 cm (6.76 inch) Display | 50MP + 2MP | 32MP Front Camera | 7200 mAh Li-ion Battery | Dimensity 7400-Turbo Processor | 1 Year Manufacturer Warranty for Device and 6 Months Manufacturer Warranty for Inbox Accessories,35
"POCO M7 5G  - Locked with Airtel Prepaid (Satin Black, 128 GB)","₹12,999",,,4.1,"77,088 Ratings & 3,683 Reviews",6 GB RAM | 128 GB ROM | Expandable Upto 1 TB | 17.48 cm (6.88 inch) HD+ Display | 50MP Rear Camera | 8MP Front Camera | 5160 mAh Battery | 4 Gen 2 5G Processor | 1 Year Manufacturer Warranty for Phone and 6 Months Warranty for In the Box Accessories,35
"POCO C81x (Ice Blue, 64 GB)","₹9,999","₹18,999",47% off,3.9,9 Ratings & 1 Reviews,3 GB RAM | 64 GB ROM | Expandable Upto 2 TB | 17.48 cm (6.88 inch) Display | 13MP Rear Camera | 8MP Front Camera | 5200 mAh Lithium-Ion Polymer Battery | T7250 Processor | 1 Year Manufacturer Warranty for Phone and 6 Months Warranty for In the Box Accessories,35
Kechaoda K115,₹999,"₹1,499",33% off,4.1,"44,068 Ratings & 2,724 Reviews",32 MB RAM | 32 GB ROM | Expandable Upto 32 MB | 3.66 cm (1.44 inch) NA Display | 0.3MP + 0MP | 0MP Front Camera | 850 mAh Battery | NA Processor | 3 Months Company Warranty,35
"OnePlus Nord CE5 5G (Nexus Blue, 128 GB)","₹28,999",,,4.5,"11,336 Ratings & 621 Reviews",8 GB RAM | 128 GB ROM | 17.2 cm (6.77 inch) Display | 50MP Rear Camera | 7100 mAh Battery | 1 Year Warranty,35
"Samsung Galaxy A26 5G (Awesome black, Black, 128 GB)","₹23,600","₹27,999",15% off,4,387 Ratings & 31 Reviews,8 GB RAM | 128 GB ROM | Expandable Upto 1 TB | 17.02 cm (6.7 inch) Full HD+ Display | 50MP + 8MP | 13MP Front Camera | 5000 mAh Battery | Samsung Exynos 1380 Processor | 1 Year Manufacturer Warranty for Device and 6 Months for In-Box Accessories,35
"realme Narzo 100 Lite 5G (Frost Silver, 128 GB)","₹17,949","₹31,999",43% off,,,6 GB RAM | 128 GB ROM | 17.27 cm (6.8 inch) Display | 50MP Rear Camera | 7000 mAh Battery | 1 year manufacturer warranty for device and 6 months manufacturer warranty for in-box accessories including batteries from the date of purchase,35
"LAVA Agni 3 5G (Pristine Glass, 128 GB)","₹21,499","₹25,999",17% off,3.8,348 Ratings & 35 Reviews,8 GB RAM | 128 GB ROM | 17.02 cm (6.7 inch) Display | 50MP Rear Camera | 5000 mAh Battery | 1 Year Warranty on Handset and 6 Months Warranty on Accessories,35
"OPPO Reno15 5G (Glacier White, 512 GB)","₹55,999","₹59,999",6% off,4.5,316 Ratings & 21 Reviews,12 GB RAM | 512 GB ROM | 16.74 cm (6.59 inch) Full HD+ Display | 50MP + 50MP + 8MP | Yes | 6500 mAh Battery | 7 Gen 4 Processor | 1 Year Manufacturer Warranty for Device and 6 Months Manufacturer Warranty for Inbox Accessories,35
"OPPO Reno15 5G (Glacier White, 256 GB)","₹47,999","₹49,999",4% off,4.5,606 Ratings & 67 Reviews,8 GB RAM | 256 GB ROM | 16.74 cm (6.59 inch) Full HD+ Display | 50MP + 50MP + 8MP | Yes | 6500 mAh Battery | 7 Gen 4 Processor | 1 Year Manufacturer Warranty for Device and 6 Months Manufacturer Warranty for Inbox Accessories,35
"Samsung Galaxy S26 5G (Black, 512 GB)","₹99,999","₹1,07,999",7% off,4.5,156 Ratings & 26 Reviews,12 GB RAM | 512 GB ROM | 16.0 cm (6.3 inch) Full HD+ Display | 50MP + 12MP | 12MP Front Camera | 4300 mAh Li-ion Battery | 2600 Processor | 1 Year Manufacturer Warranty for Device and 6 Months for In-Box Accessories,35
"Samsung Galaxy S26 5G (White, 512 GB)","₹99,999","₹1,07,999",7% off,4.5,156 Ratings & 26 Reviews,12 GB RAM | 512 GB ROM | 16.0 cm (6.3 inch) Full HD+ Display | 50MP + 12MP | 12MP Front Camera | 4300 mAh Li-ion Battery | 2600 Processor | 1 Year Manufacturer Warranty for Device and 6 Months for In-Box Accessories,35
"Samsung Galaxy S26 5G (Sky Blue, 512 GB)","₹99,999","₹1,07,999",7% off,4.5,156 Ratings & 26 Reviews,12 GB RAM | 512 GB ROM | 16.0 cm (6.3 inch) Full HD+ Display | 50MP + 12MP | 12MP Front Camera | 4300 mAh Li-ion Battery | 2600 Processor | 1 Year Manufacturer Warranty for Device and 6 Months for In-Box Accessories,35
"Google Pixel 10 (Frost, 256 GB)","₹74,999","₹79,999",6% off,4.5,"1,954 Ratings & 148 Reviews",12 GB RAM | 256 GB ROM | 16.0 cm (6.3 inch) Quad HD+ Display | 48MP + 13MP + 10.8MP | 10.5MP Front Camera | 4970 mAh Battery | Tensor G5 Processor | 1 Year Domestic Warranty,35
"REDMI 15C 5G (Moonlight Blue, 128 GB)","₹14,950","₹15,999",6% off,4,239 Ratings & 14 Reviews,4 GB RAM | 128 GB ROM | 17.53 cm (6.9 inch) Display | 50MP Rear Camera | 6000 mAh Battery | 1 year manufacturer warranty for device and 6 months manufacturer warranty for in-box accessories including batteries from the date of purchase,35
Jmax Prime,₹828,"₹1,499",44% off,3.7,50 Ratings & 4 Reviews,32 MB RAM | 32 MB ROM | 6.1 cm (2.4 inch) NA Display | 1.3MP Rear Camera | 2250 mAh Battery | 3 Months Domestic Warranty 7698174900,35
"Samsung Galaxy S24 Exynos 5G (Marble Gray, 256 GB)","₹55,999","₹79,999",30% off,4.5,"6,845 Ratings & 445 Reviews",8 GB RAM | 256 GB ROM | 15.75 cm (6.2 inch) Full HD+ Display | 50MP + 10MP + 12MP | 12MP Front Camera | 4000 mAh Battery | Exynos 2400 Processor | 1 Year Manufacturer Warranty for Device and 6 Months for In-Box Accessories,35
Snexian BOLD A26,₹799,"₹1,499",46% off,3.4,58 Ratings & 1 Reviews,32 MB RAM | 32 MB ROM | 1.68 cm (0.66 inch) Display | 600 mAh Battery | 3 Months Domestic Warranty,35
HOTLINE 106,₹499,₹999,50% off,3.4,"1,229 Ratings & 63 Reviews",32 MB RAM | 32 MB ROM | 4.5 cm (1.77 inch) Display | 1.3MP Rear Camera | 1000 mAh Battery | The Hotline Mobiles has 3 Months Manufacture’s Warranty & after Warranty period we would like to help our customers with the best possible service under low expenses,35
"realme NARZO 80 Pro 5G (Nitro Orange, 256 GB)","₹23,950","₹25,999",7% off,4.4,"1,171 Ratings & 65 Reviews",8 GB RAM | 256 GB ROM | 17.02 cm (6.7 inch) Display | 50MP Rear Camera | 6000 mAh Battery | 1 Year Handset Warranty and 6 Months Warranty on Accessories,35
"Samsung Galaxy S26 5G (Sky Blue, 256 GB)","₹78,200","₹87,999",11% off,4.5,156 Ratings & 26 Reviews,12 GB RAM | 256 GB ROM | 16.0 cm (6.3 inch) Full HD+ Display | 50MP + 12MP | 12MP Front Camera | 4300 mAh Li-ion Battery | 2600 Processor | 1 Year Manufacturer Warranty for Device and 6 Months for In-Box Accessories,35
"OPPO Reno15 Pro Mini 5G (Cocoa Brown, 512 GB)","₹64,999","₹69,999",7% off,4.6,542 Ratings & 51 Reviews,12 GB RAM | 512 GB ROM | 16.05 cm (6.32 inch) Full HD+ Display | 200MP + 50MP + 50MP | Yes | 6200 mAh Battery | Dimensity 8450 Processor | 1 Year Manufacturer Warranty for Device and 6 Months Manufacturer Warranty for Inbox Accessories,35
"Samsung Galaxy S26 Ultra 5G (Black, 512 GB)","₹1,50,999","₹1,59,999",5% off,4.6,419 Ratings & 84 Reviews,12 GB RAM | 512 GB ROM | 17.53 cm (6.9 inch) Quad HD+ Display | 200MP + 50MP | 12MP Front Camera | 5000 mAh Li-ion Battery | Snapdragon 8 Elite Gen 5 Processor | 1 Year Manufacturer Warranty for Device and 6 Months for In-Box Accessories,35
"vivo T5x 5G (Cyber Green, 128 GB)","₹22,999","₹28,999",20% off,4.4,"5,072 Ratings & 344 Reviews",6 GB RAM | 128 GB ROM | 17.17 cm (6.76 inch) Display | 50MP + 2MP | 32MP Front Camera | 7200 mAh Li-ion Battery | Dimensity 7400-Turbo Processor | 1 Year Manufacturer Warranty for Device and 6 Months Manufacturer Warranty for Inbox Accessories,36
"OPPO F29 PRO 5G (Marble White, 256 GB)","₹27,845","₹34,999",20% off,4.4,"2,146 Ratings & 147 Reviews",8 GB RAM | 256 GB ROM | 17.02 cm (6.7 inch) Display | 50MP Rear Camera | 6000 mAh Battery | 1 Year Warranty on Handset and 6 Months Warranty on Accessories,36
"vivo Y51 Pro 5G (Festive Red, 256 GB)","₹30,999","₹37,999",18% off,4.5,97 Ratings & 3 Reviews,8 GB RAM | 256 GB ROM | 17.14 cm (6.75 inch) Full HD+ Display | 50MP + 2MP | 8MP Front Camera | 7200 mAh Li-ion Battery | 1 Year Warranty for Device and 6 Months Warranty for Accessories,36
"I Kall King Talking, Contact icon and Auto Call Recording",₹899,"₹1,299",30% off,3.6,"23,743 Ratings & 1,963 Reviews",32 MB RAM | 64 MB ROM | 6.1 cm (2.4 inch) Display | 0.3MP Rear Camera | 1000 mAh Battery | 12 Month Manufacturer Warranty,36
"Coolpad CP12 Neo (Pink, 64 GB)","₹8,999","₹9,999",10% off,4,20 Ratings & 2 Reviews,8 GB RAM | 64 GB ROM | Expandable Upto 512 GB | 16.66 cm (6.56 inch) Display | 13MP Rear Camera | 5MP Front Camera | 5000 mAh Battery | 1 Year Service Centre Warranty,36
"IQOO Z11X 5G (‎Titan Black, 128 GB)","₹23,999","₹29,999",20% off,4.4,384 Ratings & 31 Reviews,"6 GB RAM | 128 GB ROM | Expandable Upto 6 GB | 17.17 cm (6.76 inch) HD+ Display | 50MP + 50MP | 32MP Dual Front Camera | 7200 mAh Battery | MediaTek Dimensity 7400-Turbo Processor | one-year warranty on the handset, six months for accessories",36
Gamma M25,"₹1,494","₹2,999",50% off,4.5,15 Ratings & 9 Reviews,32 MB RAM | 32 MB ROM | 4.5 cm (1.77 inch) Display | 2MP Rear Camera | 1000 mAh Battery | No Warranty,36
"POCO M7 Plus 5G (Chrome Silver, 128 GB)","₹17,999",,,4.3,"4,819 Ratings & 303 Reviews",8 GB RAM | 128 GB ROM | Expandable Upto 2 TB | 17.53 cm (6.9 inch) Display | 50MP AI Dual Camera | 7000 mAh Battery | Snapdragon 6s Gen 3 5G Processor | 1 Year Manufacturer Warranty for Phone and 6 Months Warranty for In the Box Accessories,36
"REDMI A4 (Starry Black, 64 GB)","₹12,989","₹12,999",,4.2,"15,905 Ratings & 692 Reviews",4 GB RAM | 64 GB ROM | 17.48 cm (6.88 inch) Display | 50MP Rear Camera | 5160 mAh Battery | 1 Year,36
"Samsung Galaxy A56 5G (Awesome Light Gray, 256 GB)","₹52,499","₹52,999",,4.4,605 Ratings & 51 Reviews,12 GB RAM | 256 GB ROM | 17.02 cm (6.7 inch) Full HD+ Display | 50MP + 12MP + 5MP | 12MP Front Camera | 5000 mAh Battery | Samsung Exynos 1580 Processor | 1 Year Manufacturer Warranty for Device and 6 Months for In-Box Accessories,36
"Infinix Note edge (Stellar Blue, 256 GB)","₹25,999","₹34,999",25% off,4.3,107 Ratings & 14 Reviews,8 GB RAM | 256 GB ROM | 17.22 cm (6.78 inch) Full HD+ AMOLED Display | 50MP Rear Camera | 13MP Front Camera | 6500 mAh Battery | Dimensity 7100 Processor | 1 year for Handset 6 months for Accessories,36
"Samsung Galaxy F14 5G (OMG Black, 128 GB)","₹18,490",,,4.2,"1,22,770 Ratings & 8,904 Reviews","6 GB RAM | 128 GB ROM | Expandable Upto 1 TB | 16.76 cm (6.6 inch) Full HD+ Display | 50MP + 2MP | 13MP Front Camera | 6000 mAh Battery | Exynos 1330, Octa Core Processor | 1 Year Manufacturer Warranty for Device and 6 Months Manufacturer Warranty for In-Box Accessories",36
"Samsung Galaxy S24 5G Snapdragon (Cobalt Violet, 128 GB)","₹49,999","₹74,999",33% off,4.6,"57,084 Ratings & 3,711 Reviews",8 GB RAM | 128 GB ROM | 15.75 cm (6.2 inch) Full HD+ Display | 50MP + 12MP | 12MP Front Camera | 4000 mAh Battery | 8 Gen 3 Processor | 1 Year Manufacturer Warranty for Device and 6 Months for In-Box Accessories,36
"Samsung Galaxy F04 (Opal Green, 64 GB)","₹11,499",,,4.2,"1,09,532 Ratings & 6,121 Reviews",4 GB RAM | 64 GB ROM | Expandable Upto 1 TB | 16.51 cm (6.5 inch) HD Display | 13MP + 2MP | 5MP Front Camera | 5000 mAh Lithium-Ion Battery | Mediatek Helio P35 Processor | 1 Year Manufacturer Warranty for Device and 6 Months Manufacturer Warranty for In-Box Accessories,36
hmd 150 music DS,"₹2,264","₹2,899",21% off,4.3,31 Ratings & 4 Reviews,8 MB RAM | 4 MB ROM | 6.1 cm (2.4 inch) Display | 0.08MP Rear Camera | 2500 mAh Battery | 1 year manufacturer warranty,36
"realme 15 5G (Silk Pink, 256 GB)","₹31,999",,,4.4,"10,790 Ratings & 895 Reviews",8 GB RAM | 256 GB ROM | 17.27 cm (6.8 inch) Display | 50MP + 8MP | 50MP Front Camera | 7000 mAh Battery | Mediatek Dimensity 7300+ 5G Processor | 1 Year Manufacturer Warranty for Device and 6 Months Manufacturer Warranty for Inbox Accessories,36
"realme 15 5G (Velvet Green, 128 GB)","₹29,999",,,4.4,"10,790 Ratings & 895 Reviews",8 GB RAM | 128 GB ROM | 17.27 cm (6.8 inch) Display | 50MP + 8MP | 50MP Front Camera | 7000 mAh Battery | Mediatek Dimensity 7300+ 5G Processor | 1 Year Manufacturer Warranty for Device and 6 Months Manufacturer Warranty for Inbox Accessories,36
"REDMI Note-14 Pro+ 5G (Titan Black, 128 GB)","₹28,995","₹34,999",17% off,4.4,697 Ratings & 37 Reviews,8 GB RAM | 128 GB ROM | 16.94 cm (6.67 inch) Display | 50MP + 50MP + 8MP | 20MP Front Camera | 6200 mAh Battery | 7s Gen 3 Processor | 1 Year Manufacturer Warranty for Phone and 6 Months Warranty for In the Box Accessories,36
"Samsung Galaxy F06 5G (Bahama Blue, 64 GB)","₹12,499","₹14,999",16% off,4.2,"44,942 Ratings & 2,871 Reviews",4 GB RAM | 64 GB ROM | Expandable Upto 1500 GB | 17.02 cm (6.7 inch) HD+ Display | 50MP + 2MP | 8MP Front Camera | 5000 mAh Battery | Dimensity 6300 Processor | 1 Year Manufacturer Warranty for Device and 6 Months for In-Box Accessories,36
"OPPO A6 5G (Sapphire Blue, 128 GB)","₹23,999","₹30,999",22% off,4.3,50 Ratings & 3 Reviews,6 GB RAM | 128 GB ROM | 17.14 cm (6.75 inch) HD+ Display | 50MP + 2MP | Yes | 7000 mAh Battery | Dimensity 6300 Processor | 1 Year Manufacturer Warranty for Device and 6 Months Manufacturer Warranty for Inbox Accessories,36
"OPPO A6 5G (Ice White, 128 GB)","₹23,999","₹30,999",22% off,4.3,50 Ratings & 3 Reviews,6 GB RAM | 128 GB ROM | 17.14 cm (6.75 inch) HD+ Display | 50MP + 2MP | Yes | 7000 mAh Battery | Dimensity 6300 Processor | 1 Year Manufacturer Warranty for Device and 6 Months Manufacturer Warranty for Inbox Accessories,36
"OPPO F29 Pro 5G (Marble White, 256 GB)","₹34,999",,,4.4,"2,146 Ratings & 147 Reviews",8 GB RAM | 256 GB ROM | 17.02 cm (6.7 inch) Full HD+ Display | 50MP + 2MP | 16MP Front Camera | 6000 mAh Battery | Dimensity 7300 Processor | 1 Year Warranty on Handset and 6 Months Warranty on Accessories,36
"OPPO A6 Pro 5G (Cappuccino Brown, 256 GB)","₹29,999","₹34,999",14% off,4.3,108 Ratings & 9 Reviews,8 GB RAM | 256 GB ROM | 17.14 cm (6.75 inches) HD+ Display | 50MP + 2MP | Yes | 7000 mAh Battery | Dimensity 6300 Processor | 1 Year Manufacturer Warranty for Device and 6 Months Manufacturer Warranty for Inbox Accessories,36
"OnePlus 11 5G (Titan Black, 256 GB)","₹53,032","₹61,999",14% off,4.5,"1,914 Ratings & 160 Reviews",16 GB RAM | 256 GB ROM | 17.02 cm (6.7 inch) Display | 50MP Rear Camera | 16MP Front Camera | 5000 mAh Battery | domestic warranty of 12 months on phone & 6 months on accessories,36
"OPPO F33 Pro 5G (Misty Forest, 128 GB)","₹37,999","₹55,999",32% off,4.3,26 Ratings & 18 Reviews,8 GB RAM | 128 GB ROM | 16.69 cm (6.57 inch) Full HD+ AMOLED Display | 50MP + 2MP | 50MP Front Camera | 7000 mAh lithium-ion polymer Battery | Dimensity 6360 MAX Processor | 1 Year Manufacturer Warranty for Device and 6 Months Manufacturer Warranty for Inbox Accessories,37
"Samsung Galaxy Z Flip5 (Mint, 256 GB)","₹99,999","₹1,02,999",2% off,4.4,847 Ratings & 51 Reviews,8 GB RAM | 256 GB ROM | 17.02 cm (6.7 inch) Display | 12MP + 12MP | 10MP Front Camera | 3700 mAh Battery | Snapdragon 8 Gen 2 Processor | 1 Year Manufacturer Warranty for Device and 6 Months Manufacturer Warranty for In-Box Accessories,37
"vivo T5x 5G (Cyber Green, 128 GB)","₹22,999","₹28,999",20% off,4.4,"5,072 Ratings & 344 Reviews",6 GB RAM | 128 GB ROM | 17.17 cm (6.76 inch) Display | 50MP + 2MP | 32MP Front Camera | 7200 mAh Li-ion Battery | Dimensity 7400-Turbo Processor | 1 Year Manufacturer Warranty for Device and 6 Months Manufacturer Warranty for Inbox Accessories,37
"realme GT 8 Pro (Diary White, 256 GB)","₹72,999","₹79,999",8% off,4.3,59 Ratings & 5 Reviews,12 GB RAM | 256 GB ROM | 17.25 cm (6.79 inch) Quad HD+ Display | 50MP + 50MP + 200MP | 32MP Front Camera | 7000 mAh Battery | 8 Elite Gen 5 Processor | 1 Year Manufacturer Warranty for Phone and 6 Months Warranty for In-Box Accessories,37
"realme Narzo 80 Lite 5G (Crystal Purple, 128 GB)","₹18,990","₹18,999",,4.3,"8,526 Ratings & 368 Reviews",6 GB RAM | 128 GB ROM | 16.94 cm (6.67 inch) Display | 32MP Rear Camera | 6000 mAh Battery | 1 Year Warranty,37
"realme Narzo 80 Lite 5G (Onyx Black, 128 GB)","₹18,990","₹18,999",,4.3,"8,526 Ratings & 368 Reviews",6 GB RAM | 128 GB ROM | 16.94 cm (6.67 inch) Display | 32MP Rear Camera | 6000 mAh Battery | 1 Year Warranty,37
"OPPO F31 Pro 5G (Space Grey, 128 GB)","₹27,999","₹31,999",12% off,4.4,919 Ratings & 65 Reviews,8 GB RAM | 128 GB ROM | 16.69 cm (6.57 inch) Full HD+ Display | 50MP + 2MP | 32MP Front Camera | 7000 mAh Battery | Dimensity 7300 Processor | 1 Year brand warranty,37
"IQOO Z11X 5G (Prismatic Green, 128 GB)","₹23,976","₹30,999",22% off,4.3,573 Ratings & 51 Reviews,"8 GB RAM | 128 GB ROM | Expandable Upto 8 GB | 17.17 cm (6.76 inch) HD+ Display | 50MP + 50MP | 32MP Dual Front Camera | 7200 mAh Battery | MediaTek Dimensity 7400-Turbo Processor | one-year warranty on the handset, six months for accessories",37
"realme Narzo 80 Pro 5G (Racing Green, 256 GB)","₹23,989","₹25,999",7% off,4.4,"1,171 Ratings & 65 Reviews",8 GB RAM | 256 GB ROM | 17.2 cm (6.77 inch) Display | 50MP Rear Camera | 6000 mAh Battery | 1 Year Manufacturer Warranty for Phone and 6 Months Warranty for In the Box Accessories,37
"REDMI A7 Pro (Sunset Orange, 64 GB)","₹11,499","₹15,999",28% off,3.3,24 Ratings & 2 Reviews,4 GB RAM | 64 GB ROM | Expandable Upto 2 TB | 17.53 cm (6.9 inch) HD+ Display | 13MP Rear Camera | 8MP Front Camera | 6300 mAh Lithium-Ion Battery | T7250 Processor | 1 Year Manufacturer Warranty for Phone and 6 Months Warranty for In the Box Accessories,37
"OPPO A6 5G (Sapphire Blue, 256 GB)","₹25,999","₹32,999",21% off,4.3,50 Ratings & 3 Reviews,6 GB RAM | 256 GB ROM | 17.14 cm (6.75 inch) HD+ Display | 50MP + 2MP | Yes | 7000 mAh Battery | Dimensity 6300 Processor | 1 Year Manufacturer Warranty for Device and 6 Months Manufacturer Warranty for Inbox Accessories,37
"Peace MINI 2 (Gold, 32 GB)","₹4,900","₹4,999",1% off,3,34 Ratings & 0 Reviews,3 GB RAM | 32 GB ROM | 7.49 cm (2.95 inch) Display | 8MP Rear Camera | 2000 mAh Battery | 1 Year Company Service Center Warranty,37
"Samsung Galaxy A07 5G (Light Violet, 128 GB)","₹15,499","₹18,999",18% off,3.9,25 Ratings & 1 Reviews,4 GB RAM | 128 GB ROM | Expandable Upto 2 TB | 43.51 cm (17.13 inch) HD+ Display | 50MP + 2MP | 8MP Front Camera | 6000 mAh Li-ion Battery | Dimensity 6300 Processor | 1 Year Manufacturer Warranty for Device and 6 Months for In-Box Accessories,37
"Motorola G32 (Mineral Gray, 64 GB)","₹16,999",,,4.2,"46,613 Ratings & 3,930 Reviews",4 GB RAM | 64 GB ROM | 16.51 cm (6.5 inch) Full HD+ Display | 50MP + 8MP + 2MP | 16MP Front Camera | 5000 mAh Lithium Polymer Battery | Qualcomm Snapdragon 680 Processor | 1 Year on Handset and 6 Months on Accessories,37
"REDMI Note 15 Pro 5G (Carbon Black, 128 GB)","₹33,990","₹33,999",,4.2,91 Ratings & 7 Reviews,8 GB RAM | 128 GB ROM | 17.35 cm (6.83 inch) Display | 200MP Rear Camera | 6580 mAh Battery | 12 Months Brand Warranty,37
"REDMI Note 15 Pro 5G (Mirage Blue, 128 GB)","₹33,990","₹33,999",,4.2,91 Ratings & 7 Reviews,8 GB RAM | 128 GB ROM | 17.35 cm (6.83 inch) Display | 200MP Rear Camera | 6580 mAh Battery | 12 Months Brand Warranty,37
"REDMI Note-14 Pro+ 5G (Spectre Blue, 512 GB)","₹38,999","₹39,999",2% off,4.4,533 Ratings & 18 Reviews,12 GB RAM | 512 GB ROM | 16.94 cm (6.67 inch) Display | 50MP + 50MP + 8MP | 20MP Front Camera | 6200 mAh Battery | 7s Gen 3 Processor | 1 Year Manufacturer Warranty for Phone and 6 Months Warranty for In the Box Accessories,37
Jio F320-B LYF,"₹2,999","₹3,499",14% off,3.4,221 Ratings & 10 Reviews,"64 MB RAM | 64 MB ROM | Expandable Upto 8 GB | 6.1 cm (2.4 inch) VGA Display | 0.3MP Rear Camera | 1500 mAh Battery | qaualcom Processor | 3 ,months Warranty by Leyskystore",37
"OPPO A6 5G (Ice White, 256 GB)","₹25,999","₹32,999",21% off,4.3,50 Ratings & 3 Reviews,6 GB RAM | 256 GB ROM | 17.14 cm (6.75 inch) HD+ Display | 50MP + 2MP | Yes | 7000 mAh Battery | Dimensity 6300 Processor | 1 Year Manufacturer Warranty for Device and 6 Months Manufacturer Warranty for Inbox Accessories,37
"MOTOROLA edge 70 pro (Satin-Luxe PANTONE Tea (Green), 256 GB)","₹38,999","₹51,999",25% off,3.7,16 Ratings & 3 Reviews,8 GB RAM | 256 GB ROM | 17.27 cm (6.8 inch) Full HD+ Super AMOLED Display | 50MP + 50MP | 50MP Front Camera | 6500 mAh Silicon-Carbon Battery | Dimensity 8500 Extreme Processor | 1 Year on Handset and 6 Months on Accessories,37
"POCO X7 5G (Yellow, 128 GB)","₹17,999","₹24,999",28% off,4.3,"28,853 Ratings & 2,310 Reviews",8 GB RAM | 128 GB ROM | 16.94 cm (6.67 inch) Display | 50MP + 8MP + 2MP | 20MP Front Camera | 5500 mAh Battery | Dimensity 7300 Ultra Processor | 1 Year Manufacturer Warranty for Phone and 6 Months Warranty for In the Box Accessories,37
I Kall K 19 CAr,"₹1,305","₹1,999",34% off,4,"1,790 Ratings & 95 Reviews",32 MB RAM | 32 MB/64 MB ROM | 4.5 cm (1.77 inch) Display | 0.3MP Rear Camera | 800 mAh Battery | 1 Year warranty for mobile and 6 Months for box accessories ||,37
"Acer Super ZX 5G (Carbon Black,, 128 GB)","₹16,999","₹19,999",15% off,4,484 Ratings & 44 Reviews,6 GB RAM | 128 GB ROM | 17.02 cm (6.7 inch) Display | 64MP Rear Camera | 5000 mAh Battery | 1 Year Manufacturer,37
"Samsung Galaxy A07 5G (Black, 128 GB)","₹15,499","₹18,999",18% off,3.9,25 Ratings & 1 Reviews,4 GB RAM | 128 GB ROM | Expandable Upto 2 TB | 43.51 cm (17.13 inch) HD+ Display | 50MP + 2MP | 8MP Front Camera | 6000 mAh Li-ion Battery | Dimensity 6300 Processor | 1 Year Manufacturer Warranty for Device and 6 Months for In-Box Accessories,37
"realme Narzo 100 Lite 5G (Thunder Black, 128 GB)","₹14,925","₹24,999",40% off,,,4 GB RAM | 128 GB ROM | 17.27 cm (6.8 inch) Display | 50MP Rear Camera | 7000 mAh Battery | 1 year manufacturer warranty for device and 6 months manufacturer warranty for in-box accessories including batteries from the date of purchase,38
"realme Narzo 100 Lite 5G (Frost Silver, 64 GB)","₹13,930","₹24,999",44% off,,,4 GB RAM | 64 GB ROM | 17.27 cm (6.8 inch) HD+ Display | 50MP Rear Camera | 5MP Front Camera | 7000 mAh Battery | Dimensity 6300 MT6835 Processor | 1 year manufacturer warranty for device and 6 months manufacturer warranty for in-box accessories including batteries from the date of purchase,38
"realme P4 Power 5G (TransSilver, 128 GB)","₹27,999","₹32,999",15% off,4.5,"3,759 Ratings & 340 Reviews",8 GB RAM | 128 GB ROM | 17.27 cm (6.8 inch) Full HD+ AMOLED Display | 50MP + 8MP | Yes | 10001 mAh Battery | Dimensity 7400 Ultra Processor | 1 Year Manufacturer Warranty for Device and 6 Months Manufacturer Warranty for Inbox Accessories,38
"vivo T5x 5G (Cyber Green, 128 GB)","₹22,999","₹28,999",20% off,4.4,"5,072 Ratings & 344 Reviews",6 GB RAM | 128 GB ROM | 17.17 cm (6.76 inch) Display | 50MP + 2MP | 32MP Front Camera | 7200 mAh Li-ion Battery | Dimensity 7400-Turbo Processor | 1 Year Manufacturer Warranty for Device and 6 Months Manufacturer Warranty for Inbox Accessories,38
"realme Narzo 100 Lite 5G (Frost Silver, 128 GB)","₹14,875","₹27,999",46% off,,,4 GB RAM | 128 GB ROM | 17.27 cm (6.8 inch) Display | 50MP Rear Camera | 7000 mAh Battery | 1 year manufacturer warranty for device and 6 months manufacturer warranty for in-box accessories including batteries from the date of purchase,38
G'Five A11-C,₹690,₹999,30% off,3.5,38 Ratings & 4 Reviews,32 MB RAM | 32 MB ROM | 4.57 cm (1.8 inch) VGA Display | 0.3MP + 1MP | 1150 mAh Battery | UNISOC Processor | 3 Month Manufacturer Warranty,38
"Google Pixel 10 Pro XL (Obsidian, 256 GB)","₹1,24,999",,,4.5,173 Ratings & 16 Reviews,16 GB RAM | 256 GB ROM | 17.27 cm (6.8 inch) Quad HD+ Display | 48MP + 48MP + 48MP | 42MP Front Camera | 5200 mAh Battery | Tensor G5 Processor | 1 Year Domestic Warranty,38
"realme C83 5G (Sprouting Green, 64 GB)","₹15,499","₹19,999",22% off,4.1,123 Ratings & 6 Reviews,4 GB RAM | 64 GB ROM | 17.27 cm (6.8 inch) HD+ Display | 13MP Rear Camera | 5MP Front Camera | 7000 mAh Battery | Dimensity 6300 Processor | 1 Year Manufacturer Warranty for Device and 6 Months Manufacturer Warranty for Inbox Accessories,38
"REDMI 13 5G (Orchid Pink, 128 GB)","₹17,795","₹19,999",11% off,4.2,"15,624 Ratings & 812 Reviews",8 GB RAM | 128 GB ROM | 17.25 cm (6.79 inch) Full HD+ Display | 108MP Rear Camera | 5030 mAh Battery | Qualcomm SM4450 Snapdragon 4 Gen 2 AE (4 nm) Processor | 1 year manufacture warranty,38
"OPPO A5 5G (Aurora Green, 128 GB)","₹18,499","₹19,499",5% off,4.3,398 Ratings & 15 Reviews,6 GB RAM | 128 GB ROM | 16.94 cm (6.67 inch) HD+ Display | 50MP + 50MP + 2MP | 8MP + 8MP Dual Front Camera | 6000 mAh Battery | Dimensity 6300 Processor | 1 Year Manufacturer Warranty for Device and 6 Months for In-Box Accessories,38
"Infinix Note edge (Lunar Titanium, 256 GB)","₹25,999","₹34,999",25% off,4.3,107 Ratings & 14 Reviews,8 GB RAM | 256 GB ROM | 17.22 cm (6.78 inch) Full HD+ AMOLED Display | 50MP Rear Camera | 13MP Front Camera | 6500 mAh Battery | Dimensity 7100 Processor | 1 year for Handset 6 months for Accessories,38
"Infinix Note edge (Lunar Titanium, 128 GB)","₹23,999","₹29,999",20% off,4.3,107 Ratings & 14 Reviews,8 GB RAM | 128 GB ROM | 17.22 cm (6.78 inch) Full HD+ AMOLED Display | 50MP Rear Camera | 13MP Front Camera | 6500 mAh Battery | Dimensity 7100 Processor | 1 year for Handset 6 months for Accessories,38
"Infinix Note edge (Silk Green, 128 GB)","₹23,999","₹29,999",20% off,4.3,107 Ratings & 14 Reviews,8 GB RAM | 128 GB ROM | 17.22 cm (6.78 inch) Full HD+ AMOLED Display | 50MP Rear Camera | 13MP Front Camera | 6500 mAh Battery | Dimensity 7100 Processor | 1 year for Handset 6 months for Accessories,38
"realme Gt 7 (Icesense Blue, 256 GB)","₹36,999","₹45,999",19% off,4.4,704 Ratings & 88 Reviews,8 GB RAM | 256 GB ROM | 17.02 cm (6.7 inch) Full HD+ AMOLED Display | 50MP + 50MP + 8MP + 50MP | 32MP + 32MP Dual Front Camera | 7000 mAh Battery | Dimensity Processor | 1 Year manufacturer Warranty for handset & 6 months for accessories,38
"realme C83 5G (Sprouting Green, 128 GB)","₹19,499","₹23,999",18% off,4,22 Ratings & 1 Reviews,6 GB RAM | 128 GB ROM | 17.27 cm (6.8 inch) HD+ Display | 13MP Rear Camera | 5MP Front Camera | 7000 mAh Battery | Dimensity 6300 Processor | 1 Year Manufacturer Warranty for Device and 6 Months Manufacturer Warranty for Inbox Accessories,38
"realme C83 5G (Blooming Purple, 128 GB)","₹19,499","₹23,999",18% off,4,22 Ratings & 1 Reviews,6 GB RAM | 128 GB ROM | 17.27 cm (6.8 inch) HD+ Display | 13MP Rear Camera | 5MP Front Camera | 7000 mAh Battery | Dimensity 6300 Processor | 1 Year Manufacturer Warranty for Device and 6 Months Manufacturer Warranty for Inbox Accessories,38
LAVA A1 Vibe DS Keypad Phone|1000 mAh Battery|0.3MP Rear Camera|Expandable Upto 32 GB,"₹1,297","₹1,499",13% off,4.1,213 Ratings & 6 Reviews,24 MB ROM | Expandable Upto 32 GB | 4.5 cm (1.77 inch) Display | 0.3MP Rear Camera | 1000 mAh Battery | 1 year manufacturer replacement guarantee for Phone and 6 months replacement for accessories in the box,38
itel Ace2 Heera | King Talker | Auto Call Recording | Expendable Storage32GB,"₹1,049","₹1,199",12% off,4,409 Ratings & 19 Reviews,32 MB RAM | 32 MB ROM | Expandable Upto 32 GB | 4.57 cm (1.8 inch) Display | 1000 mAh Battery | 1 year manufacturer Warranty,38
"OPPO A6 Pro 5G (Aurora Gold, 256 GB)","₹29,999","₹34,999",14% off,4.3,108 Ratings & 9 Reviews,8 GB RAM | 256 GB ROM | 17.14 cm (6.75 inches) HD+ Display | 50MP + 2MP | Yes | 7000 mAh Battery | Dimensity 6300 Processor | 1 Year Manufacturer Warranty for Device and 6 Months Manufacturer Warranty for Inbox Accessories,38
Kechaoda K9,"₹1,249","₹1,700",26% off,4.1,"3,782 Ratings & 305 Reviews",32 MB RAM | 64 MB ROM | Expandable Upto 16 GB | 6.1 cm (2.4 inch) QVGA Display | 0.3MP Rear Camera | 1700 mAh Battery | 3 Months Company Warranty,38
"Samsung Galaxy S26 5G (Black, 256 GB)","₹79,999","₹87,999",9% off,4.5,156 Ratings & 26 Reviews,12 GB RAM | 256 GB ROM | 16.0 cm (6.3 inch) Full HD+ Display | 50MP + 12MP | 12MP Front Camera | 4300 mAh Li-ion Battery | 2600 Processor | 1 Year Manufacturer Warranty for Device and 6 Months for In-Box Accessories,38
"vivo V70 Elite (Sand Beige, 256 GB)","₹54,999",,,4.6,531 Ratings & 67 Reviews,8 GB RAM | 256 GB ROM | 16.74 cm (6.59 inches) Full HD+ AMOLED Display | 50MP + 50MP + 8MP | Yes | 6500 mAh Li-ion battery Battery | Snapdragon 8s Gen 3 Processor | 1 Year Warranty on Handset and 6 Months Warranty on Accessories,38
"vivo V70 Elite (Authentic Black, 256 GB)","₹54,999",,,4.6,531 Ratings & 67 Reviews,8 GB RAM | 256 GB ROM | 16.74 cm (6.59 inches) Full HD+ AMOLED Display | 50MP + 50MP + 8MP | Yes | 6500 mAh Li-ion battery Battery | Snapdragon 8s Gen 3 Processor | 1 Year Warranty on Handset and 6 Months Warranty on Accessories,38
"Samsung Galaxy S26 Ultra 5G (Black, 256 GB)","₹1,27,999","₹1,39,999",8% off,4.6,419 Ratings & 84 Reviews,12 GB RAM | 256 GB ROM | 17.53 cm (6.9 inch) Quad HD+ Display | 200MP + 50MP | 12MP Front Camera | 5000 mAh Li-ion Battery | Snapdragon 8 Elite Gen 5 Processor | 1 Year Manufacturer Warranty for Device and 6 Months for In-Box Accessories,38
"realme 15x 5G (Marine Blue, 256 GB)","₹27,999","₹33,999",17% off,4.3,"3,370 Ratings & 240 Reviews",8 GB RAM | 256 GB ROM | Expandable Upto 2 TB | 17.27 cm (6.8 inch) Display | 50MP Rear Camera | 50MP Front Camera | 7000 mAh Battery | Dimensity 6300 6nm Octa-core chipset Processor | 1 Year Manufacturer Warranty for Device and 6 Months Manufacturer Warranty for Inbox Accessories,39
"Peace MINI 4 (Silver, 32 GB)","₹5,499","₹5,999",8% off,3.5,340 Ratings & 19 Reviews,3 GB RAM | 32 GB ROM | 9.53 cm (3.75 inch) Display | 8MP Rear Camera | 2000 mAh Battery | 1 Year Company Service Center Warranty,39
MOTOROLA A50G Dual Sim Keypad Phone|1750 mAh Battery|1.8inch Display|Expandable Upto 32GB,"₹1,154","₹1,799",35% off,4.1,986 Ratings & 60 Reviews,4 MB RAM | 4 MB ROM | Expandable Upto 32 GB | 4.57 cm (1.8 inch) Quarter QVGA Display | 1750 mAh Battery | 2 Year Replacement,39
"realme 15x 5G (Marine Blue, 128 GB)","₹25,999","₹30,999",16% off,4.3,"3,370 Ratings & 240 Reviews",8 GB RAM | 128 GB ROM | Expandable Upto 2 TB | 17.27 cm (6.8 inch) Display | 50MP Rear Camera | 50MP Front Camera | 7000 mAh Battery | Dimensity 6300 6nm Octa-core chipset Processor | 1 Year Manufacturer Warranty for Device and 6 Months Manufacturer Warranty for Inbox Accessories,39
"vivo T5x 5G (Cyber Green, 128 GB)","₹22,999","₹28,999",20% off,4.4,"5,072 Ratings & 344 Reviews",6 GB RAM | 128 GB ROM | 17.17 cm (6.76 inch) Display | 50MP + 2MP | 32MP Front Camera | 7200 mAh Li-ion Battery | Dimensity 7400-Turbo Processor | 1 Year Manufacturer Warranty for Device and 6 Months Manufacturer Warranty for Inbox Accessories,39
"Tecno Spark 50 5G (Fantasy Purple, 128 GB)","₹18,499","₹27,999",33% off,4.2,20 Ratings & 3 Reviews,4 GB RAM | 128 GB ROM | 17.22 cm (6.78 inch) Display | 50MP Rear Camera | 8MP Front Camera | 6500 mAh Lithium Polymer Battery | Dimensity 6400 Processor | 1 Year Manufacturer Warranty for Phone,39
itel It9120,"₹2,200","₹2,499",11% off,4,23 Ratings & 3 Reviews,64 MB RAM | 128 MB ROM | 6.1 cm (2.4 inch) Display | 0.3MP Rear Camera | 1200 mAh Battery | 1 Year Warranty,39
"Tecno Spark 50 5G (Ink Black, 128 GB)","₹18,499","₹27,999",33% off,4.2,20 Ratings & 3 Reviews,4 GB RAM | 128 GB ROM | 17.22 cm (6.78 inch) Display | 50MP Rear Camera | 8MP Front Camera | 6500 mAh Lithium Polymer Battery | Dimensity 6400 Processor | 1 Year Manufacturer Warranty for Phone,39
"REDMI Note-14 Pro+ 5G (Spectre Blue, 256 GB)","₹30,999","₹36,999",16% off,4.4,697 Ratings & 37 Reviews,8 GB RAM | 256 GB ROM | 16.94 cm (6.67 inch) Display | 50MP + 50MP + 8MP | 20MP Front Camera | 6200 mAh Battery | 7s Gen 3 Processor | 1 Year Manufacturer Warranty for Phone and 6 Months Warranty for In the Box Accessories,39
Kechaoda K28,"₹1,249","₹1,499",16% off,4,"5,445 Ratings & 392 Reviews",32 MB RAM | 64 MB ROM | Expandable Upto 64 MB | 6.1 cm (2.4 inch) NA Display | 0.3MP + 0MP | 1700 mAh Battery | NA Processor | 3 Months Company Warranty,39
Jmax Prime1,₹899,"₹1,999",55% off,3.8,196 Ratings & 19 Reviews,32 MB RAM | 32 MB ROM | 6.1 cm (2.4 inch) Display | 1.3MP Rear Camera | 2250 mAh Battery | 1 Year Domestic Warranty 7698174900,39
Nokia 106DS 2023,"₹1,849","₹1,899",2% off,3.7,47 Ratings & 5 Reviews,4 MB RAM | 4 MB ROM | 4.57 cm (1.8 inch) Display | 1000 mAh Battery | No Warranty on this Product,39
KARBONN K531 Dual Sim Keypad Phone|1750 mAh Battery|0.3MP Camera|Expandable Upto 32 GB,"₹1,398","₹1,799",22% off,3.9,"2,015 Ratings & 126 Reviews",32 MB RAM | 32 MB ROM | 6.1 cm (2.4 inch) QVGA Display | 2MP Rear Camera | 1800 mAh Battery | 1 Year Company Domestic Warranty by Company Authorized Service Center.,39
"Samsung Galaxy M16 5G (Mint Green, 128 GB)","₹17,499",,,4.2,"1,382 Ratings & 70 Reviews",6 GB RAM | 128 GB ROM | 17.02 cm (6.7 inch) Display | 50MP Rear Camera | 5000 mAh Battery | 1 Year Manufacturer Warranty for Phone and 6 Months Warranty for In the Box Accessories,39
FONEME FM2,₹579,₹999,42% off,3.5,"4,014 Ratings & 167 Reviews",512 MB RAM | 512 MB ROM | Expandable Upto 32 GB | 4.57 cm (1.8 inch) NA Display | 0.3MP Rear Camera | 1000 mAh Battery | 7 DAYS REPLACEMENT WARRANTY,39
"OPPO F27 Pro+ (Midnight Navy, 256 GB)","₹34,999",,,4.3,"13,759 Ratings & 625 Reviews",8 GB RAM | 256 GB ROM | 17.02 cm (6.7 inch) Full HD+ Display | 64MP + 2MP | 8MP Front Camera | 5000 mAh Battery | Dimensity 7050 Processor | 1 Year Manufacturer Warranty for Device and 6 Months Manufacturer Warranty for Inbox Accessories,39
LAVA A9,"₹1,899",,,4.1,"8,552 Ratings & 801 Reviews",24 MB RAM | 32 MB ROM | Expandable Upto 32 GB | 7.11 cm (2.8 inch) QVGA Display | 1.3MP Rear Camera | 1700 mAh Lithium-ion Battery | 1 Year Manufacturer Replacement Guarantee for Phone and 6 Months Replacement for Accessories in the Box,39
itel Circle 1,"₹1,891","₹1,899",,4,"2,506 Ratings & 108 Reviews",32 GB RAM | 32 GB ROM | Expandable Upto 32 GB | 3.35 cm (1.32 inch) Display | 0.3MP Rear Camera | 500 mAh Battery | 1 year manufacturer Warranty,39
Snexian ROCK FOLD MINI,"₹2,081","₹2,999",30% off,3.6,172 Ratings & 11 Reviews,32 MB RAM | 32 MB ROM | Expandable Upto 16 GB | 7.11 cm (2.8 inch) Quarter QVGA Display | 0.3MP Rear Camera | 2500 mAh Battery | 3 Months Domestic Warranty,39
Good One Magic,"₹1,611","₹2,299",29% off,3.9,"4,340 Ratings & 340 Reviews",32 MB RAM | 32 MB ROM | 4.32 cm (1.7 inch) Display | 2MP Rear Camera | 1050 mAh Battery | 1 Year,39
Geotel K9 Flip,"₹1,485","₹1,999",25% off,3.9,"1,145 Ratings & 59 Reviews",32 MB RAM | 32 MB ROM | Expandable Upto 8 GB | 4.32 cm (1.7 inch) QVGA Display | 2MP + 0MP | 0MP Front Camera | 1200 mAh Battery | Feature Phone Processor | 1 Year For Handset and 1 month for box accessories,39
"OPPO F27 Pro+ (Dusk Pink, 128 GB)","₹32,999",,,4.3,"13,759 Ratings & 625 Reviews",8 GB RAM | 128 GB ROM | 17.02 cm (6.7 inch) Full HD+ Display | 64MP + 2MP | 8MP Front Camera | 5000 mAh Battery | Dimensity 7050 Processor | 1 Year Manufacturer Warranty for Device and 6 Months Manufacturer Warranty for Inbox Accessories,39
Jmax PRO,₹499,₹999,50% off,3.2,35 Ratings & 7 Reviews,32 MB RAM | 32 MB ROM | Expandable Upto 16 GB | 4.57 cm (1.8 inch) NA Display | 2MP + 2MP | 0MP Front Camera | 1150 mAh Battery | No Processor | 1 Year manufacturer Warranty,39
"Tecno Spark 50 5G (Ink Black, 128 GB)","₹20,499","₹31,999",35% off,4.2,21 Ratings & 0 Reviews,6 GB RAM | 128 GB ROM | 17.22 cm (6.78 inch) Display | 50MP Rear Camera | 8MP Front Camera | 6500 mAh Lithium Polymer Battery | Dimensity 6400 Processor | 1 Year Manufacturer Warranty for Phone,39
"vivo T5x 5G (Cyber Green, 128 GB)","₹22,999","₹28,999",20% off,4.4,"5,072 Ratings & 344 Reviews",6 GB RAM | 128 GB ROM | 17.17 cm (6.76 inch) Display | 50MP + 2MP | 32MP Front Camera | 7200 mAh Li-ion Battery | Dimensity 7400-Turbo Processor | 1 Year Manufacturer Warranty for Device and 6 Months Manufacturer Warranty for Inbox Accessories,40
Gamma M25,"₹1,619","₹2,999",46% off,4.5,15 Ratings & 9 Reviews,32 MB RAM | 32 MB ROM | 4.5 cm (1.77 inch) Display | 2MP Rear Camera | 1000 mAh Battery | No Warranty,40
"Tecno Spark 50 5G (Champagne Gold, 128 GB)","₹20,499","₹31,999",35% off,4.2,21 Ratings & 0 Reviews,6 GB RAM | 128 GB ROM | 17.22 cm (6.78 inch) Display | 50MP Rear Camera | 8MP Front Camera | 6500 mAh Lithium Polymer Battery | Dimensity 6400 Processor | 1 Year Manufacturer Warranty for Phone,40
"Tecno Spark 50 5G (Fantasy Purple, 128 GB)","₹20,499","₹31,999",35% off,4.2,21 Ratings & 0 Reviews,6 GB RAM | 128 GB ROM | 17.22 cm (6.78 inch) Display | 50MP Rear Camera | 8MP Front Camera | 6500 mAh Lithium Polymer Battery | Dimensity 6400 Processor | 1 Year Manufacturer Warranty for Phone,40
"Samsung Galaxy S25 Edge 5G (Titanium Silver, 256 GB)","₹69,999","₹1,09,999",36% off,4.6,68 Ratings & 5 Reviews,12 GB RAM | 256 GB ROM | 16.91 cm (6.657 inch) Quad HD+ Display | 200MP + 12MP | 12MP Front Camera | 3900 mAh Battery | Qualcomm Snapdragon 8 Elite for Galaxy Processor | 1 Year Manufacturer Warranty for Device and 6 Months for In-Box Accessories,40
"Infinix HOT 60i 5G (Monsoon Green, 128 GB)","₹14,999","₹15,999",6% off,4.3,"1,459 Ratings & 123 Reviews",4 GB RAM | 128 GB ROM | 17.14 cm (6.75 inch) HD+ Display | 50MP Rear Camera | 5MP Front Camera | 6000 mAh Battery | Dimensity 6400 Processor | 1 Year Manufacturer Warranty for Device and 6 Months Manufacturer Warranty for Inbox Accessories,40
"REDMI Note 14 Pro+ 5G (Spectre Blue, 128 GB)","₹28,999","₹34,999",17% off,4.4,"3,244 Ratings & 264 Reviews",8 GB RAM | 128 GB ROM | 16.94 cm (6.67 inch) Display | 50MP + 50MP + 8MP | 20MP Front Camera | 6200 mAh Battery | 7s Gen 3 Processor | 1 Year Manufacturer Warranty for Phone and 6 Months Warranty for In the Box Accessories,40
"Google Pixel 10 Pro (Jade, 256 GB)","₹1,09,999",,,4.6,433 Ratings & 42 Reviews,16 GB RAM | 256 GB ROM | 16.0 cm (6.3 inch) Quad HD+ Display | 48MP + 48MP + 48MP | 42MP Front Camera | 4870 mAh Battery | Tensor G5 Processor | 1 Year Domestic Warranty,40
"Samsung Galaxy A17 5G Charger in the Box (Blue, 256 GB)","₹26,880","₹27,800",3% off,4.3,962 Ratings & 71 Reviews,8 GB RAM | 256 GB ROM | Expandable Upto 2 TB | 17.02 cm (6.7 inch) Full HD+ Display | 50MP + 5MP + 2MP | 13MP Front Camera | 5000 mAh Battery | Samsung Exynos 1330 Processor | 1 Year Manufacturer Warranty for Device and 6 Months for In-Box Accessories,40
itel Circle 1,"₹1,891","₹1,899",,4,"2,506 Ratings & 108 Reviews",32 GB RAM | 32 GB ROM | Expandable Upto 32 GB | 3.35 cm (1.32 inch) Display | 0.3MP Rear Camera | 500 mAh Battery | 1 year,40
"Samsung Galaxy A34 5G (Awesome Lime, 128 GB)","₹35,499",,,4.3,"7,165 Ratings & 567 Reviews","8 GB RAM | 128 GB ROM | Expandable Upto 1 TB | 16.76 cm (6.6 inch) Full HD+ Display | 48MP + 8MP + 5MP | 13MP Front Camera | 5000 mAh Li-ion Battery Battery | Dimensity 1080, Octa Core Processor | 1 year manufacturer warranty for device and 6 months manufacturer warranty for in-box accessories",40
"OPPO F33 Pro 5G (Misty Forest, 256 GB)","₹40,999","₹58,999",30% off,4.3,26 Ratings & 18 Reviews,8 GB RAM | 256 GB ROM | 16.69 cm (6.57 inch) Full HD+ AMOLED Display | 50MP + 2MP | 50MP Front Camera | 7000 mAh lithium-ion polymer Battery | Dimensity 6360 MAX Processor | 1 Year Manufacturer Warranty for Device and 6 Months Manufacturer Warranty for Inbox Accessories,40
"IQOO Z10R 5G (Moonstone, 256 GB)","₹27,499",,,4.3,809 Ratings & 54 Reviews,12 GB RAM | 256 GB ROM | 17.2 cm (6.77 inch) Display | 50MP Rear Camera | 5700 mAh Battery | 1 Year Warranty,40
"Tecno Spark 50 5G (Champagne Gold, 128 GB)","₹18,499","₹27,999",33% off,4.2,20 Ratings & 3 Reviews,4 GB RAM | 128 GB ROM | 17.22 cm (6.78 inch) Display | 50MP Rear Camera | 8MP Front Camera | 6500 mAh Lithium Polymer Battery | Dimensity 6400 Processor | 1 Year Manufacturer Warranty for Phone,40
"OPPO F31 5G (Bloom Red, 256 GB)","₹28,999","₹29,999",3% off,4.3,"1,954 Ratings & 103 Reviews",8 GB RAM | 256 GB ROM | 16.69 cm (6.57 inch) Full HD+ Display | 50MP + 2MP | 16MP Front Camera | 7000 mAh Battery | Dimensity 6300 Processor | 1 Year brand warranty,40
"realme GT 8 Pro (Urban Blue, 256 GB)","₹72,999","₹79,999",8% off,4.3,59 Ratings & 5 Reviews,12 GB RAM | 256 GB ROM | 17.25 cm (6.79 inch) Quad HD+ Display | 50MP + 50MP + 200MP | 32MP Front Camera | 7000 mAh Battery | 8 Elite Gen 5 Processor | 1 Year Manufacturer Warranty for Phone and 6 Months Warranty for In-Box Accessories,40
"REDMI Note-14 Pro+ 5G (Titan Black, 256 GB)","₹29,390","₹36,999",20% off,4.4,697 Ratings & 37 Reviews,8 GB RAM | 256 GB ROM | 16.94 cm (6.67 inch) Display | 50MP + 50MP + 8MP | 20MP Front Camera | 6200 mAh Battery | 7s Gen 3 Processor | 1 Year Manufacturer Warranty for Phone and 6 Months Warranty for In the Box Accessories,40
"Motorola G34 5G (Ocean Green, 128 GB)","₹14,999",,,4.2,"1,43,301 Ratings & 9,790 Reviews",8 GB RAM | 128 GB ROM | 16.51 cm (6.5 inch) HD+ Display | 50MP + 2MP | 16MP Front Camera | 5000 mAh Battery | Snapdragon 695 5G Processor | Vegan Leather Design | 1 Year on Handset and 6 Months on Accessories,40
KARBONN K-Phone 1 DS Feature Phone|1400 mAh Battery|1.3MP Camera|Expandable Upto 32 GB,"₹1,220","₹1,599",23% off,4.1,108 Ratings & 3 Reviews,20 MB RAM | 20 MB ROM | Expandable Upto 8 MB | 6.1 cm (2.4 inch) QVGA Display | 1.3MP Rear Camera | 1400 mAh Battery | 1 Year Manufacturer Warranty,40
Good One Magic,"₹1,499","₹2,299",34% off,3.9,"4,340 Ratings & 340 Reviews",32 MB RAM | 32 MB ROM | 4.32 cm (1.7 inch) Display | 2MP Rear Camera | 1050 mAh Battery | 1 Year,40
"realme 15 5G (Silk Pink, 128 GB)","₹29,999",,,4.4,"10,790 Ratings & 895 Reviews",8 GB RAM | 128 GB ROM | 17.27 cm (6.8 inch) Display | 50MP + 8MP | 50MP Front Camera | 7000 mAh Battery | Mediatek Dimensity 7300+ 5G Processor | 1 Year Manufacturer Warranty for Device and 6 Months Manufacturer Warranty for Inbox Accessories,40
HOTLINE H310,₹500,₹999,49% off,3.5,"7,816 Ratings & 497 Reviews",32 MB RAM | 32 MB ROM | 4.57 cm (1.8 inch) Display | 0.3MP Rear Camera | 1000 mAh Battery | No Warranty,40
"OPPO Reno15 Pro 5G (Sunset Gold, 256 GB)","₹67,999","₹74,999",9% off,4.6,111 Ratings & 13 Reviews,12 GB RAM | 256 GB ROM | 17.22 cm (6.78 inch) Full HD+ Display | 200MP + 50MP + 50MP | Yes | 6500 mAh Battery | Dimensity 8450 Processor | 1 Year Manufacturer Warranty for Device and 6 Months Manufacturer Warranty for Inbox Accessories,40
"KARBONN K9 Sleek,Dual SIM,Keypad Mobile,2.4""Corved Glass,1750mAh Battery,Expandable,32GB","₹1,349","₹1,899",28% off,3.9,438 Ratings & 30 Reviews,52 MB RAM | 65 MB ROM | Expandable Upto 32 GB | 6.1 cm (2.4 inch) FWVGA Display | 0.3MP Rear Camera | 1750 mAh Battery | NA Processor | 1 Year Service Repairing,40
"realme P4 Power 5G (TransSilver, 128 GB)","₹27,999","₹32,999",15% off,4.5,"3,759 Ratings & 340 Reviews",8 GB RAM | 128 GB ROM | 17.27 cm (6.8 inch) Full HD+ AMOLED Display | 50MP + 8MP | Yes | 10001 mAh Battery | Dimensity 7400 Ultra Processor | 1 Year Manufacturer Warranty for Device and 6 Months Manufacturer Warranty for Inbox Accessories,41
"vivo T5x 5G (Cyber Green, 128 GB)","₹22,999","₹28,999",20% off,4.4,"5,072 Ratings & 344 Reviews",6 GB RAM | 128 GB ROM | 17.17 cm (6.76 inch) Display | 50MP + 2MP | 32MP Front Camera | 7200 mAh Li-ion Battery | Dimensity 7400-Turbo Processor | 1 Year Manufacturer Warranty for Device and 6 Months Manufacturer Warranty for Inbox Accessories,41
"POCO M7 5G  - Locked with Airtel Prepaid (Mint Green, 128 GB)","₹12,999",,,4.1,"77,088 Ratings & 3,683 Reviews",6 GB RAM | 128 GB ROM | Expandable Upto 1 TB | 17.48 cm (6.88 inch) HD+ Display | 50MP Rear Camera | 8MP Front Camera | 5160 mAh Battery | 4 Gen 2 5G Processor | 1 Year Manufacturer Warranty for Phone and 6 Months Warranty for In the Box Accessories,41
hmd 100 SS (Grey),₹954,"₹1,099",13% off,4,18 Ratings & 1 Reviews,4 MB RAM | 4 MB ROM | 4.5 cm (1.77 inch) Display | 800 mAh Battery | 1 year Replacement,41
MOTOROLA A50G Dual Sim Keypad Phone|1750 mAh Battery|1.8inch Display|Expandable Upto 32GB,"₹1,168","₹1,649",29% off,4.1,986 Ratings & 60 Reviews,4 MB RAM | 4 MB ROM | Expandable Upto 32 GB | 4.57 cm (1.8 inch) Quarter QVGA Display | 1750 mAh Battery | 2 Year Replacement,41
"Samsung Galaxy S25 Edge 5G (Titanium Jetblack, 256 GB)","₹69,999","₹1,09,999",36% off,4.6,68 Ratings & 5 Reviews,12 GB RAM | 256 GB ROM | 16.91 cm (6.657 inch) Quad HD+ Display | 200MP + 12MP | 12MP Front Camera | 3900 mAh Battery | Qualcomm Snapdragon 8 Elite for Galaxy Processor | 1 Year Manufacturer Warranty for Device and 6 Months for In-Box Accessories,41
"Samsung Galaxy S26 Ultra 5G (Cobalt Violet, 256 GB)","₹1,27,999","₹1,39,999",8% off,4.6,419 Ratings & 84 Reviews,12 GB RAM | 256 GB ROM | 17.53 cm (6.9 inch) Quad HD+ Display | 200MP + 50MP | 12MP Front Camera | 5000 mAh Li-ion Battery | Snapdragon 8 Elite Gen 5 Processor | 1 Year Manufacturer Warranty for Device and 6 Months for In-Box Accessories,41
"LAVA Storm Play 5G (Frosty Blue, 256 GB)","₹16,990","₹18,999",10% off,4,18 Ratings & 2 Reviews,8 GB RAM | 256 GB ROM | 17.02 cm (6.7 inch) Display | 50MP Rear Camera | 5000 mAh Battery | 1 Year Handset Warranty and 6 Months Warranty on Accessories,41
"OPPO Reno15 5G (Twilight Blue, 256 GB)","₹50,999","₹54,999",7% off,4.5,316 Ratings & 21 Reviews,12 GB RAM | 256 GB ROM | 16.74 cm (6.59 inch) Full HD+ Display | 50MP + 50MP + 8MP | Yes | 6500 mAh Battery | 7 Gen 4 Processor | 1 Year Manufacturer Warranty for Device and 6 Months Manufacturer Warranty for Inbox Accessories,41
"realme 16 5G (Air White, 256 GB)","₹33,999","₹44,999",24% off,4,346 Ratings & 44 Reviews,8 GB RAM | 256 GB ROM | 16.69 cm (6.57 inch) Full HD+ AMOLED Display | 50MP + 2MP | 50MP Front Camera | 7000 mAh Battery | Dimensity 6400 Turbo Processor | 1 Year Manufacturer Warranty for Device and 6 Months Manufacturer Warranty for Inbox Accessories,41
"vivo Y05 (Champagne Gold, 64 GB)","₹12,999","₹22,999",43% off,,,4 GB RAM | 64 GB ROM | Expandable Upto 2 TB | 17.12 cm (6.74 inch) HD+ Display | 8MP Rear Camera | 5MP Front Camera | 6500 mAh Li-ion Battery | T7225 Processor | 1 Year Warranty,41
"Samsung Galaxy S26 5G (White, 256 GB)","₹79,999","₹87,999",9% off,4.5,156 Ratings & 26 Reviews,12 GB RAM | 256 GB ROM | 16.0 cm (6.3 inch) Full HD+ Display | 50MP + 12MP | 12MP Front Camera | 4300 mAh Li-ion Battery | 2600 Processor | 1 Year Manufacturer Warranty for Device and 6 Months for In-Box Accessories,41
"vivo V70 Elite (Passion Red, 256 GB)","₹59,999",,,4.5,315 Ratings & 37 Reviews,12 GB RAM | 256 GB ROM | 16.74 cm (6.59 inches) Full HD+ AMOLED Display | 50MP + 50MP + 8MP | Yes | 6500 mAh Li-ion battery Battery | Snapdragon 8s Gen 3 Processor | 1 Year Warranty on Handset and 6 Months Warranty on Accessories,41
"Samsung Galaxy F56 5G (Violet, 256 GB)","₹26,480","₹33,999",22% off,4.4,346 Ratings & 20 Reviews,8 GB RAM | 256 GB ROM | 17.02 cm (6.7 inch) Full HD+ Display | 50MP + 8MP + 2MP | 12MP Front Camera | 5000 mAh Battery | Exynos 1480 Processor | 1 Year Manufacturer Warranty for Device and 6 Months for In-Box Accessories,41
"realme Narzo 100 Lite 5G (Thunder Black, 128 GB)","₹17,987","₹31,999",43% off,,,6 GB RAM | 128 GB ROM | 17.27 cm (6.8 inch) Display | 50MP Rear Camera | 7000 mAh Battery | 1 year manufacturer warranty for device and 6 months manufacturer warranty for in-box accessories including batteries from the date of purchase,41
"REDMI 13 5G (Hawaiian Blue, 128 GB)","₹17,609","₹19,999",11% off,4.2,"15,624 Ratings & 812 Reviews",8 GB RAM | 128 GB ROM | 17.25 cm (6.79 inch) Display | 108MP Rear Camera | 5030 mAh Battery | Brand Warranty,41
"Samsung Galaxy S26 Ultra 5G (Cobalt Violet, 512 GB)","₹1,34,801","₹1,59,999",15% off,4.6,419 Ratings & 84 Reviews,12 GB RAM | 512 GB ROM | 17.53 cm (6.9 inch) Quad HD+ Display | 200MP + 50MP | 12MP Front Camera | 5000 mAh Li-ion Battery | Snapdragon 8 Elite Gen 5 Processor | 1 Year Manufacturer Warranty for Device and 6 Months for In-Box Accessories,41
"I Kall King Talking, Contact icon and Auto Call Recording",₹899,"₹1,299",30% off,3.6,"23,743 Ratings & 1,963 Reviews",32 MB RAM | 64 MB ROM | 6.1 cm (2.4 inch) Display | 0.3MP Rear Camera | 1000 mAh Battery | 12 Month Manufacturer Warranty,41
"Samsung Galaxy S24 FE 5G (Mint, 256 GB)","₹45,999","₹65,999",30% off,4.5,"78,184 Ratings & 5,470 Reviews",8 GB RAM | 256 GB ROM | 17.02 cm (6.7 inch) Full HD+ Display | 50MP + 12MP + 8MP | 10MP Front Camera | 4700 mAh Battery | Exynos 2400e Processor | 1 Year Manufacturer Warranty for Device and 6 Months for In-Box Accessories,41
"Samsung Galaxy S24 FE 5G (Blue, 128 GB)","₹39,999","₹59,999",33% off,4.5,"78,184 Ratings & 5,470 Reviews",8 GB RAM | 128 GB ROM | 17.02 cm (6.7 inch) Full HD+ Display | 50MP + 12MP + 8MP | 10MP Front Camera | 4700 mAh Battery | Exynos 2400e Processor | 1 Year Manufacturer Warranty for Device and 6 Months for In-Box Accessories,41
"Samsung Galaxy S24 FE 5G (Graphite, 256 GB)","₹45,999","₹65,999",30% off,4.5,"78,184 Ratings & 5,470 Reviews",8 GB RAM | 256 GB ROM | 17.02 cm (6.7 inch) Full HD+ Display | 50MP + 12MP + 8MP | 10MP Front Camera | 4700 mAh Battery | Exynos 2400e Processor | 1 Year Manufacturer Warranty for Device and 6 Months for In-Box Accessories,41
"LAVA Play Ultra 5G (Arctic Slate, 128 GB)","₹16,999","₹17,999",5% off,3.5,24 Ratings & 5 Reviews,6 GB RAM | 128 GB ROM | 17.02 cm (6.7 inch) Display | 64MP Rear Camera | 5000 mAh Battery | 1 Year Handset Warranty and 6 Months Warranty on Accessories,41
"realme Narzo 80 Pro 5G (Speed Silver, 256 GB)","₹25,800","₹27,999",7% off,4.5,182 Ratings & 20 Reviews,12 GB RAM | 256 GB ROM | 17.2 cm (6.77 inch) Display | 50MP Rear Camera | 6000 mAh Battery | 1 Year Manufacturer Warranty for Phone and 6 Months Warranty for In the Box Accessories,41
"Samsung Galaxy S24 Exynos 5G (Amber Yellow, 512 GB)","₹61,999","₹89,999",31% off,4.5,"6,845 Ratings & 445 Reviews",8 GB RAM | 512 GB ROM | 15.75 cm (6.2 inch) Full HD+ Display | 50MP + 10MP + 12MP | 12MP Front Camera | 4000 mAh Battery | Exynos 2400 Processor | 1 Year Manufacturer Warranty for Device and 6 Months for In-Box Accessories,41
